Date,Close,High,Low,Open,Volume,RSI_14,volatility_20d,SMA_20,SMA_50,EMA_20,BB_upper,BB_lower,MACD,MACD_signal,MACD_hist,momentum_1w,momentum_1m,temperature_2m_max,precipitation_sum,et0_fao_evapotranspiration,weekend_temp_max,weekend_precip_sum,weekend_et0,hot_day,cold_day,dry_day,dry_spell,usd_Open,usd_High,usd_Low,usd_Close,usd_Volume,usd_RSI_14,usd_volatility_20d,usd_Close_lag_1w,usd_Close_lag_1m,usd_log_return_lag_1w,usd_volatility_lag_1w,inf_US_CPI,inf_CPI_MoM_pct,inf_CPI_YoY_pct,cal_is_planting,cal_is_pollination,cal_is_harvest,cal_is_planting_duration,cal_is_pollination_duration,cal_is_harvest_duration,cal_month,cal_week_of_year,cal_sin_month,cal_cos_month,cal_sin_week,cal_cos_week,vix_close,vix_log_return,vix_ma4,vix_regime,currency_adjusted_close,inflation_pressure,close_lag_1,close_lag_2,temp_bio_lag,precip_bio_lag,temp_wavelet_trend,precip_wavelet_trend,BB_upper_adj,BB_lower_adj,volatility,EMA_adj,RSI_adj,rv_5d,rv_10d,rv_20d,rv_ratio,hl_range_pct,hl_range_ma5,hl_range_ma20,hl_expansion,volume_ratio,price_vol_corr,usd_rv_5d,usd_rv_20d,usd_rv_ratio,return_future,target_binary,target_soft,target_reg,target,target_mc_down,target_mc_flat,target_mc_up,target_multiclass
2011-02-14 00:00:00+00:00,695.75,710.5,666.25,674.0,940208,70.9090909090909,0.2640492400541408,667.3375,626.37,668.233280703182,706.2362467664399,628.4387532335601,20.607622355955076,18.620719410248977,1.9869029457060956,0.0311226380140792,0.0828793774319065,-2.130928572285714,2.511428575714283,0.659422521877551,-0.22021424025714303,41.32857243142857,0.5774737625918368,0.0,6.6,1.4,1.4,1.628600001335144,1.6759999990463257,1.610700011253357,1.6154999732971191,0,41.52803617846259,0.3029971814834232,1.6241999864578247,1.6690000295639038,-0.0268497343073122,0.3345845159835044,220.223,0.4763230053974165,1.631846857448771,0,0,0,0,0,0,2,7,0.8660254037844386,0.5000000000000001,0.7485107481711011,0.6631226582407953,15.949999809265137,-0.0204785854790809,17.352500200271606,1.0,1123.9841064214706,-3.1612964361286364,674.75,659.5,-2.5037857065714286,35.131428248571424,7.856111149317757,30.966260379772915,1143.5633725474509,1035.826739018139,26.934158382328004,1092.3488851330121,88.52464464182468,0.217617062418066,0.2612399185032183,0.3724727147295598,0.5842496590215314,0.063600431189364,0.053246200308868896,0.06972242158254753,0.9121946803313161,1.2258228161337974,-0.17395852953481106,0.07995098769528129,0.1969329736133362,0.40598068555270217,0.019490756980589552,1.0,0.5558997998750892,0.019490756980589552,1.0,0.1512875829694115,0.29281261715549933,0.5558997998750892,2.0
2011-03-07 00:00:00+00:00,710.75,734.75,699.75,722.0,71023,54.47761194029851,0.3156142513998339,702.2625,662.955,700.4084802829974,736.1518225693612,668.3731774306389,16.95517844407641,17.681157508980803,-0.7259790649043936,-0.0162629757785467,0.0728301886792452,5.906214257142857,16.937143348571425,1.4434229926938775,1.3676426728571427,50.768571508571426,1.0895662027755102,0.0,5.2,0.2,0.0,1.6574000120162964,1.6612999439239502,1.639899969100952,1.639899969100952,0,40.80221402761593,0.2542456496951646,1.659999966621399,1.6684000492095947,-0.0016252391028025,0.2675922019495125,220.223,0.4763230053974165,1.631846857448771,0,0,0,0,0,0,3,10,1.0,6.123233995736766e-17,0.9350162426854148,0.3546048870425355,20.65999984741211,0.118569861016705,17.84750008583069,1.0,1165.5589030385015,-0.6388469156776665,722.5,709.75,-4.12949991,21.268571297142852,7.364309013160234,29.970729731801516,1222.661905099411,1094.730291317444,31.982903445491754,1155.0232772951138,75.37311147627562,0.19616559808608333,0.2423173561508528,0.3114858410630532,0.6297737037383894,0.049243756595145974,0.05904420570329163,0.06013609173556905,0.8188717787474987,0.10419854574199076,-0.09358673181926344,0.11322451210293256,0.18361899858970163,0.616627401338027,-0.05654667457539697,0.0,0.027190153503116404,-0.05654667457539697,0.0,0.8886805391278448,0.08412930736903876,0.027190153503116404,0.0
2011-03-14 00:00:00+00:00,664.0,712.0,646.25,710.75,153036,45.176110260336905,0.3239134110337092,699.35,668.97,691.0237056136092,739.6679468984339,659.0320531015661,2.3860090545432517,10.813375253950978,-8.427366199407727,-0.0657755891663735,-0.0493915533285611,6.630499977714286,14.522857841428568,1.4711590508571428,4.5483570674285705,37.471430351428566,1.5653300856938777,0.0,5.2,0.0,0.0,1.6500999927520752,1.6656999588012695,1.6394000053405762,1.6561000347137451,0,39.92935913529187,0.2241309703440393,1.639899969100952,1.6641000509262085,-0.0058369736773432,0.2395058810990694,221.309,0.4931365025451439,2.1075846286581656,0,0,0,0,0,0,3,11,1.0,6.123233995736766e-17,0.970941817426052,0.239315664287558,21.1299991607666,0.0224943356045155,19.14249992370605,1.0,1099.6504230499268,-1.076833870279464,710.75,722.5,-2.6430713528571426,14.357142485714279,7.182634694080773,30.454645900809716,1235.8965748320563,1069.3287798990266,41.641948733257486,1132.8741355969744,43.050117192666484,0.30791717600834173,0.2700227667390534,0.3311146999942168,0.9299410950776539,0.0990210843373494,0.07091956002907941,0.061856376721667286,1.6008223173932,0.23815694943848661,-0.3722149598211763,0.11235327497954734,0.18304784563864096,0.6137918119147299,0.038630109581694105,1.0,0.765218384930968,0.038630109581694105,1.0,0.0640735363861724,0.17070807868285953,0.765218384930968,2.0
2011-03-21 00:00:00+00:00,686.5,698.5,608.0,667.25,981197,40.811724915445325,0.4037687641508574,687.8375,672.765,677.7052684167579,750.5818172096479,625.0931827903521,-5.006257153397883,-0.566021702637839,-4.440235450760044,0.0338855421686747,-0.0368291827428972,14.99907158,6.945714304571426,2.157617823469388,6.499785710285714,17.50285754228571,1.673632488387755,0.0,1.2,1.0,0.4,1.6545000076293943,1.6794999837875366,1.6545000076293943,1.663699984550476,0,52.934122161816425,0.1600135747292642,1.6561000347137451,1.6619999408721924,-0.0017495732026631,0.1989117470913253,221.309,0.4931365025451439,2.1075846286581656,0,0,0,0,0,0,3,12,1.0,6.123233995736766e-17,0.992708874098054,0.120536680255323,20.61000061035156,-0.0249173673936325,20.1875,1.0,1142.1300393939018,-0.6680938228114539,664.0,710.75,-6.161642833857143,4.522857287999995,7.138579920932704,29.619046651872683,1235.4444782095784,1067.9001924735671,41.886071434002844,1136.5764971157519,49.03869055567901,0.3233352802219474,0.2725240410310093,0.32613782030967475,0.991406853706403,0.13182811361981064,0.08456509651516872,0.06591421808910217,1.9999948029673773,1.5092765725473025,0.11843256017269838,0.10609951268678186,0.1713402175320365,0.6192329391353458,-0.03068579348890621,0.0,0.09243246817988492,-0.03068579348890621,0.0,0.6866038997758701,0.22096363204424496,0.09243246817988492,0.0
2011-03-28 00:00:00+00:00,671.0,717.25,668.25,686.75,814980,43.71460928652321,0.4172754366642067,684.8,679.73,680.8256497382083,744.9685352287936,624.6314647712063,-0.5254038846608182,-0.869788793843567,0.3443849091827488,-0.0225782957028405,-0.0575842696629212,7.426214231428572,24.151429440571427,2.3259471048979594,13.704785634285715,19.991428845142853,2.280124184795918,0.0,5.4,0.0,0.0,1.659500002861023,1.6641000509262085,1.649899959564209,1.649899959564209,0,48.37277297824411,0.0653334998347845,1.663699984550476,1.662700057029724,-0.0094520920197454,0.1325336416918612,221.309,0.4931365025451439,2.1075846286581656,0,0,0,0,0,0,3,13,1.0,6.123233995736766e-17,1.0,-1.6081226496766366e-16,19.440000534057617,-0.0584435980123154,20.460000038146973,1.0,1107.0828728675842,-1.438345704519684,686.5,664.0,-5.650928378857143,18.631429199428563,7.5622060959877375,28.997910019180438,1190.2506418113899,1066.9604773635674,30.822541111955623,1124.7790474164724,23.969133128636926,0.3315262393295856,0.24234113383388664,0.3316248227780942,0.9997026958214116,0.07302533532041729,0.08937798323406022,0.06725877831945451,1.085736706608121,1.2667675960668423,0.27380863116827625,0.11479634022442507,0.16956152854943843,0.6770187461524734,0.10698396780835329,1.0,0.9900402969600828,0.10698396780835329,1.0,0.0022396391020266405,0.007720063937890598,0.9900402969600828,2.0
2011-04-04 00:00:00+00:00,760.25,765.0,659.25,671.0,781789,74.38665358194308,0.449895773842244,680.875,685.005,692.2938248811989,744.504168253492,617.245831746508,9.369898564274765,1.7858257344774997,7.584072829797263,0.1330104321907601,0.0540727902946274,12.661928531428572,4.425714194285711,2.391372768979592,5.7312142914285715,42.042858577142844,2.2699199746938774,0.0,3.4,0.6000000000000001,0.0,1.6578999757766724,1.6612000465393066,1.5952999591827393,1.6119999885559082,0,25.30344972668655,0.0832170940601447,1.649899959564209,1.649500012397766,-0.0045958048317178,0.0654906880316887,221.309,0.4931365025451439,2.1075846286581656,1,0,0,1,0,0,4,14,0.8660254037844387,-0.4999999999999998,0.992708874098054,-0.1205366802553228,17.5,-0.1051319455749239,19.670000076293945,1.0,1225.5229912996292,-0.9527169857169239,671.0,686.5,-7.356642850042858,14.257142642857138,7.444077592467791,29.839519603565112,1258.9430344461755,1028.2501288593455,57.67322639670748,1165.0766249697606,61.4489739290374,0.46803121245232,0.32676973799435904,0.34729809747802975,1.347635366777597,0.13909898059848733,0.09844345409424213,0.06782308828547248,2.0509086744018883,1.268557868909603,0.12142493446425745,0.09561485786299713,0.17327867639678726,0.5517981458149483,-0.0056875346460453224,0.0,0.26223646360497826,-0.0056875346460453224,0.0,0.38565267919680857,0.35211085719821317,0.26223646360497826,0.0
2011-04-11 00:00:00+00:00,776.0,783.75,751.25,758.25,905295,72.73885350318471,0.4776857643213034,702.85,696.625,721.7288379975208,800.3367602346716,605.3632397653284,23.46830052450389,14.117727172065033,9.350573352438856,0.0207168694508386,0.1770951839211225,19.433357114285712,13.32571443428571,3.3262910983673466,20.091214071428574,12.131428474285709,2.7240265897959186,0.2,0.0,0.0,0.0,1.6052000522613523,1.6146999597549438,1.5638999938964844,1.5702999830245972,0,15.160523239612914,0.0966634028081207,1.6119999885559082,1.659000039100647,-0.0093851138984821,0.0945385317923716,221.309,0.4931365025451439,2.1075846286581656,1,0,0,2,0,0,4,15,0.8660254037844387,-0.4999999999999998,0.970941817426052,-0.2393156642875575,16.59000015258789,-0.053400767529533,18.535000324249268,1.0,1218.5527868270874,-1.431647892393354,760.25,671.0,-0.8737857203,9.811428788571423,8.260021881433003,28.69706211135354,1289.5479754651972,1057.0963697289042,58.11290143407325,1186.4670897126994,79.29537289968559,0.45269176805383504,0.32991286487752275,0.31630524805346905,1.4311863509310074,0.04188144329896907,0.09697099143500673,0.065332007611993,0.6410554094273203,1.4888624562583348,0.13340014502972905,0.11615080879307178,0.17754701267797776,0.6541974460689094,-0.03229871798200379,0.0,0.08588588659730242,-0.03229871798200379,0.0,0.7036908724938415,0.21042324090885603,0.08588588659730242,0.0
2011-04-18 00:00:00+00:00,751.75,775.5,733.75,775.25,944358,71.44772117962466,0.4016384505676981,727.2,705.03,733.2159846283977,805.7991830679379,648.6008169320622,19.11149396831138,18.601480969791883,0.5100129985194961,-0.03125,0.0998536942209218,15.063357108571429,30.13142958571428,3.391216201469388,24.070499732857144,43.74857211999999,3.3186366052653065,0.0,1.2000000000000002,0.0,0.0,1.5779000520706177,1.5968999862670898,1.568600058555603,1.568600058555603,0,25.198288446138637,0.1135258280832814,1.592900037765503,1.6759999990463257,-0.013592877954167,0.1010244828890128,223.467,0.97510720305094,2.6816032642408505,1,0,0,3,0,0,4,16,0.8660254037844387,-0.4999999999999998,0.9350162426854148,-0.3546048870425354,16.959999084472656,0.022057462982255,17.62249994277954,1.0,1179.1950940191746,-2.3343949984676398,776.0,760.25,-0.22021424025714303,41.32857243142857,9.280052710557142,29.668127273201698,1291.2126533379753,1073.9642191687624,54.31210854230325,1183.5582914352888,59.27483442698887,0.4090898545773288,0.3450653656560247,0.3091069075446052,1.3234574555203726,0.05553708014632524,0.0882741905968019,0.0645092331938564,0.8609166283261306,1.5135625660930636,0.16167504119271583,0.09736131837424548,0.16655113290971216,0.5845731027317257,0.009579573386794049,0.0,0.4326563770484408,0.009579573386794049,0.0,0.2263602324727993,0.34098339047875986,0.4326563770484408,2.0
2011-04-25 00:00:00+00:00,762.5,768.0,728.5,752.25,486102,50.86705202312138,0.3711347838977575,738.2875,709.76,737.4295603825434,807.7776119433162,668.7973880566839,14.519882558872268,16.606056208784505,-2.0861736499122365,0.0276280323450135,0.085409252669039,14.17192852857143,47.73999983428571,2.308765214040816,13.202642811428571,72.3828596322857,3.1326114850612248,0.0,1.2,0.0,0.0,1.583199977874756,1.5889999866485596,1.5585999488830566,1.5613000392913818,0,33.52824623316427,0.1294659675796162,1.568600058555603,1.659999966621399,-0.0148075530882458,0.117617359964368,223.467,0.97510720305094,2.6816032642408505,1,0,0,4,0,0,4,17,0.8660254037844387,-0.4999999999999998,0.8854560256532099,-0.4647231720437685,15.770000457763672,-0.072748146379744,16.704999923706055,1.0,1190.4912799596786,-2.45586251187552,751.75,776.0,6.7276430142857135,2.9171428399999955,9.533123039645622,32.423916457658734,1247.7356039060783,1159.1454721467067,22.147532939842854,1186.331486845045,73.68692962822732,0.39758062836011915,0.3421880259894677,0.3020156203476895,1.3164240138909777,0.05180327868852459,0.07226922361054469,0.06425515333595758,0.806211921331078,0.761110051191122,0.1633368767545292,0.08159887425095619,0.14266272394929505,0.5719704928685716,-0.04041171562832746,0.0,0.058934516906151056,-0.04041171562832746,0.0,0.7808430075398277,0.16022247555402122,0.058934516906151056,0.0
2011-05-02 00:00:00+00:00,730.75,771.0,715.5,765.5,559129,38.67334167709637,0.3688903502926554,752.8375,714.365,739.9809663212675,780.3608274265944,725.3141725734056,8.860070681620755,13.073842530232868,-4.213771848612113,-0.0416393442622951,0.0540930400288495,16.031928668571428,51.297144607999996,2.7486662374693878,15.903357257142858,83.4657134722857,2.412538944285714,0.0,0.6000000000000001,0.0,0.0,1.5635000467300415,1.5917999744415283,1.5541000366210938,1.5633000135421753,0,47.84217922259654,0.1358271964594675,1.5613000392913818,1.628499984741211,-0.0049196446666847,0.1298195756983235,223.467,0.97510720305094,2.6816032642408505,1,0,0,5,0,0,5,18,0.4999999999999999,-0.8660254037844387,0.8229838658936565,-0.5680647467311557,15.989999771118164,0.0138540825293554,16.327499866485596,1.0,1142.3814848959446,-1.46707166971941,762.5,751.75,7.699071314285716,19.542856697142852,9.94410589238738,35.71693561989274,1245.7316795159934,1119.5786433349492,31.538259045261018,1168.7514860654032,10.683601248493545,0.4116727738310904,0.35591488201061217,0.29268628206763403,1.4065324717563505,0.0759493670886076,0.07285402996418275,0.0648148989611398,1.171788533007792,0.8426928147622471,0.19556278664026439,0.093338050477471,0.12235098618914447,0.7628711934080057,-0.01365931999535841,0.0,0.19263696774083536,-0.01365931999535841,0.0,0.48324777256322204,0.32411525969594257,0.19263696774083536,0.0
2011-05-09 00:00:00+00:00,704.5,738.5,677.5,735.5,44467,39.93610223642172,0.3488085418020296,738.875,715.545,726.6533195988847,785.7913589469812,691.9586410530188,-3.980952229487116,4.277970480151158,-8.258922709638274,-0.0359219979473144,-0.0718050065876152,20.381928428571428,13.482857534285712,3.962087797959183,18.982643014285713,91.06571749999999,3.239308093673469,0.4,0.0,0.0,0.0,1.583799958229065,1.6259000301361084,1.5765000581741333,1.5994000434875488,0,52.826102167535694,0.1516538844413892,1.5633000135421753,1.6146999597549438,-0.0146052899079195,0.141959626629548,223.467,0.97510720305094,2.6816032642408505,1,0,0,6,0,0,5,19,0.4999999999999999,-0.8660254037844387,0.7485107481711013,-0.663122658240795,17.15999984741211,0.0706175726359461,16.46999979019165,1.0,1126.7773306369781,-2.43563619384289,730.75,762.5,1.3676426728571427,50.768571508571426,10.527237319606629,39.287824773448044,1219.8444188695703,1099.5781758863177,30.06656074581317,1151.9618238940325,9.877066069209405,0.14781683486014968,0.33691288370489975,0.2940502205053745,0.5026924638219182,0.08658623136976579,0.062351480118438454,0.06643361836949466,1.303349425507593,0.06953925765313693,0.24705631759995497,0.12595491096754957,0.1254871636439208,1.0037273715715045,0.012472427893388094,0.0,0.4684473329143561,0.012472427893388094,0.0,0.20203538570363433,0.3295172813820096,0.4684473329143561,2.0
2011-05-16 00:00:00+00:00,697.5,720.5,659.25,704.0,265942,36.47984267453294,0.4058242242149507,721.4875,711.9,710.8285647209702,781.2031584860356,661.7718415139643,-11.472383311077463,-5.436613558427198,-6.035769752650267,-0.0099361249112845,-0.0752403049386808,20.97478582857143,27.025715134285715,4.193136639102041,21.476928485714286,33.128572885714284,3.9644598981836734,0.6,0.2,0.0,0.0,1.6083999872207642,1.6377999782562256,1.5987000465393066,1.635599970817566,0,64.95556715352652,0.1534517041161509,1.5994000434875488,1.5920000076293943,-0.0158792296761344,0.159943215130221,224.906,0.6439429535457064,3.1636308592764677,1,0,0,7,0,0,5,20,0.4999999999999999,-0.8660254037844387,0.6631226582407952,-0.7485107481711012,18.239999771118164,0.061035886930091,16.789999961853027,1.0,1140.8309796452522,-2.2318659211591463,704.5,730.75,4.5483570674285705,37.471430351428566,11.233669007742607,38.89045368391683,1205.7486904584212,1094.4918471105057,27.81421083697887,1147.5094861945204,28.462562147043258,0.1745817548523208,0.33416208780950035,0.2884608434109997,0.6052181874522028,0.08781362007168458,0.07153791547298154,0.06911767604922678,1.27049421199,0.41781367918673185,0.23577311208799365,0.09638883623396503,0.12889405138132887,0.7478144082123521,0.06494319960522676,1.0,0.9239424840597015,0.06494319960522676,1.0,0.018036441125493095,0.05802107481480545,0.9239424840597015,2.0
2011-05-23 00:00:00+00:00,754.0,775.0,695.5,697.5,773663,58.12064965197216,0.453277717246109,721.4125,717.735,725.398109590588,781.6342994714433,661.1907005285567,4.131111640627751,-2.1177420268379343,6.248853667465685,0.0810035842293905,0.0227195659545609,22.12621437142857,30.02571481571428,3.40923817922449,15.327642857142857,65.04857289142856,3.7994498516122452,0.0,0.0,0.0,0.0,1.6296000480651855,1.6368999481201172,1.6024999618530271,1.611299991607666,0,60.38185427571378,0.143411451124137,1.635599970817566,1.569000005722046,0.0117463610937518,0.1482505568429624,224.906,0.6439429535457064,3.1636308592764677,1,0,0,8,0,0,5,21,0.4999999999999999,-0.8660254037844387,0.5680647467311558,-0.8229838658936564,18.270000457763672,0.0016434233475588,17.414999961853027,1.0,1214.9201936721802,0.5306931558294736,697.5,704.5,6.499785710285714,17.50285754228571,11.497796352865205,40.57807427794985,1235.7335534959764,1076.7214409292012,39.75302814169384,1174.4737691855846,58.043403958370476,0.2773297006708936,0.3308880911651725,0.2939499055460504,0.9434590248332524,0.10543766578249338,0.08151803260021519,0.07265708552690907,1.4511681896703923,1.1845797304534815,0.29504936246288105,0.12094933838524599,0.10821587138743408,1.11766717449007,-0.004645259570099425,0.0,0.2724429901040798,-0.004645259570099425,0.0,0.3733815458222658,0.3541754640736544,0.2724429901040798,0.0
2011-05-30 00:00:00+00:00,758.5,759.0,726.75,754.25,539697,64.3236074270557,0.435596598640783,720.6125,726.065,732.1504467786312,778.136974196456,663.0880258035439,7.289749672652988,2.5669428773321794,4.722806795320809,-0.0013166556945358,0.0491009681881051,23.046214257142857,44.55714328571428,3.4592359341224492,25.180499985714285,64.76000083142857,3.529040167142857,1.4,0.0,0.0,0.0,1.628999948501587,1.6373000144958496,1.5894999504089355,1.5943000316619873,0,42.75958152972253,0.1478249491214042,1.611299991607666,1.586300015449524,-0.0028508001586539,0.1423367337954305,224.906,0.6439429535457064,3.1636308592764677,1,0,0,9,0,0,5,22,0.4999999999999999,-0.8660254037844387,0.464723172043769,-0.8854560256532096,15.979999542236328,-0.1339224837533067,17.41249990463257,1.0,1209.2765740156174,-0.9290229694110964,754.0,697.5,13.704785634285715,19.991428845142853,12.380551425952243,42.13819857172267,1264.1993854168124,1081.7031535682015,45.624057962152776,1188.3948911175978,80.57624079371703,0.27873053603538206,0.324295746801954,0.29315568350438176,0.9507935278467171,0.042518127883981544,0.07966100243930656,0.07243538071847223,0.5869800309248379,0.8464435840725181,0.2195098988448732,0.1286327579353447,0.10731302149226637,1.1986685693863262,-0.05037308704188226,0.0,0.03666232451373999,-0.05037308704188226,0.0,0.8542902467812182,0.10904742870504178,0.03666232451373999,0.0
2011-06-06 00:00:00+00:00,732.0,770.0,731.5,749.0,709128,59.53038674033149,0.3854610077537101,730.3375,732.43,739.5349762697157,791.0658153847817,669.6091846152183,7.915679996769427,6.763521224284485,1.1521587724849418,-0.034937376400791,0.0382978723404254,29.0919286,23.265714182857142,5.105055527183674,25.846928471428573,73.0685718342857,3.6859358602448977,2.6,0.0,0.0,0.0,1.5835000276565552,1.593000054359436,1.5408999919891355,1.5687999725341797,0,29.3057704183298,0.1418359767145422,1.5943000316619873,1.625,-0.0174101248967101,0.1484132604914761,224.906,0.6439429535457064,3.1636308592764677,1,0,0,10,0,0,6,23,1.2246467991473532e-16,-1.0,0.3546048870425358,-0.9350162426854148,18.489999771118164,0.14589212132826,17.744999885559082,1.0,1148.3615798950195,-2.3849554432167164,758.5,754.0,5.7312142914285715,42.042858577142844,13.249349945015233,44.13370652414609,1256.6698636511805,1100.024799962854,39.16126592208165,1172.3815666285664,56.97609670663354,0.3014376965175896,0.34073722680388774,0.28777623966039806,1.0474724612379003,0.05259562841530055,0.07499025470464517,0.0716547575149598,0.734014361351739,1.113072283114459,0.19380286386939105,0.14494881327218062,0.10873234957087971,1.3330788906286208,0.08670563197706604,1.0,0.973019286266964,0.08670563197706604,1.0,0.006149099186624772,0.020831614546411248,0.973019286266964,2.0
2011-06-13 00:00:00+00:00,782.5,799.75,729.25,732.0,959985,58.38235294117647,0.3406161916000688,751.1375,741.765,752.8323227575585,794.4538014774363,707.8211985225638,13.389330146872794,9.54250816213893,3.846821984733865,0.0689890710382514,0.1486238532110091,25.661928285714286,25.274286151428573,5.616011734693878,28.740499885714286,46.751428468571426,5.565814776530613,1.8,0.0,0.0,0.0,1.5499999523162842,1.5959999561309814,1.5499999523162842,1.5947999954223633,0,33.33333333333327,0.1238646238623798,1.5687999725341797,1.6165000200271606,-0.0055303279725479,0.1304608400856688,225.964,0.4704187527233561,3.568645784634561,0,0,0,0,0,0,6,24,1.2246467991473532e-16,-1.0,0.2393156642875576,-0.970941817426052,19.61000061035156,0.0588096383124091,18.08750009536743,1.0,1247.9309964179993,-1.023451549978146,732.0,758.5,20.091214071428574,12.131428474285709,14.24877897344743,44.30259181088321,1288.1293280659117,1122.1153439344964,41.50349603285384,1202.6013385443398,72.29232482305159,0.3888987424687545,0.31136288842901266,0.3141237366116019,1.238043117286539,0.0900958466453674,0.07569217775976549,0.07314543309789585,1.2317356055220774,1.5006116260295235,0.2794099461982194,0.13325765522085367,0.1096018137434814,1.215834286961664,-0.10759897515953132,0.0,0.002171964796511233,-0.10759897515953132,0.0,0.9903389867177247,0.007489048485764077,0.002171964796511233,0.0
2011-06-20 00:00:00+00:00,700.5,779.5,691.25,779.25,953358,37.97953964194374,0.3492945269970209,746.55,737.735,737.5754087735999,798.5853118969266,694.5146881030734,-3.73611223261139,4.52214279162602,-8.25825502423741,-0.1047923322683705,-0.0638155696625459,26.7890714,35.45999983142857,4.261419144897959,22.708356942857144,61.260001274285706,5.175926282857143,1.0,0.0,0.0,0.0,1.5889999866485596,1.611899971961975,1.5765000581741333,1.5898000001907349,0,48.87480509028721,0.122520141542357,1.5947999954223633,1.6159000396728516,0.0049659087123058,0.1172472555227186,225.964,0.4704187527233561,3.568645784634561,0,0,0,0,0,0,6,25,1.2246467991473532e-16,-1.0,0.120536680255323,-0.992708874098054,19.989999771118164,0.0191924657297317,18.51749992370605,1.0,1113.6549001336098,0.026172118507223896,782.5,732.0,24.070499732857144,43.74857211999999,14.794558197280317,45.39661822787692,1300.217802952075,1059.3942222790479,60.20589516825679,1167.0227631800476,33.14515604530558,0.5859382134066988,0.40883221513892076,0.37003181082574793,1.5834806101246726,0.12598144182726623,0.08332574211088181,0.07771971368054044,1.6209713038237374,1.4672425290687114,0.2892833185322402,0.09642718633379495,0.10832532235245906,0.890162847781985,-0.05662649899096506,0.0,0.027084781311289136,-0.05662649899096506,0.0,0.8890747682810534,0.0838404504076575,0.027084781311289136,0.0
2011-06-27 00:00:00+00:00,660.75,719.25,639.0,703.0,838167,30.798479087452463,0.3569163945194081,729.6875,729.535,713.8293236599441,810.0245981683124,649.3504018316876,-17.362097905050746,-7.267387738353613,-10.094710166697134,-0.0567451820128479,-0.113682092555332,24.126214314285715,47.43142872285714,3.7603659085714285,26.1276427,68.78571344,4.201152295306122,0.2,0.0,0.0,0.0,1.5886000394821167,1.6017999649047852,1.5817999839782717,1.590000033378601,0,55.14711498848597,0.1111314218882947,1.5898000001907349,1.6223000288009644,-0.0102006348898545,0.129830308371437,225.964,0.4704187527233561,3.568645784634561,0,0,0,0,0,0,6,26,1.2246467991473532e-16,-1.0,-3.216245299353273e-16,-1.0,20.559999465942383,0.028115277548907,19.66249990463257,1.0,1050.5925220549107,-1.490482241708806,700.5,782.5,13.202642811428571,72.3828596322857,15.525724939391266,46.90559211253002,1305.0863237829444,975.1836754678252,82.47566207877983,1120.4506667299927,27.82645288915066,0.5316312544906902,0.42133840581998566,0.3812688499866333,1.3943736567138694,0.12145289443813848,0.08652878784201083,0.08181014276702683,1.4845699504315002,1.281754375179761,0.30392665551565745,0.08956885243935067,0.1080349736280153,0.8290726710132436,-0.05539628943718755,0.0,0.028753676699918327,-0.05539628943718755,0.0,0.8828618237559935,0.08838449954408814,0.028753676699918327,0.0
2011-07-04 00:00:00+00:00,640.75,714.5,615.0,667.75,411732,22.76657060518731,0.4516556932486796,710.9,723.04,696.1511653513072,804.6356866266426,617.1643133733573,-22.774753166618098,-14.694154130816946,-8.080599035801152,-0.0436567164179104,-0.1640574037834311,29.349071285714285,20.994285939999997,4.970665726530612,25.705500085714284,83.24571518857142,3.9578331775510205,2.1999999999999997,0.0,0.0,0.0,1.5889999866485596,1.5950000286102295,1.548799991607666,1.548799991607666,0,33.193956598184414,0.0965002974302872,1.590000033378601,1.5774999856948853,-0.000314393183271,0.0971541195468311,225.964,0.4704187527233561,3.568645784634561,0,1,0,0,1,0,7,27,-0.4999999999999997,-0.8660254037844388,-0.1205366802553228,-0.992708874098054,15.869999885559082,-0.2589168872842292,19.0074999332428,1.0,992.393594622612,-0.5018580710504561,660.75,700.5,15.903357257142858,83.4657134722857,16.182484626250815,49.25011618195205,1320.4906650310902,881.7953415834756,109.67383086190367,1069.2278378870403,28.039286036381284,0.5271651554672605,0.429339313605076,0.38810916269990064,1.3582908948016097,0.15528677331252438,0.10908251692771939,0.08639445987318486,1.7974156626050708,0.6561488094222999,0.3765731453765481,0.11747796013601888,0.11531555345764703,1.018751993343605,0.0725247601830108,1.0,0.9466592187229967,0.0725247601830108,1.0,0.012416460855801156,0.04092432042120209,0.9466592187229967,2.0
2011-07-11 00:00:00+00:00,681.5,684.25,647.5,650.75,40710,46.63120567375886,0.5785552768042536,687.3,714.875,684.7559515240213,761.5305441459925,613.0694558540074,-18.41377245802198,-18.671480550804453,0.2577080927824724,0.0635973468591495,-0.132399745385105,30.111928657142858,10.668571639999998,5.349870047755102,29.521928628571427,34.83714297428571,5.410911208367346,3.0,0.0,0.0,0.0,1.547700047492981,1.5814000368118286,1.5450999736785889,1.5618000030517578,0,34.60805129414935,0.0968085639700269,1.548799991607666,1.586899995803833,-0.0081024583742803,0.0952041881715671,225.964,0.4704187527233561,3.568645784634561,0,1,0,0,2,0,7,28,-0.4999999999999997,-0.8660254037844388,-0.2393156642875574,-0.970941817426052,18.38999938964844,0.1473764780997414,18.702499628067017,1.0,1064.366702079773,-1.280664590151386,640.75,660.75,18.982643014285713,91.06571749999999,17.043093916723116,48.32024694274777,1155.030794547621,955.4730648978317,49.88943241244733,1067.2833835641334,21.97581617195111,0.6272801699641251,0.4680511777715706,0.40546470070616264,1.5470647713623356,0.05392516507703595,0.10934842426006648,0.08664267304073867,0.6223856785653878,0.06825293117921535,0.20891111779466498,0.11600580790130453,0.11653501371971392,0.9954587402008667,0.025699102870243795,1.0,0.6306380771249523,0.025699102870243795,1.0,0.11558142993264543,0.25378049294240224,0.6306380771249523,2.0
2011-07-18 00:00:00+00:00,696.25,742.0,667.0,682.0,193146,55.95637583892618,0.5878750821710156,680.9125,712.925,693.4901977969394,732.3610627132845,629.4639372867156,-4.524962060416215,-11.009054498606073,6.484092438189856,0.0216434336023476,-0.0074839629365645,30.954785685714285,13.534285774285712,5.196939141632654,31.603357499999998,21.99142887714285,5.195629714081633,4.0,0.0,0.2,0.2,1.5719000101089478,1.5824999809265137,1.5642000436782837,1.5679999589920044,0,40.10263859137623,0.1020790219458077,1.5618000030517578,1.6060999631881714,0.0046850641131415,0.1001394292854026,225.722,-0.107096705669929,3.558828252242341,0,1,0,0,3,0,7,29,-0.4999999999999997,-0.8660254037844388,-0.3546048870425356,-0.9350162426854148,20.950000762939453,0.1303316773583926,18.94249987602234,1.0,1091.719971448183,0.575603116984079,681.5,640.75,21.476928485714286,33.128572885714284,17.982465760805496,46.62161351916036,1133.5583500330297,965.9780450697095,41.89507624083005,1077.0580187177534,45.02807036796398,0.5295930900315095,0.47329986327713963,0.400011556991183,1.3239444399446145,0.10771992818671454,0.11287324056833589,0.0873400881351955,1.2333387583326583,0.3380548221985529,0.2536224771045389,0.09723277324101422,0.10590210600495463,0.918138153504555,-0.0339009499558619,0.0,0.07980147125640227,-0.0339009499558619,0.0,0.720118099986829,0.20008042875676876,0.07980147125640227,0.0
2011-07-25 00:00:00+00:00,678.75,723.5,670.75,703.25,308190,49.52120383036936,0.5702637419404546,680.8125,712.74,690.5759924337825,730.6197270701819,631.0052729298181,-4.855239387388906,-6.543595077184801,1.688355689795895,-0.0251346499102333,-0.002571638501102,33.464785514285715,11.60285703142857,5.91207553755102,33.039785828571425,31.897142891428565,5.308144237142857,6.0,0.0,0.0,0.0,1.569499969482422,1.5750000476837158,1.5361000299453735,1.5539000034332275,0,51.01011367980807,0.0975808632499022,1.5679999589920044,1.590499997138977,-0.0054063411286344,0.0948708380146824,225.722,-0.107096705669929,3.558828252242341,0,1,0,0,4,0,7,30,-0.4999999999999997,-0.8660254037844388,-0.464723172043768,-0.8854560256532101,19.350000381469727,-0.0794462435953154,18.64000010490417,1.0,1054.7096273303032,-0.43353740719351097,696.25,681.5,15.327642857142857,65.04857289142856,18.953905765177492,45.67164767220993,1134.7426370668802,966.8523106735554,41.97258159833121,1068.1186621627735,51.05818787193189,0.40776130946856304,0.4764611226541558,0.40108911254119056,1.0166351729638026,0.07771639042357274,0.10322023028759722,0.08876371982661684,0.8755421902096389,0.5284432853675096,0.273840947126154,0.09887949779746934,0.1052624463312188,0.9393614897825979,-0.0010965334816483985,0.0,0.30899399433797975,-0.0010965334816483985,0.0,0.33288323095886974,0.3581227747031505,0.30899399433797975,1.0
2011-08-01 00:00:00+00:00,681.25,693.0,662.25,682.25,356501,44.992050874403816,0.4954243269316425,685.75,709.05,686.8904164684706,723.4038947450765,648.0961052549235,-5.435919283597286,-5.401360665699026,-0.0345586178982602,0.003683241252302,0.0830683624801271,32.26621408571428,13.06857137142857,5.349525093061224,32.74907157142858,19.148571125714284,5.946931944897959,6.2,0.0,0.0,0.0,1.544100046157837,1.5707000494003296,1.5252000093460083,1.5464999675750732,0,36.82140696589273,0.1096172780372777,1.5539000034332275,1.561400055885315,0.0010302152058977,0.0986980247929148,225.722,-0.107096705669929,3.558828252242341,0,1,0,0,5,0,8,31,-0.8660254037844385,-0.5000000000000004,-0.5680647467311556,-0.8229838658936566,23.65999984741211,0.20109341291106,20.58750009536743,1.0,1053.5531029105186,0.210118226259699,678.75,696.25,25.180499985714285,64.76000083142857,19.843916462354983,43.96048144340376,1101.6129630142364,1030.5617388701526,17.762806036020987,1062.2924384618716,72.24091377228491,0.36024794411727645,0.4426881258504067,0.3907920843018586,0.9218404091844576,0.04513761467889908,0.08795717433574933,0.08606954634369432,0.5244318269592891,0.6008003683325569,0.15580992118695786,0.09710237112071932,0.10311932312404909,0.9416504953916686,0.02099579388507511,1.0,0.5743911050192956,0.02099579388507511,1.0,0.14187666720852815,0.2837322277721763,0.5743911050192956,2.0
2011-08-08 00:00:00+00:00,675.25,714.25,670.5,680.25,467909,42.945736434108525,0.3418207105677006,693.0625,703.945,689.7455562012702,722.3608181662031,663.7641818337969,-1.976900457505053,-2.7594921889732427,0.7825917314681896,-0.0088073394495412,0.0044626255113424,30.04764277142857,15.151428665714285,5.271862915918367,31.47835697142857,29.091428657142856,5.13796853,3.6,0.0,0.2,0.0,1.5615999698638916,1.6033999919891355,1.5456000566482544,1.593000054359436,0,56.54068571181044,0.1196693055174177,1.5464999675750732,1.5544999837875366,-0.010484823876678,0.1191664253340834,225.722,-0.107096705669929,3.558828252242341,0,0,0,0,0,0,8,32,-0.8660254037844385,-0.5000000000000004,-0.663122658240795,-0.7485107481711013,48.0,0.7074151588068427,27.99000024795532,2.0,1075.6732867062092,-0.941385681997871,681.25,678.75,25.846928471428573,73.0685718342857,20.594525527456508,43.00118771525789,1105.4930740473412,1032.3349201502658,18.28953847426887,1067.6447777596065,56.450560887323014,0.2762369431727523,0.4496184718505618,0.38694632919645505,0.713889537620112,0.06479081821547575,0.06985798331633959,0.08271768157347757,0.7832764307490677,0.8242007748993887,0.16118174489730788,0.10871889701398553,0.1155926411468176,0.9405346787651621,0.059487736550855486,1.0,0.9024181805549568,0.059487736550855486,1.0,0.02355945060651906,0.07402236883852409,0.9024181805549568,2.0
2011-08-15 00:00:00+00:00,707.25,711.75,658.5,673.0,424973,56.09756097560975,0.3016289552484216,689.5625,697.6,691.8792748916858,714.1329545509793,664.9920454490207,0.8554123038768466,-1.58596228749042,2.441374591367267,0.0473898556090337,0.0085561497326203,26.29192851428571,25.03999979142857,4.380938595510203,29.315499985714286,32.060000259999995,4.996538151020408,0.0,0.0,0.0,0.0,1.621500015258789,1.6548000574111938,1.586300015449524,1.6114000082015991,0,71.25705709459689,0.1283219595964332,1.593000054359436,1.5765000581741333,0.0102215953323094,0.1214000913470488,225.922,0.0886045666793622,3.628715982221076,0,0,0,0,0,0,8,33,-0.8660254037844385,-0.5000000000000004,-0.7485107481711011,-0.6631226582407952,31.8700008392334,-0.4095358561456247,30.72000026702881,2.0,1139.662655800581,0.9335549665515779,675.25,681.25,28.740499885714286,46.751428468571426,21.157169040892494,42.29530465362836,1161.8453837346526,999.9539526391534,40.47285777387482,1096.4519289759962,69.28872902905363,0.24642174552195334,0.4624939822671903,0.39570756115837374,0.6227369994478275,0.07529162248144221,0.07413127479722084,0.08283099593152882,0.9089787288552437,0.7751982102545761,0.11111606023298252,0.11019683361516881,0.11710892118780848,0.9409771953126728,0.008556009746351512,0.0,0.4201398034804328,0.008556009746351512,0.0,0.23544790491215095,0.34441229160741627,0.4201398034804328,2.0
2011-08-22 00:00:00+00:00,720.5,722.25,693.0,707.0,288915,54.083885209713024,0.2978189504901108,695.6625,692.62,699.6034825485532,726.1343485266522,665.1906514733479,5.280918737077855,2.149124744196904,3.131793992880951,0.0187345351714387,0.0442028985507245,28.274785828571428,22.73714251428571,4.346567963673469,26.206214242857147,51.89714239714285,4.386663860612244,1.4,0.0,0.0,0.0,1.5887000560760498,1.60889995098114,1.5721999406814575,1.5952999591827393,0,61.45384265840189,0.1464621330763151,1.6114000082015991,1.552299976348877,-0.0073577159768754,0.1323268127838217,225.922,0.0886045666793622,3.628715982221076,0,0,0,0,0,0,8,34,-0.8660254037844385,-0.5000000000000004,-0.8229838658936564,-0.5680647467311559,42.43999862670898,0.2864261266251031,36.49249982833862,2.0,1149.4136205911636,-0.8243761643669022,707.25,675.25,22.708356942857144,61.260001274285706,21.48291389263215,42.91477805643574,1198.9521360147216,1010.1991969895146,47.18823475630179,1117.6366056220631,98.80791622302054,0.24196938992098685,0.4129144453250166,0.35785848987728786,0.6761594037977575,0.04059680777238029,0.060706650714353994,0.07790588729022348,0.5211005736978379,0.5518190700411789,0.10566537627016205,0.12254338469956244,0.11213329603437165,1.092836633765171,0.05271070079026963,1.0,0.8682455998873483,0.05271070079026963,1.0,0.0327506016227845,0.09900379848986718,0.8682455998873483,2.0
2011-09-19 00:00:00+00:00,692.25,736.25,676.5,735.0,711337,28.87788778877888,0.2868658821848373,729.8875,708.875,717.9471952199057,771.9793403769125,687.7956596230875,-2.8447467677642635,4.222572963837619,-7.0673197316018825,-0.0572012257405515,-0.009656652360515,19.290499914285714,8.58857153428571,3.8552348432653063,25.496214271428574,11.191428365714284,3.96193190122449,0.4,0.0,1.8,0.0,1.698699951171875,1.791800022125244,1.6960999965667725,1.7105000019073486,0,81.16953050454212,0.1336637801239109,1.6749000549316406,1.6069999933242798,0.0140089778062127,0.1426615807626048,226.545,0.2757588902364549,3.771208179119778,0,0,1,0,0,3,9,38,-1.0,-1.8369701987210294e-16,-0.992708874098054,-0.1205366802553235,32.72999954223633,-0.1647011049765747,34.3799991607666,2.0,1184.093626320362,1.125138890384815,734.25,750.25,31.603357499999998,21.99142887714285,22.642818471163476,39.06697643588858,1251.9059403700787,1171.4172752337497,20.122166284082244,1194.2551125540049,63.75279485314083,0.22791681452111834,0.22494257381142913,0.36337609637725443,0.6272201460722813,0.08631274828457927,0.057965172677656274,0.0791087816098972,1.091063920053366,1.6055333284881323,-0.5349945094528933,0.10966247968982654,0.11721314630478741,0.935581662903719,0.015594032772532573,1.0,0.507424863821279,0.015594032772532573,1.0,0.17803734380978575,0.3145377923689352,0.507424863821279,2.0
2011-09-26 00:00:00+00:00,648.0,704.5,630.0,697.25,867982,16.58206429780033,0.3004287366241983,712.15,704.665,695.1038380629699,786.8045377053509,637.4954622946491,-16.567371543050967,-6.567189714001102,-10.000181829049865,-0.0639219934994582,-0.1150563332195288,19.250500028571427,12.360000448571427,2.9500197187755104,18.974071371428572,18.768571750857138,3.564710806530613,0.0,0.0,0.4,0.4,1.794700026512146,1.946300029754639,1.7654000520706177,1.8558000326156616,0,84.98818005102868,0.1955925013271941,1.7105000019073486,1.6089999675750732,0.0008188056910993,0.1265722486952135,226.545,0.2757588902364549,3.771208179119778,0,0,1,0,0,4,9,39,-1.0,-1.8369701987210294e-16,-1.0,-1.8369701987210294e-16,39.02000045776367,0.1757822723994477,36.0649995803833,2.0,1202.5584211349487,-0.1938783211265249,692.25,734.25,33.039785828571425,31.897142891428565,22.406125109890258,37.7574019400801,1251.1286411739904,1168.4737759821098,20.663716297970108,1197.5764359863824,45.56846702621421,0.22936087665970303,0.22231825399658917,0.36300968287371826,0.6318312738263212,0.11496913580246913,0.07283963828367404,0.08052792683153237,1.4276925539889234,1.7925025785828508,-0.544173689254009,0.21658037973969055,0.16907853962739902,1.2809453370458408,-0.08998391889989465,0.0,0.005224302713002483,-0.08998391889989465,0.0,0.9770045726041716,0.0177711246828259,0.005224302713002483,0.0
2011-10-03 00:00:00+00:00,592.5,666.25,572.25,653.0,983938,12.52006420545746,0.3292057449225006,679.3625,697.645,664.3360500447667,773.1682167767486,585.5567832232513,-28.917622078702266,-18.40524353147708,-10.512378547225186,-0.0856481481481481,-0.1869639794168096,20.930499742857144,14.485714630857142,3.040880262040816,18.309785828571428,22.39428653371428,2.983928599387755,0.0,0.0,2.8,3.2,1.81850004196167,1.8910000324249268,1.7919000387191772,1.847000002861023,0,72.22051782437124,0.2268257932585874,1.8558000326156616,1.5989999771118164,-0.0112522800021857,0.2082063561985072,226.545,0.2757588902364549,3.771208179119778,0,0,1,0,0,5,10,40,-0.8660254037844386,0.5000000000000001,-0.992708874098054,0.1205366802553232,45.45000076293945,0.1525384904833552,38.94750022888184,2.0,1094.347501695156,-1.400986890455025,648.0,692.25,32.74907157142858,19.148571125714284,22.141845156256785,36.76623320418553,1295.0039465514233,1060.3935106905888,58.652608965208636,1156.2848622698918,14.214353416809914,0.33609407143041786,0.3139108568089618,0.3950091406641344,0.8508513558871692,0.15864978902953586,0.09253653823834154,0.08406973527942493,1.8871210862151084,1.8917193515184667,-0.33495606371198977,0.23018823050432274,0.1681722215689193,1.3687647975937598,-0.02572856691457981,0.0,0.11543092098528068,-0.02572856691457981,0.0,0.6309811694652245,0.2535879095494948,0.11543092098528068,0.0
2011-10-10 00:00:00+00:00,605.0,618.5,577.0,592.5,771540,23.64760432766616,0.3579202599396572,646.2125,689.565,639.5166560963592,733.3083750307263,559.1166249692736,-30.080022747961262,-26.753194080717943,-3.3268286672433227,0.021097046413502,-0.1666666666666666,26.53335722857143,1.9485714114285702,4.41052506122449,20.312642514285717,25.354286425714278,3.4436399626530614,0.2,0.0,4.8,2.0,1.886299967765808,1.8991999626159668,1.73389995098114,1.7623000144958496,0,47.05104154515043,0.2570542267293585,1.847000002861023,1.651600003242493,0.010504346656426,0.2273361391716697,226.545,0.2757588902364549,3.771208179119778,0,0,1,0,0,6,10,41,-0.8660254037844386,0.5000000000000001,-0.970941817426052,0.2393156642875573,33.02000045776367,-0.319499385054628,37.55500030517578,2.0,1066.191508769989,0.7746757754061451,592.5,648.0,31.47835697142857,29.091428657142856,22.023832082581237,36.02997857331642,1270.20756255508,1003.3879664051481,66.70489903748296,1120.2475208699307,9.207837976732975,0.3127168241421281,0.3211895806983036,0.3807354280497928,0.8213494014214426,0.06859504132231405,0.09619223427354744,0.08222760405641596,0.8342093116705457,1.483665716195492,-0.3064087907781415,0.33897859002452846,0.1860739253948929,1.8217413916953802,0.039694418070119974,1.0,0.7746437745521845,0.039694418070119974,1.0,0.060955378403314164,0.16440084704450142,0.7746437745521845,2.0
2011-10-17 00:00:00+00:00,640.5,655.0,599.75,606.75,929411,45.955249569707405,0.4301682764579763,631.0625,683.95,639.990141929286,689.0200332281677,573.1049667718323,-15.467560218716244,-21.671589840177276,6.204029621461029,0.0586776859504132,-0.0744219653179191,18.781928600000004,14.125714465714282,3.662890235510204,25.52407145714286,8.988571449999997,4.5293595310204084,0.0,0.0,0.6000000000000001,0.0,1.7574000358581543,1.7798000574111938,1.723399996757507,1.7307000160217283,0,33.856060783089674,0.2858026200862035,1.7623000144958496,1.7091000080108645,-0.0248821896277695,0.2809647470815045,226.889,0.1518462115694507,3.868356841040299,0,0,1,0,0,7,10,42,-0.8660254037844386,0.5000000000000001,-0.9350162426854148,0.3546048870425355,33.38999938964844,0.0111429833208849,37.72000026702881,2.0,1108.513360261917,-2.6400651743464008,605.0,592.5,29.315499985714286,32.060000259999995,22.249653977714246,34.28537166213472,1236.1321104775202,999.6732854534854,59.11470625600868,1115.5538566267253,30.832132433280606,0.3712738851533841,0.3301256081284611,0.38774341745169094,0.957524638376085,0.0862607338017174,0.10295748964812315,0.08441473435230276,1.0218680926368795,1.7226994570057428,-0.3111081332921553,0.3500975800393518,0.18811568287394914,1.8610758873473785,0.038063842973126594,1.0,0.7600934928388128,0.038063842973126594,1.0,0.06579253549949775,0.17411397166168952,0.7600934928388128,2.0
2011-10-24 00:00:00+00:00,651.0,665.5,630.25,639.75,826448,81.86397984886649,0.4049025466503645,627.05,679.88,642.7287973389892,672.3090787635555,581.7909212364444,-6.551914409821848,-13.29672822449476,6.744813814672911,0.0163934426229508,0.0195771339075958,14.6062142,17.79714282428571,2.613081618244898,18.171214428571428,32.40285755285714,3.1732463788979595,0.0,2.2,1.4000000000000001,1.2,1.7685999870300293,1.798699975013733,1.7407000064849854,1.7676000595092771,0,31.35671161046747,0.2473450344075901,1.7307000160217283,1.8767999410629272,-0.0071392040599259,0.2935447549729997,226.889,0.1518462115694507,3.868356841040299,0,0,1,0,0,8,10,43,-0.8660254037844386,0.5000000000000001,-0.8854560256532101,0.464723172043768,29.26000022888184,-0.1320350322617671,35.28000020980835,2.0,1150.7076387405393,-0.8657666175620407,640.5,605.0,26.206214242857147,51.89714239714285,21.986528845511483,34.16391913895553,1175.377608349181,1034.50239638462,35.21880299114029,1129.6153694722511,38.262842215915626,0.4040353857076623,0.31340392178962684,0.38456248977277374,1.0506364659746972,0.05414746543778802,0.09652443307876488,0.08449232620342714,0.6408565305546814,1.5153770482484694,-0.3115173467240128,0.35013233437808516,0.18673048937964884,1.8750677342013524,-0.051406545473159815,0.0,0.03488038959656191,-0.051406545473159815,0.0,0.8606053926475434,0.10451421775589466,0.03488038959656191,0.0
2011-10-31 00:00:00+00:00,647.0,658.5,633.0,650.0,770049,51.41843971631206,0.3418556771430128,634.1,673.855,645.0022235890527,675.4271288495438,592.7728711504562,-2.404846434173692,-6.770786890499656,4.365940456325964,-0.0061443932411674,0.0919831223628691,14.389071514285716,4.728571397142854,2.539449444244898,18.329785514285714,30.814285542857135,2.3645511652244897,0.0,0.2,0.2,0.0,1.7458000183105469,1.7690000534057615,1.6650999784469604,1.6871000528335571,0,39.55276039479909,0.2312231909387159,1.7676000595092771,1.827700018882752,-0.0109154751483838,0.2348670634669693,226.889,0.1518462115694507,3.868356841040299,0,0,1,0,0,9,10,44,-0.8660254037844386,0.5000000000000001,-0.822983865893657,0.5680647467311548,29.959999084472656,0.0236417246763716,31.40749979019165,2.0,1091.5537341833115,-1.2433937264078307,651.0,640.5,26.73050022857143,45.488570531428564,21.750609920916276,33.94781374565886,1175.292078418656,1033.1910425592225,35.5252589648584,1114.3907153566754,49.1870359941221,0.4172276161126781,0.33527198208156167,0.3662457445469625,1.1392012355987007,0.03941267387944358,0.08141314069415977,0.08195816756513094,0.4808876313546982,1.4369864616497117,-0.24521165983340723,0.20883374650350342,0.2039358035869422,1.024017031782763,0.04670451274524923,1.0,0.8299433229929417,0.04670451274524923,1.0,0.04372081346080412,0.12633586354625415,0.8299433229929417,2.0
2011-11-07 00:00:00+00:00,653.25,660.25,631.5,646.25,916238,55.27065527065528,0.2821922103249941,647.0,665.745,647.9663606082784,659.3735711561922,634.6264288438078,0.2761757103179434,-2.5611426533297585,2.837318363647702,0.0096599690880989,0.0887500000000001,14.187642828571429,13.20857177142857,2.303033508571428,13.803356914285715,8.617142928571422,2.5482917063265305,0.0,0.2,0.0,0.0,1.6898000240325928,1.7582999467849731,1.6898000240325928,1.7489999532699585,0,46.34442646994027,0.2308965753139433,1.6871000528335571,1.8066999912261963,-0.012897289165189,0.2351178544028314,226.889,0.1518462115694507,3.868356841040299,0,0,1,0,0,10,11,45,-0.5000000000000004,0.8660254037844384,-0.7485107481711011,0.6631226582407952,29.850000381469727,-0.0036782754725293,30.614999771118164,2.0,1142.5342194736004,-1.4415751280883509,647.0,651.0,27.20478548571429,24.182858051428568,21.2378839204885,32.31357691875,1179.2748446131097,1067.3796317165745,27.973803224133853,1125.6481170034456,69.6101995450529,0.3242536411341596,0.32990853494177264,0.3267012110540331,0.992508200881598,0.0440107156525067,0.05848532601875393,0.07785963125639297,0.5652571080770685,1.7157317764427604,-0.24684701629503725,0.27583452261991936,0.21048302485370077,1.3104833974464596,-0.03527909559059084,0.0,0.07488566999227911,-0.03527909559059084,0.0,0.7337933923753209,0.19132093763239996,0.07488566999227911,0.0
2011-11-14 00:00:00+00:00,633.5,666.0,630.25,653.0,1185277,41.64648910411623,0.1789114670581087,648.475,655.3,646.947180673494,662.9326514071265,634.0173485928735,-1.4322547751739876,-0.8111317271739835,-0.6211230480000041,-0.0302334481438959,-0.0101562499999999,12.784785871428571,31.500000633714283,1.8836217133469388,14.653356807142856,32.84285805257142,2.214922770244898,0.0,2.2,0.4,0.4,1.7414000034332275,1.780500054359436,1.727300047874451,1.73989999294281,0,47.87713994190288,0.2120150215547488,1.7489999532699585,1.7431000471115112,0.0100560673838191,0.2229664625613467,226.421,-0.2062682633358292,3.5251999213574026,0,0,1,0,0,11,11,46,-0.5000000000000004,0.8660254037844384,-0.6631226582407955,0.7485107481711007,31.1299991607666,0.0419871048763588,30.049999713897705,2.0,1102.2266455292702,1.2118750017177393,653.25,647.0,26.46621394285714,28.342858439999993,20.81307571962749,32.347724088673964,1180.2192728542768,1063.291846109084,29.231856686298258,1116.2795284137756,48.36824196253271,0.33916530680344376,0.3336716139804718,0.3173938976468263,1.0685942566384834,0.05643251775848461,0.05605282130598806,0.07460861242241026,0.7563806424273815,2.149666326427677,-0.20968386468592298,0.23472024500441477,0.21098144197383206,1.1125160188656158,-0.03587893400862585,0.0,0.07283420544002046,-0.03587893400862585,0.0,0.7396108064241221,0.18755498813585741,0.07283420544002046,0.0
2011-11-21 00:00:00+00:00,597.75,648.0,593.25,633.5,930116,25.7510729613734,0.2267819290940396,642.4,644.18,636.1815823405097,675.9835172603823,608.8164827396176,-8.764557199893375,-3.7915836802006737,-4.972973519692701,-0.0564325177584845,-0.0793222949557181,8.567642849142857,7.902857011142855,1.9989992897142859,14.191928628857143,54.08857241085714,1.884851501102041,0.0,3.8,1.2000000000000002,0.0,1.7620999813079834,1.8107999563217163,1.7482000589370728,1.7777999639511108,0,73.85477360529958,0.1911703822524683,1.73989999294281,1.7869999408721924,-0.0114861673770122,0.2046217674011757,226.421,-0.2062682633358292,3.5251999213574026,0,0,1,0,0,12,11,47,-0.5000000000000004,0.8660254037844384,-0.5680647467311559,0.8229838658936564,32.90999984741211,0.0556046008242028,30.962499618530277,2.0,1062.6799284517765,-0.9423484743653907,633.5,653.25,25.496214271428574,11.191428365714284,20.38590493957779,33.75035946429868,1165.859570787352,1033.6376930316274,33.05546943893119,1094.839688428976,26.833432948223532,0.33305660979087176,0.3357937678582588,0.3085095234740196,1.0795666702433342,0.09159347553324969,0.05711936965229451,0.07142394753344654,1.2823914929435005,1.6111584967444519,-0.17238837569250212,0.23542558491966148,0.2059278961343013,1.1432427461585635,0.047039208934478216,1.0,0.8322922062828633,0.047039208934478216,1.0,0.043026460830201896,0.12468133288693484,0.8322922062828633,2.0
2011-11-28 00:00:00+00:00,591.75,601.5,582.0,598.25,636642,24.586776859504127,0.2421163688593909,630.775,635.115,621.0038923709648,683.5545564489395,577.9954435510605,-15.491147863625317,-9.74091071276308,-5.750237150862235,-0.0303154444899631,-0.0917114351496546,10.329071322857143,18.942858004,1.2594124628163266,8.662642928857142,20.882857117714284,1.8387877700408166,0.0,3.2,0.0,0.0,1.803099989891052,1.9105000495910645,1.7942999601364136,1.880300045013428,0,82.11824977229847,0.1813312243232606,1.7777999639511108,1.7089999914169312,0.0075092479839974,0.1852291718297203,226.421,-0.2062682633358292,3.5251999213574026,0,0,1,0,0,13,11,48,-0.5000000000000004,0.8660254037844384,-0.4647231720437684,0.88545602565321,32.130001068115234,-0.0239863519474123,31.50500011444092,2.0,1112.667551636696,0.9571930617355693,597.75,633.5,18.974071371428572,18.768571750857138,19.62956545501517,32.92019802258356,1171.0198737150617,1039.0342988306097,32.99639372111299,1101.9708337120642,55.83827487969243,0.34921307661005646,0.35604436505862336,0.2965056842840898,1.177761787857829,0.032953105196451206,0.052880497604027146,0.0703753445394173,0.46824780368238356,1.0486729380836042,-0.04006348678599036,0.2871039512280918,0.22068813150329053,1.3009487019664399,-0.06381309239819444,0.0,0.0190649510998996,-0.06381309239819444,0.0,0.9198753496486585,0.06105969925144193,0.0190649510998996,0.0
2011-12-05 00:00:00+00:00,580.25,609.75,580.0,591.75,272332,27.292110874200414,0.2363532975074142,616.0375,627.195,609.241208137569,671.265323603682,560.8096763963181,-15.838535555734666,-13.449439128381249,-2.389096427353417,-0.0194338825517532,-0.1120887528691659,4.170500030285714,26.199999585714284,1.1606638750204081,9.277642755142855,44.788573088,1.1456156249183673,0.0,6.0,0.0,0.0,1.849300026893616,1.854699969291687,1.763800024986267,1.795199990272522,0,58.206884758372446,0.1637691119938149,1.880300045013428,1.7315000295639038,0.0025560913016261,0.1572187499612606,226.421,-0.2062682633358292,3.5251999213574026,0,0,1,0,0,14,12,49,-2.4492935982947064e-16,1.0,-0.3546048870425359,0.9350162426854148,27.84000015258789,-0.1433163654242099,31.00250005722046,2.0,1041.6647943556309,0.4618773934984392,591.75,597.75,18.309785828571428,22.39428653371428,18.96169947437825,33.6858996397072,1146.4492654153923,1013.1701945712945,33.31976771102444,1077.848417969491,24.88869772577155,0.3735177743278724,0.3752647420465063,0.31308405829861746,1.1930270880842577,0.05127100387763895,0.055252163603666214,0.06755289832396352,0.7589755222937045,0.44567707215895513,0.1558315967296539,0.286312212309631,0.2381992024152049,1.2019863936853006,0.010228189189314563,0.0,0.4406337190399505,0.010228189189314563,0.0,0.22073135704560445,0.33863492391444505,0.4406337190399505,2.0
2011-12-12 00:00:00+00:00,585.5,593.0,570.0,580.25,18366,42.12218649517685,0.2336227816665758,599.775,622.645,599.9993908642872,639.5106064638765,560.0393935361235,-14.073958644612276,-14.384712271081986,0.3107536264697099,0.009047824213701,-0.0929512006196746,1.1247857407428572,12.302857559999998,0.7845289729387755,4.66121424942857,52.56857086857143,1.0058010996530613,0.0,7.0,0.2,0.0,1.7806999683380127,1.83459997177124,1.7753000259399414,1.7972999811172483,0,48.52499571886386,0.1676079383283571,1.795199990272522,1.7599999904632568,-0.0021145378237128,0.1649423678655773,226.421,-0.2062682633358292,3.5251999213574026,0,0,0,0,0,0,12,50,-2.4492935982947064e-16,1.0,-0.2393156642875578,0.970941817426052,25.670000076293945,-0.0811508430919513,29.63750028610229,2.0,1052.3191389441488,-0.005185519035450781,580.25,591.75,20.312642514285717,25.354286425714278,18.039087524381497,34.904136493182314,1130.167508876774,1004.4981978173521,31.417327764855482,1067.636706359354,35.423480880942506,0.31917826880475464,0.31793729186086733,0.30878851052083867,1.0336468087168247,0.03928266438941076,0.05430655335104704,0.06563121202225543,0.5985362328936994,0.030786452552805894,0.1743326852660982,0.2705779729696233,0.23691184820187638,1.1421039665269077,0.058284493481539634,1.0,0.8969905572795823,0.058284493481539634,1.0,0.024983843782586806,0.0780255989378309,0.8969905572795823,2.0
2011-12-19 00:00:00+00:00,601.0,604.0,576.25,585.75,535433,51.89873417721518,0.2116345667386314,589.025,621.45,594.8481839013459,603.6770162075672,574.3729837924327,-10.426779002343665,-12.899980377681016,2.47320137533735,0.026473099914603,-0.0219690805532953,6.404785680000001,19.65714264,0.7433275224897959,3.4405000628571427,17.11428598285714,0.7472331311836735,0.0,5.0,0.0,0.0,1.837000012397766,1.87940001487732,1.8092000484466555,1.8530000448226929,0,49.63754265101203,0.1853798096057552,1.7972999811172483,1.7645000219345093,-0.0109012784648062,0.1677650920809552,226.23,-0.0843561330441944,3.3943775908008567,0,0,0,0,0,0,12,51,-2.4492935982947064e-16,1.0,-0.1205366802553236,0.992708874098054,24.920000076293945,-0.0296523008743472,27.640000343322757,1.0,1113.6530269384384,-1.0057717134364257,585.5,580.25,25.52407145714286,8.988571449999997,17.097243172025088,33.7564042021936,1156.9785772645675,1003.1736786728895,38.45122464791949,1086.0432345909878,63.206929431546385,0.37965408590242156,0.3398389289652321,0.3220395586149408,1.1789050877669314,0.04617304492512479,0.052254658784375074,0.06568298353456671,0.7029680354143041,0.8842711661635206,0.39610176497929117,0.2767404595548,0.23882659641892762,1.1587505416769495,0.03356341425117848,1.0,0.7167040154040901,0.03356341425117848,1.0,0.08104960921231667,0.20224637538359325,0.7167040154040901,2.0
2011-12-26 00:00:00+00:00,619.5,625.0,596.25,600.0,415333,76.79180887372014,0.1923131003268703,593.65,620.08,601.692983757834,619.569612570193,567.7303874298069,-1.6234245314201416,-7.739465888394072,6.1160413569739305,0.0626072041166381,0.0522292993630573,5.307642819428572,9.442857508571427,0.9239730006530612,7.1512142985714275,40.017142525714284,0.7867312182040818,0.0,7.0,0.8,0.8,1.8651000261306765,1.8665000200271609,1.829100012779236,1.8580000400543213,0,67.62589735247171,0.1795819903248087,1.8530000448226929,1.875499963760376,-0.0031251755701299,0.1928917765995267,226.23,-0.0843561330441944,3.3943775908008567,0,0,0,0,0,0,12,52,-2.4492935982947064e-16,1.0,6.432490598706546e-16,1.0,20.729999542236328,-0.1840887926153031,24.789999961853027,1.0,1151.031024813652,-0.2281614239687956,601.0,585.5,18.171214428571428,32.40285755285714,16.455563889866788,34.16032280371107,1193.2040910763296,986.1299014496055,51.768547406680995,1112.0383506800536,60.634719875583826,0.3530470473643068,0.33661496371603045,0.3245062455467795,1.0879514380067568,0.04640839386602098,0.04321764245092933,0.06476386231709397,0.7165784287696432,0.6889161322447893,0.3997964790838402,0.27548738269124945,0.2364095825082566,1.1652969736480894,0.04599871665513766,1.0,0.8249044638993568,0.04599871665513766,1.0,0.04522024384712309,0.12987529225352012,0.8249044638993568,2.0
2012-01-16 00:00:00+00:00,599.5,659.5,598.5,651.5,692392,42.85714285714285,0.2570059968811577,627.7125,618.525,627.8850770397953,677.3828011445356,578.0421988554643,5.45950408886506,8.602601051104934,-3.143096962239873,-0.0683760683760683,0.0186915887850467,3.067642828,3.5600000285714275,1.0994662805714286,5.1962143670000005,2.131428624000004,1.3425338892244898,0.0,5.4,1.0,0.0,1.8299000263214111,1.840999960899353,1.7657999992370603,1.7907999753952026,0,33.95864201211934,0.1531481385503322,1.847599983215332,1.8588000535964968,0.0024927823069665,0.1619949649308355,225.672,-0.2466516377138239,2.9624188448710957,0,0,0,0,0,0,1,3,0.4999999999999999,0.8660254037844387,0.3546048870425356,0.9350162426854148,20.90999984741211,-0.0076227071890194,21.52749967575073,1.0,1073.584585249424,0.49592986841047393,652.0,646.5,14.653356807142856,32.84285805257142,14.603965638301533,30.082805072859614,1281.9347454961114,1034.6791414562888,61.81390100995564,1132.1192475892838,40.976907952729455,0.5035738119995342,0.4049995013211893,0.3595201410750314,1.4006831341546666,0.10175145954962468,0.05380585865505381,0.0647835690657991,1.5706365874950845,1.077492007224741,0.3934405951908839,0.16040789143724507,0.24410525530821237,0.6571258970375372,0.016465790743378506,1.0,0.5183141873572742,0.016465790743378506,1.0,0.17174794772801782,0.309937864914708,0.5183141873572742,2.0
2012-01-23 00:00:00+00:00,620.0,621.25,592.5,601.25,859932,39.76833976833976,0.3179163045513241,630.1375,613.865,620.0663454143667,672.4083917515715,587.8666082484286,-1.535983536409958,2.294187680368844,-3.830171216778802,0.0341951626355296,0.0214168039538715,-0.45807142857142846,11.991429105714284,0.9304687891836735,2.420499976285714,11.608571662857141,0.9912421308979591,0.0,6.0,0.0,0.0,1.7827999591827393,1.7856999635696411,1.7460999488830566,1.76010000705719,0,23.404265131011957,0.1437572306790415,1.7907999753952026,1.8509999513626096,0.005543578288492,0.152766234611727,225.672,-0.2466516377138239,2.9624188448710957,0,0,0,0,0,0,1,4,0.4999999999999999,0.8660254037844387,0.4647231720437685,0.8854560256532099,18.670000076293945,-0.1133095445031005,21.012499809265137,1.0,1091.2620043754578,0.8010094665630239,599.5,652.0,14.191928628857143,54.08857241085714,13.817935595590836,28.89091904640784,1284.8420174801115,1001.8873592531916,70.73866455672997,1115.7763503037536,35.22997717948914,0.46400799288388184,0.4003664022064355,0.3603752085114786,1.2875690920159717,0.046370967741935484,0.053845443218415945,0.06458628939558164,0.7179691076263728,1.2698126745299696,0.3696164556281657,0.10326612873525404,0.2457661536717597,0.4201804153690342,0.006157566092742872,0.0,0.3912355280058232,0.006157566092742872,0.0,0.25771512216995834,0.35104934982421854,0.3912355280058232,2.0
2012-01-30 00:00:00+00:00,631.75,645.75,614.5,619.5,876768,41.94831013916501,0.3143163019730528,631.2375,612.94,625.8407807040442,672.6381340531082,589.8368659468917,3.0291238266356686,2.049896310763269,0.9792275158723998,0.0189516129032258,-0.0167315175097276,4.341928584371429,16.417142948571428,0.8860447282857142,0.7919285899999998,26.400000999999996,0.9017248513061225,0.0,6.2,0.2,0.2,1.7538000345230105,1.7659000158309937,1.7295000553131104,1.7380000352859497,0,17.280864122729326,0.1386874485163344,1.76010000705719,1.8652000427246087,0.0026169363607005,0.1414825817695835,225.672,-0.2466516377138239,2.9624188448710957,0,0,0,0,0,0,1,5,0.4999999999999999,0.8660254037844387,0.5680647467311558,0.8229838658936564,19.39999961853028,0.0383550847658172,20.012499809265137,1.0,1097.9815222918987,0.508345273783874,620.0,599.5,8.662642928857142,20.882857117714284,12.97754804684304,28.730214656317013,1235.6872570954981,998.0443933910905,59.4107159261019,1108.6584190990118,16.05011377972606,0.4437449595829123,0.39017693490956007,0.3604104448141707,1.231221108199287,0.049465769687376336,0.05445691838268703,0.0644378550335085,0.767650661015127,1.2175709059923154,0.35125797038967466,0.08907138360209868,0.24376453341306928,0.36539925928096717,0.006466847883544569,0.0,0.3949247462281284,0.006466847883544569,0.0,0.25476797304091475,0.3503072807309569,0.3949247462281284,2.0
2012-02-06 00:00:00+00:00,644.25,650.0,631.0,632.25,795572,74.6177370030581,0.3016503576333219,629.35,615.91,632.5192375899868,666.9344312672629,591.7655687327372,5.887645131850945,4.138039547825855,1.7496055840250904,0.0197863078749505,0.0011655011655011,7.826214268085714,11.95714297142857,1.3664093414285714,2.729785725471428,35.70857156,1.016324411795918,0.0,4.6,1.4000000000000001,0.8,1.7462999820709229,1.7511999607086182,1.7110999822616575,1.7152999639511108,0,19.868196405539948,0.1201543421238459,1.7380000352859497,1.843000054359436,-0.0063091562517696,0.1367370131329828,225.672,-0.2466516377138239,2.9624188448710957,0,0,0,0,0,0,2,6,0.8660254037844386,0.5000000000000001,0.6631226582407952,0.7485107481711011,17.760000228881836,-0.0883242959543798,19.18499994277954,1.0,1105.0820017755032,-0.38426398746313606,631.75,620.0,9.277642755142855,44.788573088,12.316402090625518,29.180431230748173,1118.9735157168184,1064.9815411293234,13.497993646873786,1107.2278521696085,19.37729937377445,0.3972977555437168,0.3753134732116035,0.35663804307499225,1.1140083121196684,0.029491656965463717,0.05300799532875734,0.061596800467552726,0.478785455636522,1.0983893863906877,0.3945212075952522,0.06421007101888285,0.24263062300252763,0.2646412376882928,-0.0053475077661828685,0.0,0.26553895826405055,-0.0053475077661828685,0.0,0.381632553229297,0.35282848850665244,0.26553895826405055,0.0
2012-02-13 00:00:00+00:00,639.5,652.0,628.25,643.0,1027610,58.37104072398191,0.2425228928347077,630.675,620.525,634.7921270011022,661.3001100964624,600.0498899035375,4.358317687213685,4.72330612685426,-0.3649884396405758,-0.0073729142413658,0.0457890433360588,-0.08092856520000002,10.57428591142857,1.029602786,2.9555000122571427,31.460000582857134,1.2881182665306121,0.0,7.0,1.6,0.0,1.7237999439239502,1.7294000387191772,1.7065999507904053,1.7187999486923218,0,31.798206629718536,0.083981336385236,1.7152999639511108,1.780900001525879,-0.0016310295814321,0.1071692710843006,226.665,0.4400191428267641,2.9252167121508466,0,0,0,0,0,0,2,7,0.8660254037844386,0.5000000000000001,0.7485107481711011,0.6631226582407953,19.040000915527344,0.0695933269961227,18.71750020980835,1.0,1099.1725671887398,-0.6031221009699741,644.25,631.75,4.66121424942857,52.56857086857143,11.712472924279172,29.327500221206815,1109.709985480147,1087.0390623356527,5.667730786123612,1104.005738177261,84.2022666678443,0.39432379060554607,0.33802740534994336,0.3551913289663527,1.1101728768304804,0.037138389366692726,0.05284364866221858,0.05770526314576391,0.6435874460360131,1.403284385458622,0.3837057902195288,0.08580412714539665,0.19971231993160632,0.42963860656365693,-0.002028130810393214,0.0,0.29913788681444303,-0.002028130810393214,0.0,0.34330656797939757,0.35755554520615934,0.29913788681444303,1.0
2012-02-20 00:00:00+00:00,641.75,646.75,621.75,639.0,699270,58.19672131147541,0.1571539932452067,636.85,624.36,634.8817765381227,649.8078263284121,623.8921736715879,2.8714137202357506,3.641745174079066,-0.7703314538433155,0.0158290462999604,0.058993399339934,6.280500031428572,5.197142756571428,1.3059684579591837,-1.4037857277142858,4.359999973714284,1.1498936599999998,0.0,6.8,0.0,0.0,1.7151999473571775,1.7354999780654907,1.705299973487854,1.7093000411987305,0,28.832975978089596,0.0695939548532302,1.7187999486923218,1.7554999589920044,0.0019217614192121,0.0691496008285658,226.665,0.4400191428267641,2.9252167121508466,0,0,0,0,0,0,2,8,0.8660254037844386,0.5000000000000001,0.8229838658936564,0.5680647467311559,17.780000686645508,-0.0684678087428972,18.49500036239624,1.0,1096.9433014392853,-0.24784300090555406,639.5,644.25,3.4405000628571427,17.11428598285714,10.86626268866669,27.716693753626654,1107.0759375031034,1092.51375884461,3.6405446646233646,1101.1807634820707,62.93632512288114,0.06099359474803846,0.33817142072994777,0.3208480365172945,0.1901011878055825,0.038955979742890535,0.04028455270087175,0.05172057268143164,0.7532007128155622,0.9738379663530191,0.3959278510909869,0.0549739709522257,0.1997263097546633,0.27524650241267035,0.0026987418960000564,0.0,0.35090514765804054,0.0026987418960000564,0.0,0.29215573724875366,0.3569391150932058,0.35090514765804054,1.0
2012-02-27 00:00:00+00:00,644.5,645.75,625.25,643.25,769102,50.16611295681064,0.1585314163066211,638.425,629.575,636.5576172098265,648.9094496379124,627.9405503620875,2.911734455483725,2.8696637964349585,0.042070659048766,0.004285157771718,0.0157604412923562,6.1447857557142855,10.74285733142857,1.5869931339591836,5.204071486428572,11.877142785142857,1.4148917906938774,0.0,6.0,0.0,0.0,1.7148000001907349,1.7257000207901,1.6922999620437622,1.7065999507904053,0,39.56036598323801,0.0714498718448174,1.7093000411987305,1.7490000128746033,-0.0036206275658421,0.0704498608678297,226.665,0.4400191428267641,2.9252167121508466,0,0,0,0,0,0,2,9,0.8660254037844386,0.5000000000000001,0.8854560256532099,0.4647231720437686,18.190000534057617,0.0227977531852472,18.19250059127808,1.0,1099.9036682844162,-0.8020818994109741,641.75,639.5,7.1512142985714275,40.017142525714284,10.500960030457781,26.69478723953093,1107.1611890184658,1093.3895803255064,3.442902173239833,1100.6699254030088,55.28075239428611,0.037283234901738196,0.3110749565402001,0.31776105379005354,0.117331036273127,0.03180760279286268,0.037371879711057196,0.049881200754959075,0.6376670155244867,1.0712713245606444,0.0763115836926327,0.04828133641317637,0.1858675251773673,0.25976207392594447,0.047497315413097096,1.0,0.8354650863422134,0.047497315413097096,1.0,0.04209313988566226,0.1224417737721244,0.8354650863422134,2.0
2012-03-05 00:00:00+00:00,666.25,671.0,642.0,642.5,208478,66.36085626911316,0.1483265765234727,642.8625,636.355,645.14752093928,663.3778825470555,622.3471174529444,7.234822210139441,4.883905708161311,2.35091650197813,0.0337470907680372,0.0361586314152411,7.414785777142858,18.980000608571427,1.8517779017551022,4.9005000885714285,27.931429222857144,1.6125254631020407,0.0,4.4,0.0,0.0,1.705899953842163,1.7415000200271606,1.6866999864578247,1.729300022125244,0,56.322915597522986,0.0729696859004646,1.7065999507904053,1.7180999517440796,-0.00362641515262,0.0703714695124943,226.665,0.4400191428267641,2.9252167121508466,0,0,0,0,0,0,3,10,1.0,6.123233995736766e-17,0.9350162426854148,0.3546048870425355,18.049999237060547,-0.0077263793792121,18.265000343322757,1.0,1152.1461397409437,-0.8026606580887641,644.5,641.75,6.649785692857143,14.17142928685714,10.13964003420705,26.774570593293912,1165.5736414717835,1058.509196854909,26.766111154218603,1121.260411138183,87.1510851942722,0.15174442754668246,0.32093748979367454,0.32038551923032854,0.4736307158167303,0.04352720450281426,0.03618416667414477,0.047744524290013926,0.9116688464991113,0.30573676219931806,-0.09081258489089859,0.07026495723714966,0.18512062953795827,0.37956306445636556,0.04273289885524023,1.0,0.800056087163226,0.04273289885524023,1.0,0.052817713644080076,0.14712619919269398,0.800056087163226,2.0
2012-03-12 00:00:00+00:00,671.5,672.0,639.25,665.5,21864,72.70270270270271,0.1802174202819695,646.5875,639.215,649.1302308513501,670.6051881090721,622.5698118909279,6.672553180401906,5.716168455990108,0.956384724411798,0.0078799249530956,0.0541601255886969,14.88907170857143,7.382857174285713,2.414750009142857,4.7047856914285715,35.371429414285714,2.0072897633061224,0.0,1.4000000000000001,0.0,0.0,1.7378000020980835,1.8174999952316284,1.7128000259399414,1.7891000509262085,0,75.40638608510456,0.0899469892015929,1.729300022125244,1.715499997138977,0.0091786394539856,0.0793811432447479,226.665,0.4400191428267641,2.9252167121508466,0,0,0,0,0,0,3,11,1.0,6.123233995736766e-17,0.970941817426052,0.239315664287558,15.640000343322754,-0.1433138854420277,17.415000200271606,1.0,1201.380684196949,0.4778448025717959,666.25,644.5,6.985500039999999,19.537143042285717,9.789004270156827,27.329206646261127,1236.6122765843818,1038.5746202464154,49.50941408449164,1153.3085203616895,97.91006300408348,0.18200971799950497,0.31848099334664404,0.3218221472254165,0.5655599339980137,0.04877140729709605,0.04004011674047124,0.04747572138297932,1.0272913313049294,0.0340742238019139,-0.24421650560576363,0.11474509823937537,0.1902490119458136,0.6031310808633585,-0.007274484116870261,0.0,0.2471772336020168,-0.007274484116870261,0.0,0.404614147993831,0.3482086184041522,0.2471772336020168,0.0
2012-03-19 00:00:00+00:00,663.5,678.5,658.0,670.25,576540,55.58659217877095,0.191145021380433,655.1375,641.295,657.1286272011387,681.515059741078,628.7599402589221,8.374257920142327,7.556913385447172,0.8173445346951551,-0.0119136262099777,0.0428290766208252,24.093357171428572,10.634285465714285,3.09330118122449,16.646928471428573,12.465714331428572,2.7796727537551016,0.0,0.0,0.0,0.0,1.798799991607666,1.821499943733216,1.7806999683380127,1.7975000143051147,0,80.533406872348,0.1020327395883891,1.7891000509262085,1.715499997138977,0.0156605741235983,0.1026540706935658,227.663,0.4402973551276279,2.871098780438208,0,0,0,0,0,0,3,12,1.0,6.123233995736766e-17,0.992708874098054,0.120536680255323,15.039999961853027,-0.0391184410834215,16.730000019073486,1.0,1192.6412594914436,1.125760057232202,671.5,666.25,5.1962143670000005,2.131428624000004,10.23145099281952,26.370271658207415,1254.1955045071606,1068.8403713497157,46.33878328936121,1169.0416160135912,92.27807807854147,0.1851472948569144,0.31887496998288317,0.30866395374890293,0.5998345015990628,0.03089675960813866,0.038791790788760425,0.04704992566941408,0.6566801669024136,0.9122719517910634,-0.06650837826275023,0.11313669335138736,0.17256523105478822,0.6556169287618431,-0.03249947855573987,0.0,0.0851010749384172,-0.03249947855573987,0.0,0.7057796138471708,0.209119311214412,0.0851010749384172,0.0
2012-03-26 00:00:00+00:00,637.75,663.5,636.75,663.25,733748,39.641943734015335,0.1995182226213509,656.425,641.45,651.7010473502277,679.3005787962305,633.5494212037694,0.8812410342138719,4.4636961183265695,-3.5824550841126976,-0.0388093443858327,-0.0046820132657042,20.12764297142857,25.65142770857143,2.927632590571428,24.528357099999997,25.951427882857143,3.0671924964081634,0.0,0.0,0.0,0.0,1.8207000494003296,1.830600023269653,1.791200041770935,1.8092999458312988,0,75.48106375693212,0.103902530758995,1.7975000143051147,1.7128000259399414,-0.0010564418476029,0.0985981165656933,227.663,0.4402973551276279,2.871098780438208,0,0,0,0,0,0,3,13,1.0,6.123233995736766e-17,1.0,-1.6081226496766366e-16,14.260000228881836,-0.0532548849485564,15.74749994277954,0.0,1153.8810404539108,-0.5459415398879179,663.5,671.5,2.420499976285714,11.608571662857141,11.153832031992454,26.34324947915256,1226.3343140937543,1123.6902478478694,25.661016561471232,1162.9773857897192,68.11604995517033,0.24305649838634782,0.16851766960245104,0.30597140449576316,0.7943764903231294,0.041944335554684437,0.03938946195111921,0.04694660666452296,0.8934474629857897,1.1780339695349362,-0.25778937991192075,0.09881189516259649,0.16350854007495227,0.6043224963911743,0.03635772433137352,1.0,0.7441947248745662,0.03635772433137352,1.0,0.0712340247598545,0.1845712503655793,0.7441947248745662,2.0
2012-04-02 00:00:00+00:00,655.0,659.5,603.0,638.0,1000484,43.11594202898551,0.2560163147278188,649.675,644.24,644.0772994210602,686.1748558036003,613.1751441963996,-3.3655571135032005,-1.1564927464665775,-2.209064367036623,0.027048216385731,-0.0060698027314112,21.6805,14.197143342857142,3.4633390097959187,21.213357357142854,55.98571299142858,2.9147031835510204,0.2,0.0,0.0,0.0,1.817199945449829,1.8341000080108645,1.803699970245361,1.825700044631958,0,64.6354466634495,0.0966121905296152,1.8092999458312988,1.7135000228881836,-0.0048519861108757,0.1037020368162643,227.663,0.4402973551276279,2.871098780438208,1,0,0,1,0,0,4,14,0.8660254037844387,-0.4999999999999998,0.992708874098054,-0.1205366802553228,15.640000343322754,0.0923733260319781,15.145000219345093,1.0,1195.8335292339325,-0.9254959662151979,637.75,663.5,0.7919285899999998,26.400000999999996,11.802833665873125,28.255666479944562,1229.2774135174514,1142.5908431706666,21.671642586696127,1176.1198431674045,65.75039161821704,0.25306009506635585,0.17998222239902734,0.3044382926621843,0.8312360595018835,0.08625954198473282,0.050279849789493236,0.048437957875835366,1.7808249554532984,1.630465967899081,-0.26304681621793047,0.0858034010663053,0.16347342474276955,0.5248767250857583,-0.011222651268042672,0.0,0.21229738699591597,-0.011222651268042672,0.0,0.4529229976786496,0.33477961532543454,0.21229738699591597,0.0
2012-04-09 00:00:00+00:00,649.0,665.75,648.5,654.0,494910,44.62962962962963,0.3198820628908705,650.75,646.3,647.7550312773587,687.3347969574858,614.1652030425142,0.4981628607515631,-0.5625104103300866,1.0606732710816498,0.0077639751552796,0.0062015503875969,17.216214314285715,13.142856832857142,3.6927531763265304,22.6619283,23.862857982857143,3.651093405102041,0.0,0.0,0.0,0.0,1.832800030708313,1.8418999910354608,1.8072999715805047,1.821900010108948,0,50.98035396368442,0.0833486744769703,1.825700044631958,1.761299967765808,0.0026875638601228,0.0917912671286638,227.663,0.4402973551276279,2.871098780438208,1,0,0,2,0,0,4,15,0.8660254037844387,-0.4999999999999998,0.970941817426052,-0.2393156642875575,18.809999465942383,0.1845568578519733,15.9375,1.0,1182.4131065607073,-0.17154096911534794,655.0,637.75,2.729785725471428,35.70857156,12.503420416461957,27.97225948013247,1219.3644670117988,1143.0200008581983,19.086116538400166,1178.6371485247257,40.78103115060632,0.23266781246945056,0.18595416640069617,0.29787052556827476,0.7811038175547272,0.026579352850539292,0.046890279459038245,0.04518725174169985,0.5882045476106211,0.8361969840239449,-0.2263167209173428,0.09953200917630317,0.1603105582729781,0.6208699167407309,-0.03150640123625981,0.0,0.08904756151643403,-0.03150640123625981,0.0,0.6953644731519265,0.21558796533163946,0.08904756151643403,0.0
2012-04-16 00:00:00+00:00,623.25,653.75,621.0,649.5,923898,44.48669201520912,0.3105780152556098,640.9375,645.565,641.368062565259,670.4911421301557,611.3838578698443,-4.003847075847375,-1.8446882468689707,-2.1591588289784043,-0.0396764252696456,-0.0683856502242152,16.790500048571428,16.03428598,3.752295761632653,18.07549995714286,27.199999354285712,3.7299356471428573,0.0,0.4,0.0,0.0,1.819100022315979,1.8496999740600584,1.7977999448776243,1.837399959564209,0,64.52067316547432,0.0673596686362583,1.821900010108948,1.799399971961975,-0.000548752599192,0.0683029346212693,229.392,0.7594558623930991,2.651398193021781,1,0,0,3,0,0,4,16,0.8660254037844387,-0.4999999999999998,0.9350162426854148,-0.3546048870425354,19.549999237060547,0.0385866324856172,17.06499981880188,1.0,1145.1595247983932,-0.8143311223122991,649.0,655.0,2.9555000122571427,31.460000582857134,12.862909419086531,27.922436246206875,1216.8821015324097,1121.7614989910621,23.78015063533686,1165.2460990341929,31.930541575016704,0.20117233990068567,0.2066352056596588,0.29528874045005343,0.6812732946787722,0.05254713196951464,0.04764542439352196,0.046166953080353026,1.1381977167971176,1.5240284915920257,-0.17491971060569766,0.032321850006109834,0.13155089184200391,0.24569842968411745,0.01749620122586637,1.0,0.5311620734218864,0.01749620122586637,1.0,0.1645425717866651,0.30429535479144854,0.5311620734218864,2.0
2012-04-23 00:00:00+00:00,622.5,628.5,599.5,623.0,587115,34.66981132075472,0.3258043821879745,632.4625,642.845,631.1300749785021,667.3522794565364,597.5727205434636,-8.191983596873001,-5.844547631824856,-2.3474359650481453,-0.0012033694344163,-0.0341349883630721,16.94907137142857,33.32000024,3.5495535959183675,21.039071685714287,54.86571530285713,3.6185445240816327,0.0,0.2,0.0,0.0,1.845700025558472,1.8899999856948853,1.829699993133545,1.8717999458312988,0,69.73678653949418,0.0616584060974786,1.837399959564209,1.8180999755859373,0.0061141970525382,0.0693921863858238,229.392,0.7594558623930991,2.651398193021781,1,0,0,4,0,0,4,17,0.8660254037844387,-0.4999999999999998,0.8854560256532099,-0.4647231720437685,18.96999931335449,-0.0301164996558055,18.242499589920044,1.0,1165.1954662799835,-0.1480361571392791,623.25,649.0,-1.4037857277142858,4.359999973714284,13.390403758868967,29.66071231437786,1216.0152324667667,1128.2855809697414,21.93241287425629,1165.2258459325092,55.02138350572979,0.2196619554627505,0.20745499034527995,0.27297153920079537,0.8047064102683067,0.046586345381526104,0.05078334154819945,0.045932720155547384,1.0142298361923034,0.943975345042215,-0.2011127289465909,0.053027537773292076,0.11050132614834038,0.47988141701839954,0.06868895442274225,1.0,0.9361026781932086,0.06868895442274225,1.0,0.015002123595250381,0.04889519821154109,0.9361026781932086,2.0
2012-04-30 00:00:00+00:00,660.25,661.0,609.75,622.25,413573,59.306569343065696,0.3344657933010683,633.95,642.815,632.9901205979464,671.0638362622984,596.8361637377017,-1.8668049908186504,-5.62498892509073,3.75818393427208,0.0606425702811244,0.0931291390728477,18.43049984285714,15.971428262857142,3.79870540244898,14.090499964285714,47.67142820571428,3.615628343061225,0.2,0.2,0.2,0.0,1.8773000240325928,1.8935999870300293,1.8610999584198,1.8860000371932983,0,83.10278740103698,0.0644091847650141,1.8717999458312988,1.8207999467849727,-0.0041052949649218,0.0643182595009869,229.392,0.7594558623930991,2.651398193021781,1,0,0,5,0,0,4,18,0.8660254037844387,-0.4999999999999998,0.8229838658936565,-0.5680647467311557,17.149999618530273,-0.1008605963817166,18.619999408721924,1.0,1245.2315245568752,-1.169985358885279,622.5,623.25,5.204071486428572,11.877142785142857,13.435571255992627,30.822693984786664,1271.0101069545963,1097.9897041433833,43.25510070280328,1197.2281173822557,66.38451234148928,0.2788364600346231,0.24736596680586717,0.29008618245781326,0.9612193454370421,0.07762211283604695,0.05791889700447195,0.047849692577879195,1.6222067986673645,0.6444753318987942,-0.24321982659657487,0.05274030317728796,0.11083539454184008,0.47584346712406894,0.029036363227561424,1.0,0.6685907586101595,0.029036363227561424,1.0,0.09958733640383212,0.2318219049860084,0.6685907586101595,2.0
2012-05-07 00:00:00+00:00,665.0,674.0,640.0,659.25,33405,65.64019448946516,0.2980469546431724,634.0875,644.62,642.3054637048531,672.3491597295855,595.8258402704145,5.041564184982349,0.0996713100062662,4.941892874976083,0.0071942446043165,0.0102544625902012,25.66478557142857,40.55428533714286,3.533166183265306,15.4219283,42.937142242857135,3.8057177548979593,0.4,0.0,0.0,0.0,1.9057999849319456,1.932600021362305,1.888100028038025,1.926900029182434,0,82.90117499538712,0.073868135837108,1.8860000371932983,1.8229000568389893,0.0011671747304073,0.0640418359356364,229.392,0.7594558623930991,2.651398193021781,1,0,0,6,0,0,5,19,0.4999999999999999,-0.8660254037844387,0.7485107481711013,-0.663122658240795,18.940000534057617,0.0992779645864557,18.65249967575073,1.0,1281.3885194063187,-0.6427383893523692,660.25,622.5,4.9005000885714285,27.931429222857144,13.563723323347942,31.604271291758955,1338.5858214655377,1079.9016960552476,64.6710313525725,1230.892278191881,78.5260384404201,0.2729441112523065,0.24838319912162446,0.2807007942541369,0.97236668764651,0.05112781954887218,0.050892552517299815,0.04809743130906656,1.0630049781719757,0.0541744534165778,-0.2703473953578169,0.06797983429629605,0.1053714278410353,0.6451447915027153,-0.06754153802880403,0.0,0.0158739138530331,-0.06754153802880403,0.0,0.9325840032705742,0.05154208287639268,0.0158739138530331,0.0
2012-05-14 00:00:00+00:00,608.0,685.75,600.0,669.25,114570,46.720000000000006,0.3285261317891551,633.4875,642.25,636.2097795510256,677.7226595691108,589.2523404308891,-2.6653852980836064,0.8774878511087985,-3.542873149192405,-0.0857142857142857,-0.0337703615415176,21.629071457142857,20.177142705142856,4.356678926530613,25.346213928571427,72.8057138337143,3.7884837728571434,0.0,0.0,0.0,0.0,1.9187999963760376,1.9883999824523928,1.9012999534606927,1.9651999473571773,0,76.1322540754872,0.0935493340085181,1.926900029182434,1.826200008392334,0.0089139569959391,0.0795586034093899,230.085,0.3021029504080452,2.302739811298937,1,0,0,7,0,0,5,20,0.4999999999999999,-0.8660254037844387,0.6631226582407952,-0.7485107481711012,21.8700008392334,0.1438397571071306,19.232500076293945,1.0,1194.8415679931638,0.5892927491858648,665.0,660.25,4.7047856914285715,35.371429414285714,14.32388400755591,34.26242887511091,1325.1410598134792,1118.1874793046916,51.738395127196895,1216.4719941123942,61.15067494541565,0.38541798061860066,0.3003646946918036,0.3028148720453234,1.2727841446079051,0.14103618421052633,0.07378391878929723,0.052828820826291825,2.6696821035898357,0.19044820073243365,-0.18512918417291585,0.04757084401101922,0.10918844819618059,0.43567648812796633,0.07120984185079737,1.0,0.9432401706630957,0.07120984185079737,1.0,0.013249046509510596,0.043510782827393624,0.9432401706630957,2.0
2012-05-21 00:00:00+00:00,633.0,644.5,581.5,582.5,694339,41.127694859038144,0.3509477416532897,635.3,639.125,631.3392539598102,678.3316896692298,592.2683103307701,-3.6614154473691087,-2.869505678935527,-0.7919097684335816,0.0411184210526316,0.033469387755102,26.234785628571426,3.7914284857142855,5.980062184897959,22.67478564285714,25.788571025142854,4.810718116938775,1.8,0.0,0.0,0.0,1.992900013923645,2.044600009918213,1.9764000177383425,2.0220000743865967,0,80.07252524716526,0.1066820369013386,1.9651999473571773,1.8795000314712524,0.0067394952969998,0.1026024584820512,230.085,0.3021029504080452,2.302739811298937,1,0,0,8,0,0,5,21,0.4999999999999999,-0.8660254037844387,0.5680647467311558,-0.8229838658936564,22.01000022888184,0.0063810328749612,19.99250030517578,1.0,1279.9260470867157,0.3718465792919348,608.0,665.0,16.646928471428573,12.465714331428572,14.862651854994699,33.71572836866136,1331.5505027345068,1169.14332678703,40.60179398686925,1241.853615302123,69.93064998476754,0.40600338681904263,0.325406577947387,0.3143102190541786,1.2917282012767666,0.0995260663507109,0.08317970566553648,0.05596831053207176,1.7782571534137612,1.126618073748675,-0.08694351009651528,0.05439839147740347,0.11676339089368076,0.4658856376317445,-0.102956821536619,0.0,0.002737849062215509,-0.102956821536619,0.0,0.9878456709681802,0.009416479969604279,0.002737849062215509,0.0
2012-05-28 00:00:00+00:00,578.5,634.75,573.25,629.0,685718,25.70224719101124,0.4022944655042128,627.8625,632.595,617.1613469454418,684.6127550423157,571.1122449576842,-12.110204636643177,-6.717543822251655,-5.39266081439152,-0.0896931549960661,-0.0729166666666666,28.994785742857143,15.808571603428572,6.309328735102041,28.374785785714288,18.32285691542857,6.3780921008163265,3.6,0.0,0.6000000000000001,0.2,2.032000064849853,2.1017000675201416,1.964100003242493,1.984699964523316,0,60.70848408843584,0.1577462583128076,2.0220000743865967,1.883800029754639,0.0070973858298018,0.103184202508086,230.085,0.3021029504080452,2.302739811298937,1,0,0,9,0,0,5,22,0.4999999999999999,-0.8660254037844387,0.464723172043769,-0.8854560256532096,21.76000022888184,-0.0114234734311546,21.145000457763672,1.0,1148.1489294767384,0.4076356325721348,633.0,608.0,24.528357099999997,25.951427882857143,15.734402431170157,32.72263988780763,1357.7704594196005,1094.3820725618677,65.84709671443322,1204.371740971969,35.70488126797055,0.5882288941091705,0.4186536621337344,0.36234684678348045,1.6233862198525026,0.1063094209161625,0.09512432077246377,0.05938577544291057,1.7901492776981303,1.1232727084494833,0.14428515657104343,0.13380846585696524,0.12097845092768218,1.1060519767808297,0.008613404515207757,0.0,0.4208390956833097,0.008613404515207757,0.0,0.23493170926082468,0.3442291950558656,0.4208390956833097,2.0
2012-06-04 00:00:00+00:00,568.0,583.75,551.0,580.0,748864,37.69230769230769,0.3768777334090997,603.9375,623.12,594.4390854952562,674.2804334721922,533.5945665278078,-20.36056528186793,-15.004210352488217,-5.35635492937972,-0.0181503889369057,-0.1271609681137149,22.387642914285713,18.768571526857144,5.768000509387755,31.38835705714286,34.38571498742857,5.991648145510204,0.4,0.0,0.0,0.0,1.981899976730347,2.0420000553131104,1.9616999626159668,2.038800001144409,0,58.9327218901634,0.1973646476816797,1.984699964523316,1.9098000526428225,-0.0212864409040859,0.1992150176071567,230.085,0.3021029504080452,2.302739811298937,1,0,0,10,0,0,6,23,1.2246467991473532e-16,-1.0,0.3546048870425358,-0.9350162426854148,26.1200008392334,0.1826279040319368,22.940000534057617,2.0,1158.0384006500244,-2.430747040816635,578.5,633.0,21.213357357142854,55.98571299142858,16.744334987684525,32.82993505552511,1315.0909410099177,1075.3865315934033,59.9261023541286,1185.8384048431913,30.31425174090731,0.525794352747503,0.4125731096803092,0.30777162163961586,1.7083912183406822,0.05765845070422535,0.09113158834609944,0.0571811250006406,1.008347433180181,1.221064165612221,0.1256579272466839,0.1403702485991129,0.11111270561550717,1.2633139944562968,0.033665242331305745,1.0,0.7177366293222871,0.033665242331305745,1.0,0.08067120650721013,0.20159216417050274,0.7177366293222871,2.0
2012-06-11 00:00:00+00:00,592.0,605.5,560.5,568.0,740330,36.148648648648646,0.3865590741529411,590.5375,619.09,592.1825497595967,641.5801227980586,539.4948772019414,-11.459707069866568,-14.72566479690584,3.265957727039273,0.0422535211267605,-0.0535571542765787,28.421928428571427,8.248571485714287,5.623295867346939,25.464071385714284,30.857142906285713,5.634127758571428,2.8000000000000003,0.0,0.6000000000000001,0.0,2.0527000427246094,2.0578999519348145,2.0016000270843506,2.0220000743865967,0,48.18086805956164,0.1966886472077791,2.038800001144409,1.9520000219345093,0.0066435495033172,0.195900766678911,230.085,0.3021029504080452,2.302739811298937,0,0,0,0,0,0,6,24,1.2246467991473532e-16,-1.0,0.2393156642875576,-0.970941817426052,23.559999465942383,-0.1031510004227401,23.362500190734863,1.0,1197.0240440368652,0.3622519999236748,568.0,578.5,22.6619283,23.862857982857143,17.306898626267092,32.70265814267096,1315.6467876295064,1075.9219229956652,59.93121615846026,1190.312660520661,50.41064631855401,0.5307574793763052,0.4113259460195638,0.3108176606268759,1.7076168105431118,0.07601351351351351,0.09610872713902771,0.0586632522892195,1.2957600813053054,1.21903568190038,0.11283556876008605,0.15606146975168989,0.10669513845392746,1.4626857173274335,0.025790452077671278,1.0,0.6317013562456201,0.025790452077671278,1.0,0.11511535249738648,0.25318329125699346,0.6317013562456201,2.0
2012-06-18 00:00:00+00:00,599.5,608.5,575.5,595.0,801587,64.0151515151515,0.3739968761278588,584.1,612.785,592.013215460927,623.8046331646132,544.3953668353869,-6.159464575550828,-10.09098213782262,3.931517562271793,0.0126689189189188,-0.0407999999999999,28.856214342857147,17.299999464,6.352718316734694,31.132642585714283,16.139999742285717,6.144369514693878,2.6,0.0,0.0,0.0,2.063699960708618,2.074199914932251,2.0302999019622803,2.0481998920440674,0,67.11408652496922,0.2012585396566126,2.0220000743865967,2.007699966430664,-0.0037515251156955,0.1938979162589953,229.815,-0.1173479366321172,1.704253774937592,0,0,0,0,0,0,6,25,1.2246467991473532e-16,-1.0,0.120536680255323,-0.992708874098054,18.31999969482422,-0.2515569935274879,22.44000005722046,1.0,1227.8958352804184,-0.2578045749374328,592.0,568.0,18.07549995714286,27.199999354285712,18.19888210752175,31.634099536194498,1256.2595815377779,1109.2940231842451,36.741389588383235,1205.3459304245641,37.701110501158816,0.4865001447354748,0.41397677272730027,0.31263185680004896,1.5561438112981214,0.05504587155963303,0.07891066460884905,0.05894225738283233,0.9338947075467582,1.3281228188902798,0.08247076029063516,0.15185179979407815,0.10170051150017262,1.4931270514067168,0.06169102697052997,1.0,0.9116984275640266,0.06169102697052997,1.0,0.02115387504391144,0.06714769739206194,0.9116984275640266,2.0
2012-08-06 00:00:00+00:00,803.0,825.0,782.25,819.0,349446,56.35135135135135,0.3652345458239204,791.725,689.1,780.4034340722144,833.4644487139701,749.9855512860299,30.305072874678103,36.006654357007974,-5.701581482329871,-0.0207317073170731,0.0803901782711067,31.723356885714285,11.645714328285713,5.802556625714287,29.789785857142856,23.565714373714286,6.418055317959185,4.6,0.0,0.0,0.0,2.04040002822876,2.05679988861084,2.0085999965667725,2.0269999504089355,0,47.80182467743364,0.0821684956214642,2.020900011062622,2.018699884414673,0.0003958892937574,0.0922318693170302,229.478,-0.1466396884450493,1.6639937622385137,0,1,0,0,6,0,8,32,-0.8660254037844385,-0.5000000000000004,-0.663122658240795,-0.7485107481711013,15.949999809265137,-0.1225782580261704,17.4275004863739,1.0,1627.6809601783752,0.18622861782078928,820.0,814.0,31.38835705714286,34.38571498742857,23.27258595856481,26.31618466023475,1694.4971402308884,1562.4691171028671,33.00700578200529,1605.4521236460191,74.31775769951973,0.3948555219351272,0.2880477567822571,0.37791885544872833,1.0448155888335684,0.05323785803237858,0.07742615379216627,0.07359693883028634,0.7233704505215892,0.6780322694278128,-0.34863102324497447,0.044803333368296706,0.10304986779683767,0.43477327995115395,-0.031517664632417675,0.0,0.08900188882692309,-0.031517664632417675,0.0,0.6954837578183816,0.21551435335469535,0.08900188882692309,0.0
2012-08-13 00:00:00+00:00,782.75,843.75,776.75,801.0,556372,47.87077826725403,0.2873366807053129,801.3375,713.11,788.4019702751661,826.8822362998781,775.7927637001219,21.152353620745544,28.40827166928208,-7.255918048536532,-0.0252179327521793,0.0357260999007609,27.56192845714286,18.891428274285715,5.407971307346939,28.493357000000003,33.057142785714284,5.735281369591838,1.6,0.0,0.0,0.0,2.0285000801086426,2.0332999229431152,1.9953999519348145,2.0139000415802,0,41.31272069842883,0.0869105515570254,2.0269999504089355,2.0367000102996826,-0.0105021211009303,0.086880073285447,229.104,-0.1629785861825494,1.4084507042253502,0,0,0,0,0,0,8,33,-0.8660254037844385,-0.5000000000000004,-0.7485107481711011,-0.6631226582407952,13.699999809265137,-0.1520629983607285,16.575000286102295,0.0,1576.3802575469017,-0.8872335239104805,803.0,820.0,25.464071385714284,30.857142906285713,23.60940989672192,26.751085184459235,1698.671173999027,1555.2487819400276,35.855598014749816,1593.8233772063722,48.039991925504765,0.1978447770481227,0.32232617943763614,0.37756533154797955,0.5240014251228124,0.08559565633982753,0.07164944500853553,0.0757795048695435,1.1295355543933316,1.0984341491222873,-0.3226208654056067,0.038832918086666675,0.10498729488484963,0.3698820360162472,0.04183050874568073,1.0,0.7927406871185609,0.04183050874568073,1.0,0.05512103494267249,0.15213827793876655,0.7927406871185609,2.0
2012-08-20 00:00:00+00:00,815.25,817.5,777.75,784.75,312901,53.15315315315316,0.2742793868444459,799.5625,734.54,792.4005431541408,822.576726149534,776.548273850466,15.041954029738804,19.82487527582258,-4.782921246083777,0.041520281060364,-0.0112189205579138,26.0905,10.957142655714286,4.620890776326531,25.26692877142857,27.18857075142857,5.117754074081632,0.8,0.0,0.0,0.0,2.01990008354187,2.028599977493286,1.995700001716613,2.01449990272522,0,36.83677863386573,0.0854820819682825,2.0139000415802,2.011199951171875,-0.0015877225164585,0.0871390091598684,229.104,-0.1629785861825494,1.4084507042253502,0,0,0,0,0,0,8,34,-0.8660254037844385,-0.5000000000000004,-0.8229838658936564,-0.5680647467311559,14.020000457763672,0.0230890953453783,15.425000190734863,0.0,1642.3210456967358,0.004206334536699385,782.75,803.0,31.132642585714283,16.139999742285717,23.7163465983159,26.77931005974758,1696.1257235066764,1555.6344127400048,35.12282769166786,1613.222444602518,48.62603274537331,0.23838443508873045,0.3231447778995823,0.3784277073242843,0.6299338662988387,0.04875804967801288,0.06550147335417995,0.07390443025420748,0.659744522931246,0.6627368551256217,-0.32970179081728435,0.031673652979048034,0.10509593416480342,0.30137845214445036,-0.021291924499702963,0.0,0.14008354735738401,-0.021291924499702963,0.0,0.5780067492262264,0.28190970341638955,0.14008354735738401,0.0
2012-08-27 00:00:00+00:00,794.5,834.0,794.0,814.75,283917,49.49664429530202,0.254535778720367,803.7,756.89,799.8729111996557,830.3174655758758,777.0825344241243,12.353624680665234,16.46826940378261,-4.114644723117376,-0.0254523152407236,-0.0050093926111458,29.9247856,8.83999996857143,5.152015346938775,24.966214457142858,19.48857118,4.68874164755102,3.6,0.0,0.0,0.0,2.0143001079559326,2.029400110244751,1.9967000484466555,2.023099899291992,0,44.96250233526391,0.0752517203988881,2.01449990272522,2.0201001167297363,-0.0002978457326683,0.0830467799586851,229.104,-0.1629785861825494,1.4084507042253502,0,0,0,0,0,0,8,35,-0.8660254037844385,-0.5000000000000004,-0.8854560256532096,-0.4647231720437691,16.350000381469727,0.1537430064175391,15.005000114440918,1.0,1607.3528699874878,0.13319401291571942,815.25,782.75,29.615499914285717,45.99999869085714,23.796983234369257,26.308939809441284,1670.5581769186008,1556.3093897861493,28.562196783112867,1610.874614756506,36.297671816557845,0.2106560747833125,0.3453240907896992,0.38079002896068953,0.5532079446150097,0.05034612964128383,0.05953875825049567,0.07509276909374472,0.6704523424074166,0.6150915449041262,-0.2707249750665518,0.030238124390592834,0.10443459953414624,0.2895412213008379,0.012681261927037335,0.0,0.47104819614049054,0.012681261927037335,0.0,0.2003572413446799,0.32859456251482955,0.47104819614049054,2.0
2012-09-03 00:00:00+00:00,802.75,819.0,787.75,795.0,174582,57.874015748031496,0.2438835207120021,803.85,772.965,801.2261437387215,831.0695749995589,776.6304250004412,8.938304940917646,12.43407349864142,-3.495768557723773,0.000623247117482,0.0110201511335013,31.21050002857143,20.84000034857143,5.195812436734694,28.759071385714282,27.79714312857143,5.266386866020409,4.8,0.0,1.0,0.4,2.0309998989105225,2.052900075912476,2.0106000900268555,2.0276999473571777,0,55.23554817690448,0.0579753174524281,2.023099899291992,2.0483999252319336,0.0001482639624528,0.0728297327623356,229.104,-0.1629785861825494,1.4084507042253502,0,0,1,0,0,1,9,36,-1.0,-1.8369701987210294e-16,-0.9350162426854148,-0.3546048870425359,17.469999313354492,0.0662571641669555,15.384999990463257,1.0,1627.7361327409744,0.1778049824278294,794.5,815.25,30.451928528571425,32.46571448,24.117117953810876,26.40495292680452,1670.5903409198079,1556.3048120662418,28.571382213391573,1617.6192219502934,50.0159834365292,0.2158665113884576,0.33597202452978797,0.3723028589622137,0.5798142571132501,0.03892868265337901,0.055373275268976355,0.07441184662793794,0.5231516107442914,0.411634324929671,-0.2327438077490964,0.030649104573070574,0.10438765482481675,0.2936084893220465,-0.028245863415502726,0.0,0.10318804761995995,-0.028245863415502726,0.0,0.6597753291688824,0.23703662321115768,0.10318804761995995,0.0
2012-09-10 00:00:00+00:00,781.0,818.25,779.0,805.0,22607,37.19626168224298,0.2427098217291091,800.95,788.975,798.0123592157257,829.499864042423,772.400135957577,2.763607138485895,7.471815232993713,-4.7082080945078175,-0.0270943631267518,-0.045523984112435,28.116214285714282,23.677143685714285,4.615446781836735,28.706928285714287,48.917144359999995,5.055553317653062,1.4,0.0,0.0,0.0,2.028599977493286,2.040499925613404,1.992300033569336,2.0253000259399414,0,56.892188643731046,0.0532918252121141,2.0276999473571777,2.0171000957489014,-0.0087401581385524,0.0513402856548222,229.104,-0.1629785861825494,1.4084507042253502,0,0,1,0,0,2,9,37,-1.0,-1.8369701987210294e-16,-0.970941817426052,-0.2393156642875577,16.280000686645508,-0.0705476820900637,16.03000020980835,1.0,1581.7593202590942,-0.7110372276726906,802.75,794.5,33.23835684285714,3.8257143257142827,24.41323474941755,27.857352374107457,1667.3521178571661,1562.2325664849798,26.27988784304658,1603.2752612738138,51.607907458939614,0.22758002789118822,0.33502895024144225,0.3796974580476525,0.5993719922899952,0.05025608194622279,0.054776920051745205,0.07459533345617278,0.6737160741910102,0.05710370522393806,-0.10347586466641971,0.02944525268241479,0.10216615121441802,0.28820944559732936,-0.04981979502226386,0.0,0.03765201111723101,-0.04981979502226386,0.0,0.8508127386216785,0.11153525026109049,0.03765201111723101,0.0
2012-09-17 00:00:00+00:00,748.0,792.0,747.0,781.0,307139,32.046332046332054,0.2297655100612152,796.0875,794.185,786.9128411960671,836.4530256115103,755.7219743884897,-5.626615534954681,0.6909736375343537,-6.3175891724890345,-0.0422535211267606,-0.0623628956439987,25.270500085714286,13.954286012857143,4.765592333469387,25.85621412857143,39.18285825714286,4.510876711020408,0.6,0.0,0.0,0.0,2.0192999839782715,2.0302999019622803,1.9931999444961548,2.009299993515014,0,38.709709431565294,0.0578370976097444,2.0253000259399414,2.0151000022888184,0.000148102888218,0.0549269717170325,230.379,0.5565158181437102,1.692378997550148,0,0,1,0,0,3,9,38,-1.0,-1.8369701987210294e-16,-0.992708874098054,-0.1205366802553235,14.59000015258789,-0.109601029758553,16.172500133514404,0.0,1502.9563951492307,-0.5417055293219102,781.0,802.75,32.78478547142857,3.742857177142858,24.506330193233932,28.588030173012967,1689.2868741512234,1470.6154849171703,54.66784730851323,1563.1477148239808,11.315788415949712,0.26196332955288654,0.22219972148696265,0.38364146014623945,0.6828337130838054,0.06016042780748663,0.04968987434527702,0.07372224920474475,0.816041565416578,0.7863824357119055,-0.38712584442662173,0.03356432889211252,0.10370657382840384,0.3236470400726834,0.00036256534774103955,0.0,0.324784123044513,0.00036256534774103955,0.0,0.316884138626375,0.358331738329112,0.324784123044513,1.0
2012-09-24 00:00:00+00:00,744.75,759.25,736.5,748.25,722933,26.10364683301343,0.2403654712675197,778.475,792.615,771.2370901632306,825.9640292039719,730.9859707960281,-12.32697348475449,-7.1232455354766655,-5.203727949277824,-0.0043449197860963,-0.0791344667697063,20.236214257142855,7.631428474285714,4.085296974285714,24.14478577142857,18.5371429,4.643821879795918,0.2,0.0,0.4,0.4,2.0302999019622803,2.0311999320983887,2.0034000873565674,2.0188000202178955,0,44.94845715577884,0.0724684838328559,2.009299993515014,2.0227999687194824,-0.0044195862523211,0.0605741390378701,230.379,0.5565158181437102,1.692378997550148,0,0,1,0,0,4,9,39,-1.0,-1.8369701987210294e-16,-1.0,-1.8369701987210294e-16,14.149999618530272,-0.0306217758628279,15.62249994277954,0.0,1503.5013150572777,-0.9984744433758203,748.0,781.0,32.86764294285714,4.397142862857143,24.48300474666585,27.939585832818583,1677.0772199627809,1430.8993616405078,61.5444645805683,1539.2891549172996,14.36310574274556,0.1800897783257182,0.2208205077051021,0.3824716745045356,0.4708578062687477,0.030547163477677074,0.04604769710520985,0.072693216401185,0.42022021844361435,1.70082492948741,-0.4755162982372469,0.03763539467907326,0.09903518917299987,0.3800203866236466,0.018025382408954238,1.0,0.5377453323974837,0.018025382408954238,1.0,0.16093749808673594,0.30131716951578036,0.5377453323974837,2.0
2012-10-01 00:00:00+00:00,756.75,768.5,705.0,743.5,813318,41.87898089171975,0.2631189953508976,762.9375,786.9,759.2458705639467,812.6654109914934,713.2095890085066,-13.01977085293106,-11.96745662782892,-1.0523142251021405,0.0161127895266868,-0.0674676524953789,22.651928457142855,11.611428828571432,3.592359557714286,17.52049981428571,16.228571182857145,3.9298766636326525,0.0,0.0,3.6,4.0,2.0234999656677246,2.03410005569458,2.006700038909912,2.022599935531616,0,51.72052019600577,0.0685379031275319,2.0188000202178955,2.0455000400543213,0.0003467992507702,0.072229100329363,230.379,0.5565158181437102,1.692378997550148,0,0,1,0,0,5,10,40,-0.8660254037844386,0.5000000000000001,-0.992708874098054,0.1205366802553232,16.31999969482422,0.1426767337062095,15.335000038146973,1.0,1530.6025012135506,-0.5218358930666902,744.75,748.0,33.5119286,13.871428619428578,24.033810880060678,27.184036500563007,1603.7551247114288,1455.654641128148,37.025120895820294,1535.8144934358002,18.137413840858258,0.2112204451094224,0.19976456094058984,0.35899626557384473,0.5883638897695885,0.08391146349520978,0.05276076387599504,0.06983698036541917,1.2015332140767596,1.7681369981271866,-0.5624205430337975,0.03518724923779405,0.09455751025376924,0.3721253385596417,-0.0317075579662639,0.0,0.0882350541766418,-0.0317075579662639,0.0,0.6974908558932852,0.21427408993007302,0.0882350541766418,0.0
2012-10-08 00:00:00+00:00,742.0,767.5,740.0,756.5,621319,50.83333333333333,0.2974813773226484,752.5375,782.575,756.2196786655173,785.4581682000206,719.6168317999794,-8.982355851326929,-10.267687863911153,1.2853320125842238,-0.0194912454575487,-0.0666666666666666,16.409071391428572,8.334286002857143,3.1801757397551023,22.376928467142854,20.708572211428578,3.413252845061225,0.0,1.0,2.0,0.0,2.0230000019073486,2.030400037765503,1.9974000453948968,1.9974000453948968,0,26.92858146020471,0.0626380782559465,2.022599935531616,2.025000095367432,-0.0021730623926943,0.0630253937303858,230.379,0.5565158181437102,1.692378997550148,0,0,1,0,0,6,10,41,-0.8660254037844386,0.5000000000000001,-0.970941817426052,0.2393156642875573,15.109999656677246,-0.0770345772733752,15.042499780654907,1.0,1482.0708336830135,-0.7738220574131403,756.75,744.75,29.789785857142856,23.565714373714286,23.926915240517594,26.76626461094143,1544.5733521748361,1464.9921703767004,19.89529544953398,1514.3170295346856,17.83841878077544,0.1985418917189371,0.20384746891919392,0.35244753285348585,0.5633232398543687,0.03706199460916442,0.05238742626715213,0.06671377677834185,0.5555372644683443,1.3615418590098618,-0.4946051574217081,0.05123784798753407,0.08510172110800686,0.6020776231038775,0.015734660885067475,1.0,0.5091822286088169,0.015734660885067475,1.0,0.17701069597929397,0.3138070754118891,0.5091822286088169,2.0
2012-10-15 00:00:00+00:00,737.25,776.0,732.25,741.75,737392,48.018292682926834,0.3211724172748588,746.8625,776.795,753.160971318782,772.2984231051198,721.4265768948801,-6.717917053338965,-8.213735090979064,1.495818037640099,-0.0064016172506738,-0.0517684887459807,16.494785714285715,14.860000194285716,2.859205946530612,11.454071317142857,25.022857754285713,2.956034096122449,0.0,0.0,0.4,0.0,2.028700113296509,2.042200088500977,2.0183000564575195,2.041899919509888,0,59.62336991897296,0.0857016564574411,1.9974000453948968,2.018199920654297,-0.0093185597846828,0.0674716500987786,231.407,0.4462212267611232,1.9912820806649911,0,0,1,0,0,7,10,42,-0.8660254037844386,0.5000000000000001,-0.9350162426854148,0.3546048870425355,15.270000457763672,0.010533395645426,15.212499856948853,1.0,1505.390715658665,-1.3780772052294032,742.0,756.75,28.493357000000003,33.057142785714284,23.122215632557936,26.65378674922171,1545.1073475684098,1465.6753352378437,19.858003082641506,1510.7465039842775,51.223305461558915,0.2199991201973056,0.2116163470717555,0.2923655323961121,0.752479647205618,0.0593421498813157,0.05420463985417071,0.06436541322659951,0.9219569592885407,1.6068036474010126,-0.5130880825682902,0.09661708909328873,0.08678877507348294,1.1132439405792385,0.024513105721406747,1.0,0.6167214103376849,0.024513105721406747,1.0,0.12178274943151504,0.2614958402308001,0.6167214103376849,2.0
2012-10-22 00:00:00+00:00,761.25,769.0,735.25,737.75,548113,51.26050420168067,0.3263918030790415,748.45,771.58,753.7495851403933,775.8489050875949,721.0510949124052,-2.764978126500182,-5.799232458196241,3.034254331696059,0.0325534079348932,0.0173738723688605,17.203357142857143,33.62000068,2.5041909758367344,19.321214242857142,44.51428606857143,2.769173433346939,0.0,0.7999999999999999,0.0,0.0,2.0355000495910645,2.0360000133514404,2.008500099182129,2.026000022888184,0,51.651993078512895,0.074076428910121,2.041899919509888,2.0181000232696533,0.0013722069759356,0.0829319205158842,231.407,0.4462212267611232,1.9912820806649911,0,0,1,0,0,8,10,43,-0.8660254037844386,0.5000000000000001,-0.8854560256532101,0.464723172043768,16.6200008392334,0.0847166907141767,15.830000162124634,1.0,1542.29251742363,-0.30900052916756315,737.25,742.0,25.26692877142857,27.18857075142857,22.87698973644821,27.806077027889437,1568.8163059020212,1461.3619780874083,26.863581953653267,1523.3649093600188,64.27674154316509,0.16341593188020814,0.21329039782377943,0.29272562506827593,0.5582563065994978,0.04433497536945813,0.051039549366565004,0.06369923945986115,0.6960046742370953,1.2210652711965706,-0.5627741228334892,0.09647077138811774,0.0763224281655703,1.2639896432401516,-0.03125301972921779,0.0,0.0900806174246432,-0.03125301972921779,0.0,0.6926741255664576,0.21724525700889924,0.0900806174246432,0.0
2012-10-29 00:00:00+00:00,737.75,763.5,737.0,761.0,546985,48.310139165009936,0.3002752168100094,750.9125,768.3,751.4306188526447,771.4975450314394,730.3274549685607,-3.712450879274797,-4.064066847080545,0.3516159678057473,-0.0311884438608009,0.0300174520069806,13.787642797142857,23.57428557714286,1.899005947714286,16.942642591428573,54.52000106285715,2.337640527591837,0.0,2.8,0.0,0.0,2.0230000019073486,2.04229998588562,2.004899978637696,2.0251998901367188,0,45.35778656126493,0.0725036960148657,2.026000022888184,2.0269999504089355,0.0,0.0737786577104993,231.407,0.4462212267611232,1.9912820806649911,0,0,1,0,0,9,10,44,-0.8660254037844386,0.5000000000000001,-0.822983865893657,0.5680647467311548,17.809999465942383,0.0691532273924874,16.202500104904175,1.0,1494.0912189483643,-0.4462212267611232,761.25,737.25,24.966214457142858,19.48857118,22.49412863031791,29.529555997887357,1558.0117601840166,1453.9108826728198,26.025219377799232,1511.655433195357,38.368843381137474,0.20357396303505404,0.19162863167826902,0.2999299480855503,0.6787383438935692,0.035920027109454425,0.052114122092920476,0.061694565139658195,0.5822234293394866,1.245373124133722,-0.5156866840344154,0.09576783205575867,0.07512158837580148,1.2748375184547174,-0.0012775733289700497,0.0,0.30706459182920615,-0.0012775733289700497,0.0,0.33489645661607975,0.35803895155471416,0.30706459182920615,1.0
2012-11-05 00:00:00+00:00,735.5,763.25,733.0,741.75,640343,41.52334152334153,0.2662583803978432,748.5625,762.43,749.156484075542,769.7607341617876,727.3642658382124,-4.192698334871693,-3.6887799088181152,-0.5039184260535778,-0.0087601078167115,-0.0280806078625701,9.557642891428571,6.028571454857145,1.7644507063265304,8.65549996,42.02285694800001,1.8421829730204082,0.0,4.4,1.0,0.0,2.030800104141236,2.0383999347686768,2.0083000659942627,2.0288000106811523,0,38.2455788117586,0.0694858388353639,2.0251998901367188,2.0160999298095703,0.0005926903078219,0.0714049609419494,231.407,0.4462212267611232,1.9912820806649911,0,0,1,0,0,10,11,45,-0.5000000000000004,0.8660254037844384,-0.7485107481711011,0.6631226582407952,18.420000076293945,0.0336769676538895,17.03000020980835,1.0,1492.1824078559875,-0.3869521959789332,737.75,761.25,28.759071385714282,27.79714312857143,21.601313877394173,30.33557541402366,1555.0435302381259,1461.9348997051973,23.27715763323219,1503.8662230596094,54.582348328519906,0.18904185388497036,0.1898176434068118,0.2995204224061769,0.6311484407468151,0.041128484024473146,0.04355752619877316,0.0609986957629002,0.6742517486246036,1.485192387688239,-0.5484083110558972,0.09575074166060364,0.07201541771825261,1.3295865163116323,-0.016238850511380187,0.0,0.17336808393022987,-0.016238850511380187,0.0,0.515480681920064,0.31115123414970614,0.17336808393022987,0.0
2012-11-12 00:00:00+00:00,718.0,755.0,712.5,735.5,972648,27.577319587628864,0.2572721132142433,745.625,755.99,743.809473752722,767.563010752767,723.686989247233,-6.142213718702806,-4.459877515198992,-1.6823362035038132,-0.0237933378653977,-0.0254496097726502,12.383356908571429,8.825714207428572,1.4818954113469387,10.235500040000002,5.76000002228572,1.6695767613877552,0.0,2.8,0.0,0.0,2.034199953079224,2.0617001056671143,2.0127999782562256,2.0445001125335693,0,75.6563598912036,0.0279768088617371,2.0288000106811523,2.039099931716919,-0.0003449705305304,0.0612136145795345,231.407,0.4462212267611232,1.9912820806649911,0,0,1,0,0,11,11,46,-0.5000000000000004,0.8660254037844384,-0.6631226582407955,0.7485107481711007,16.68000030517578,-0.099226619742558,17.382500171661377,1.0,1467.9510807991028,-0.4807182798141632,735.5,737.75,28.706928285714287,48.917144359999995,20.868035565304226,28.75005442100831,1561.4059606524852,1436.852651861057,31.13832719785711,1489.500166155407,33.172175045607716,0.16482368975000783,0.1835420131402349,0.2896728585342859,0.5689994046870812,0.059192200557103065,0.04798356738836088,0.06043215682086629,0.9794816845234302,2.1713854277893216,-0.5251643674341397,0.08068030203490355,0.07170325257595764,1.1251970849922797,0.047067090514857135,1.0,0.8324867043355527,0.047067090514857135,1.0,0.04296909592340987,0.12454419974103736,0.8324867043355527,2.0
2012-11-19 00:00:00+00:00,738.75,741.25,710.5,717.5,817844,50.48543689320388,0.1914888670052343,740.7125,748.55,737.5504414924218,766.9589408614543,714.4660591385457,-6.855198422051672,-6.464746275135695,-0.3904521469159769,0.0288997214484678,-0.0090543259557344,11.560499914285714,11.259999771428573,1.7345788257142856,16.737642664285715,21.37714255428572,1.6139654589387755,0.0,1.8,0.6000000000000001,0.6,2.049299955368042,2.094799995422364,2.040800094604492,2.0806000232696533,0,86.92419148566785,0.030688284288294,2.0445001125335693,2.026000022888184,0.0035770125694784,0.0295399945698958,231.317,-0.038892514055322,2.1623435988711304,0,0,1,0,0,12,11,47,-0.5000000000000004,0.8660254037844384,-0.5680647467311559,0.8229838658936564,15.239999771118164,-0.0902868799865037,17.03749990463257,1.0,1537.0432671904564,0.396593771003162,718.0,735.5,25.85621412857143,39.18285825714286,20.601558603948195,28.274382687671373,1555.2777425100037,1440.3562448869518,28.730374405762994,1508.5174065694268,48.17014653788937,0.22496752518239418,0.21647017548363687,0.2806161721094539,0.8016912050162737,0.0416243654822335,0.044440010508544445,0.05771193105165667,0.7212435541715094,1.729202035646292,-0.5728881959949741,0.06838173816275137,0.060501115934097786,1.1302556292462675,0.011262859444090001,0.0,0.4534211913057487,0.011262859444090001,0.0,0.2119613864038986,0.3346174222903527,0.4534211913057487,2.0
2012-11-26 00:00:00+00:00,747.25,753.0,734.25,738.75,449464,57.55627009646303,0.1861112179764975,737.9,745.505,739.8301637986945,757.9442930583651,717.8557069416348,-2.502599551100161,-4.884719047439039,2.382119496338878,0.0278541953232462,-0.011574074074074,9.281928626285715,1.0714285714285752,1.6963093730612244,12.56764271457143,15.09714258285715,1.6703306218367346,0.0,3.6,1.4000000000000001,0.2,2.0731000900268555,2.1136999130249023,2.0560998916625977,2.0801000595092773,0,70.99723191089734,0.0439221064283982,2.0806000232696533,2.0239999294281006,0.0076229437773111,0.0367043354633451,231.317,-0.038892514055322,2.1623435988711304,0,0,1,0,0,13,11,48,-0.5000000000000004,0.8660254037844384,-0.4647231720437684,0.88545602565321,15.5,0.016916488685194,16.460000038146973,1.0,1554.3547694683075,0.801186891786432,738.75,718.0,24.14478577142857,18.5371429,20.083241449794855,27.424238164780135,1592.4736517454703,1433.2921109114568,39.79538520850332,1526.852351728979,76.7733700832604,0.21350573738916587,0.17976872696887855,0.19884104137308578,1.0737507970050144,0.025092004014720642,0.04059141623759695,0.05324257123949363,0.47127700105020837,0.9094116060534049,-0.15781331344787253,0.05471153723778339,0.05916361266613595,0.9247496142439424,0.028266568753827048,1.0,0.6600076789890311,0.028266568753827048,1.0,0.10309228308463234,0.23690003792633652,0.6600076789890311,2.0
2012-12-03 00:00:00+00:00,749.0,763.25,742.0,746.5,439215,72.46376811594203,0.1732292062947676,740.0375,744.905,745.04480992311,763.9035047810607,716.1714952189393,1.5058212009433871,-0.8717183551794845,2.377539556122872,0.0023419203747072,-0.0026631158455392,10.5505,1.0914285828571433,1.217109696734694,5.442642751714286,2.6514285771428643,1.6065789839387754,0.0,3.6,1.6,0.2,2.081700086593628,2.140300035476685,2.067899942398072,2.1338999271392822,0,80.69660331916896,0.0664734346849093,2.0801000595092773,2.0295000076293945,-0.0110915867884714,0.0622781269497546,231.317,-0.038892514055322,2.1623435988711304,0,0,1,0,0,14,12,49,-2.4492935982947064e-16,1.0,-0.3546048870425359,0.9350162426854148,16.639999389648438,0.0709693747880794,16.014999866485596,1.0,1598.2910454273224,-1.070266164791818,747.25,738.75,17.52049981428571,16.228571182857145,19.13868669507998,25.82599238493257,1647.744720934183,1431.0753605084114,54.16734010644294,1555.4278292083166,84.32352683818591,0.17584060027672604,0.18788006463458756,0.20382560909177053,0.8627011710316724,0.028371161548731642,0.03908164312545239,0.050686233919440674,0.5597408557995338,0.8662955385035025,-0.2196442000967182,0.07852686342813256,0.07083995428683279,1.1085107709847979,-0.05717042605842404,0.0,0.026377268212043493,-0.05717042605842404,0.0,0.8917286496842378,0.0818940821037187,0.026377268212043493,0.0
2012-12-10 00:00:00+00:00,726.75,754.75,721.0,749.0,29725,41.99999999999999,0.1660621479992783,740.35,744.895,743.1255639382578,766.1699229482142,714.5300770517858,-1.1491482777913689,0.0555841631782064,-1.2047324409695752,-0.0297062750333778,-0.0195615514333895,6.817642868571428,11.225714375714288,1.1848897228979591,12.683357012857142,5.860000068571429,1.071061339326531,0.0,5.4,0.4,0.0,2.11929988861084,2.12310004234314,2.058900117874145,2.073499917984009,0,48.86849653454735,0.1022273444463131,2.1338999271392822,2.0371999740600586,0.0181114013368497,0.0847207716583266,231.317,-0.038892514055322,2.1623435988711304,0,0,0,0,0,0,12,50,-2.4492935982947064e-16,1.0,-0.2393156642875578,0.970941817426052,16.049999237060547,-0.0361005966724251,15.857499599456789,1.0,1506.9160653948784,1.850032647740292,749.0,747.25,22.376928467142854,20.708572211428578,18.72221381235593,24.537863848393144,1625.5031929877796,1472.7993807527027,38.175953058769224,1536.0231236829413,58.78718046169865,0.2958346519890994,0.2355796968638354,0.21364298896388365,1.3847149376475019,0.04643962848297214,0.04014387201715218,0.04900023008560402,0.947742876399004,0.061293013493431414,0.306419436712927,0.15071682329066224,0.08571548108544,1.7583382114725312,0.0017892754559658552,0.0,0.3406191658348555,0.0017892754559658552,0.0,0.3016477316613351,0.3577331025038094,0.3406191658348555,1.0
2012-12-17 00:00:00+00:00,724.0,734.75,709.25,727.0,202933,26.15894039735099,0.1482973018065547,739.5875,742.015,734.0313198037844,767.7693694049381,711.4056305950619,-6.319959538514922,-3.5462050819188047,-2.7737544565961176,-0.0037839697282421,0.0038128249566724,6.2919285274285714,10.819999848000002,1.0276486433877552,5.620499985714285,27.380000084000002,1.1589380622040815,0.0,5.2,0.0,0.0,2.076299905776977,2.095099925994873,2.052900075912476,2.085099935531616,0,51.39497675330495,0.1103466277563943,2.073499917984009,2.0648000240325928,-0.0012049922098185,0.1106630480516087,230.221,-0.473808669488196,1.764133846085847,0,0,0,0,0,0,12,51,-2.4492935982947064e-16,1.0,-0.1205366802553236,0.992708874098054,16.34000015258789,0.0179072967293056,16.13249969482422,1.0,1509.6123533248901,0.353309448506346,726.75,749.0,11.454071317142857,25.022857754285713,17.876941952572597,24.721227476496814,1628.7097570574097,1455.8773597502895,43.20809932677997,1525.458815539721,41.16949448995328,0.28686201924221044,0.22240149075250454,0.21313812989522146,1.345897169709896,0.03522099447513812,0.035349630800759195,0.047773474931312156,0.7372498473950189,0.4250263582399937,0.058953505512267995,0.1502571603765974,0.08590303527621511,1.7491482390811202,-0.04071451264530235,0.0,0.058100427711208914,-0.04071451264530235,0.0,0.783422829424312,0.15847674286447913,0.058100427711208914,0.0
2012-12-24 00:00:00+00:00,704.25,725.75,687.5,724.0,490572,27.70448548812665,0.1560406352754946,730.0875,738.015,722.4246433755754,771.3776399597276,688.7973600402723,-10.764247719205173,-7.625410721294787,-3.138836997910386,-0.0272790055248618,-0.0553319919517102,-0.10807145085714298,23.622856588,0.7497229718367348,6.199071393,29.27999912457143,1.0067804754693879,0.0,6.6,0.0,0.0,2.094500064849853,2.1059999465942383,2.0436999797821045,2.056299924850464,0,23.34457962027105,0.110042042147444,2.085099935531616,2.103300094604492,0.0003836975810253,0.1090955058701145,230.221,-0.473808669488196,1.764133846085847,0,0,0,0,0,0,12,52,-2.4492935982947064e-16,1.0,6.432490598706546e-16,1.0,17.84000015258789,0.0878270369348351,16.71749973297119,1.0,1448.1492220759392,0.512178427590726,724.0,726.75,19.321214242857142,44.51428606857143,17.123530948729204,25.015341776372594,1639.5624618604397,1391.9218812510753,61.91014515234107,1494.5349781542084,23.378155134425256,0.26468833606767667,0.23950878814450552,0.22044653451956908,1.2006916989537126,0.054313099041533544,0.037887377512619204,0.0478272369817699,1.135609981110471,1.0124988622668882,0.003817763167514305,0.14749871659521946,0.08938435751772866,1.6501623347725125,-0.01391995047718042,0.0,0.19061831539495536,-0.01391995047718042,0.0,0.48650266095952177,0.32287902364552296,0.19061831539495538,0.0
2012-12-31 00:00:00+00:00,698.25,706.25,688.75,705.0,248469,32.40740740740742,0.1500637211957159,717.95,733.525,713.2042047775791,758.290198052893,677.6098019471071,-12.454535019306832,-10.451738906124032,-2.0027961131827983,-0.0053418803418803,-0.0708582834331337,-3.533785655714286,8.899999871428573,0.5459758002857142,-2.1994999985714285,42.23428486914286,0.6450201520408163,0.0,7.0,0.0,0.0,2.075200080871582,2.0852999687194824,2.0223000049591064,2.045099973678589,0,37.9550680074242,0.1122482254535283,2.056299924850464,2.095599889755249,-0.0063021402503213,0.1062571694615045,230.221,-0.473808669488196,1.764133846085847,0,0,0,0,0,0,12,1,-2.4492935982947064e-16,1.0,0.120536680255323,0.992708874098054,18.020000457763672,0.0100391418782849,17.0625,1.0,1427.9910566210747,-0.15640535554393398,704.25,724.0,16.942642591428573,54.52000106285715,15.876883790838841,26.12624133074487,1555.9038511573015,1390.4304975510897,41.36833840155292,1467.917409540955,1.5346625141099963,0.24802860308306757,0.22924597046731976,0.216469724426813,1.1457888269684389,0.02506265664160401,0.03788150803799588,0.044800586996858724,0.5594268452128288,0.5296480577130369,0.06617394855089143,0.1474891399139636,0.08917392908558333,1.6539489163130177,-0.024356546170653526,0.0,0.12262244680989065,-0.024356546170653526,0.0,0.6148693807111593,0.2625081724789501,0.12262244680989065,0.0
2013-01-07 00:00:00+00:00,685.5,707.25,678.0,706.25,462206,30.030030030030037,0.153568619304082,705.4125,727.86,704.2747757920768,736.9036328371618,673.9213671628382,-13.510750113865695,-12.09276795603498,-1.417982157830716,-0.0122478386167147,-0.0899435778294058,-1.963785662,2.6371429071428585,0.5268124784081633,-1.964499945142857,7.731428731428574,0.5072438030816327,0.0,7.0,1.0,1.0,2.0506999492645264,2.053999900817871,2.014699935913086,2.032399892807007,0,25.641106391335057,0.0891403823616597,2.045099973678589,2.075999975204468,0.0016639367023215,0.0970931759586015,230.221,-0.473808669488196,1.764133846085847,0,0,0,0,0,0,1,2,0.4999999999999999,0.8660254037844387,0.2393156642875577,0.970941817426052,13.789999961853027,-0.2675385885443484,16.49750018119812,0.0,1393.2101265192032,0.640202339720346,698.25,704.25,8.65549996,42.02285694800001,14.725826775614216,24.939479227563176,1542.4197558636001,1347.0616234069535,48.83953311416167,1438.0344963322543,2.263913984146072,0.17024687213109016,0.22548573696668087,0.20386688476417203,0.8350883664953418,0.04266958424507659,0.04074119257726487,0.04449616372521191,0.9589495157175647,0.9698266546534295,0.03202531697057111,0.09140330884153343,0.08988650117889349,1.016874585994568,0.054760370729649566,1.0,0.8795333505181829,0.054760370729649566,1.0,0.02965506896339729,0.09081158051841975,0.8795333505181829,2.0
2013-01-14 00:00:00+00:00,724.0,726.75,683.75,685.5,851134,63.17365269461078,0.1581902874706461,700.2875,723.23,704.4103867813225,726.0037016307846,674.5712983692155,-6.244242116927353,-10.37024140136021,4.125999284432858,0.0561633843909554,0.0041608876560332,3.534785682857143,12.439999800000002,0.7267705773469387,-0.47021428571428575,9.55999990857143,0.5833017521224491,0.0,5.6,1.0,0.0,2.026599884033203,2.0476999282836914,2.0037999153137207,2.0297000408172607,0,31.229356272129024,0.0910760195415106,2.032399892807007,2.0843000411987305,-0.0079881836492671,0.0863513480676798,229.601,-0.2693064490207231,1.741022368747558,0,0,0,0,0,0,1,3,0.4999999999999999,0.8660254037844387,0.3546048870425356,0.9350162426854148,13.520000457763672,-0.0197735845658552,15.792500257492064,0.0,1469.5028295516968,-0.5295119159059869,685.5,698.25,10.235500040000002,5.76000002228572,13.745437029722055,23.947254755370164,1499.6084788613302,1369.8181385226267,32.44758508467594,1450.6218296200316,39.59248076561326,0.2612822759397003,0.2644709833962239,0.2251130196724266,1.1606714916497967,0.05939226519337017,0.04333171991934447,0.044948470502816223,1.3213408891463856,1.6855905980636645,0.042062447158477075,0.05147333631633898,0.08968840580281254,0.5739128721986505,0.00488370988191833,0.0,0.3761752144318757,0.00488370988191833,0.0,0.27008615733449765,0.3537386282336266,0.3761752144318757,2.0
2013-01-21 00:00:00+00:00,727.5,735.0,722.0,723.5,579358,70.18072289156626,0.1690859734582143,702.6875,722.165,712.2731964342468,734.8882988622609,670.4867011377391,1.2943821313389208,-4.484654730753029,5.779036862091949,0.0264550264550265,0.0104166666666667,2.389071429171429,12.12857120571429,1.0929395914285716,2.515499995714286,37.84857068,0.8479675038571429,0.0,5.6,1.8,1.4,2.032399892807007,2.0436999797821045,2.018399953842163,2.0297999382019043,0,42.4630569642702,0.0903474657821842,2.0276999473571777,2.069200038909912,-0.0098150572190765,0.0932632811474574,229.601,-0.2693064490207231,1.741022368747558,0,0,0,0,0,0,1,4,0.4999999999999999,0.8660254037844387,0.4647231720437685,0.8854560256532099,12.460000038146973,-0.0816465880522153,14.447500228881836,0.0,1476.6794550418854,-0.712199272886927,724.0,685.5,16.737642664285715,21.37714255428572,13.020924963011877,24.84411384728177,1519.6119902881287,1364.0797435788013,38.88306167733184,1461.0448797887732,60.306537754369515,0.26251457822025515,0.2620086637341515,0.22384897139868373,1.1727307248841419,0.017869415807560136,0.039861404185828876,0.04389550716052528,0.4070897659597434,1.103148533038331,0.02888374965663205,0.0393895789703558,0.08961698772878181,0.4395324544297389,0.0017635705355352194,0.0,0.3403305616290549,0.0017635705355352194,0.0,0.3019185459344136,0.3577508924365315,0.3403305616290549,1.0
2013-01-28 00:00:00+00:00,729.25,734.75,714.5,730.25,563782,77.4294670846395,0.1458869596331699,709.4875,721.32,717.1876871844361,745.7157511889524,673.2592488110475,3.465209501800814,0.4854971149997175,2.9797123868010966,0.0024054982817869,0.0519293184276956,-0.018071417142856965,2.8342856074285736,1.1279570129795917,4.1997856928571435,6.279999973714291,1.2294067746734694,0.0,6.4,1.8,0.0,2.0401999950408936,2.050299882888794,2.003200054168701,2.0285000801086426,0,47.94961855409064,0.0764826787772569,2.0297999382019043,2.0480000972747803,-0.0035900298937,0.0888116921190526,229.601,-0.2693064490207231,1.741022368747558,0,0,0,0,0,0,1,5,0.4999999999999999,0.8660254037844387,0.5680647467311558,0.8229838658936564,13.56999969482422,0.085337934936912,13.335000038146973,0.0,1479.2836834192276,-0.08969654034927693,727.5,724.0,12.56764271457143,15.09714258285715,12.451819203647057,23.64642908124516,1537.0306522365809,1372.3073950294256,41.18081430178884,1468.340401240955,71.22082020725811,0.21582773827166785,0.23583271449889312,0.2203500262513723,0.9794767540925409,0.027768255056564963,0.034552435388835165,0.04277111581604239,0.6492289956545819,1.020891829453814,0.0962466750943724,0.020948918224192068,0.08960075168908481,0.23380290333786385,-0.014040226110786702,0.0,0.1896922171237825,-0.014040226110786702,0.0,0.48800512822712633,0.32230265464909125,0.1896922171237825,0.0
2013-02-04 00:00:00+00:00,734.25,746.25,725.5,728.5,686242,58.72340425531915,0.1409316931686026,720.8875,721.81,724.6636336980145,754.222117299821,687.5528827001791,6.285388604641071,4.0394600993724765,2.245928505268594,0.0068563592732258,0.0652883569096844,0.04335712394285703,23.742858169142856,0.8088022584897959,2.2626428905714286,14.088571450857145,1.0028247016122451,0.0,6.0,0.0,0.0,1.9940999746322632,1.9960999488830569,1.9652999639511108,1.9864000082015991,0,27.518156823957824,0.0872831552167327,2.0285000801086426,2.045599937438965,0.0,0.0651788171100492,229.601,-0.2693064490207231,1.741022368747558,0,0,0,0,0,0,2,6,0.8660254037844386,0.5000000000000001,0.6631226582407952,0.7485107481711011,14.670000076293944,0.0779431459977942,13.555000066757202,0.0,1458.5142060220242,0.2693064490207231,729.25,727.5,5.442642751714286,2.6514285771428643,11.794452989900243,23.029793105091095,1489.5786238206483,1452.4114631967686,9.291790155969876,1464.4099231533828,80.56075668964567,0.21596230526491428,0.23356998094997403,0.20602052740592286,1.0482561980672982,0.02826012938372489,0.035191929937259336,0.0411761008948543,0.6863234232074235,1.2014045874494657,0.14017881231891194,0.06360623267627431,0.09509099274474414,0.6688985376146951,-0.051430043648315715,0.0,0.03484085937094759,-0.051430043648315715,0.0,0.8607462794020824,0.10441286122697005,0.03484085937094759,0.0
2013-02-11 00:00:00+00:00,702.25,735.0,701.0,734.0,869036,31.95876288659794,0.1472854543363117,725.7625,718.2,720.2187016765795,745.3942914832362,706.1307085167639,-0.2394450655943956,2.8828311426575586,-3.122276208251954,-0.0435818862785154,0.0050089445438281,5.880499938285714,8.260000369428573,1.0783605037959183,0.24121431199999982,45.41143095657142,0.7891524477959184,0.0,5.800000000000001,0.2,0.0,1.9946999549865725,1.9948999881744385,1.9383000135421755,1.9701000452041624,0,20.783514534142785,0.0857239796614968,1.9864000082015991,2.0476999282836914,-0.0021121364107882,0.0869640984099189,229.601,-0.2693064490207231,1.741022368747558,0,0,0,0,0,0,2,7,0.8660254037844386,0.5000000000000001,0.7485107481711011,0.6631226582407953,12.9399995803833,-0.1254813407106889,13.40999984741211,0.0,1383.502756744623,0.05809280794190308,734.25,729.25,12.683357012857142,5.860000068571429,11.049082752616357,24.473769740670473,1539.4037382915944,1359.5863123222857,44.95435649232719,1432.0470565898788,9.265525664022647,0.27570437096027134,0.23765465026352056,0.22192438630051622,1.2423346669238187,0.048415806336774656,0.03634117435559895,0.04206953303780918,1.1508517288448294,1.5022102664990131,0.2270566149923638,0.0641010133846336,0.09541276495268805,0.6718284151825489,-0.007458816745025132,0.0,0.2454661959779838,-0.007458816745025132,0.0,0.40683638660614474,0.34769741741587146,0.2454661959779838,0.0
2013-02-18 00:00:00+00:00,698.75,703.25,687.25,702.25,649352,25.0,0.1230849296506027,719.5125,714.005,712.3617110216088,750.1905716301821,688.8344283698179,-5.341555741938578,-1.32797073693987,-4.013585004998708,-0.0144569816643159,-0.0444444444444444,4.267642786000001,9.102857474285717,1.3651786915918367,6.2062141688571435,16.314286208000002,1.1730708062040818,0.0,6.2,0.2,0.0,1.970700025558472,1.972499966621399,1.948099970817566,1.9651999473571773,0,34.3444832338197,0.0832502580748302,1.9701000452041624,2.037100076675415,0.0033557191352535,0.0848692766352683,230.28,0.2957304192926058,1.5948646681225531,0,0,0,0,0,0,2,8,0.8660254037844386,0.5000000000000001,0.8229838658936564,0.5680647467311559,12.460000038146973,-0.0377997402240173,13.40999984741211,0.0,1373.1834632158277,0.03984149423274419,702.25,734.25,5.620499985714285,27.380000084000002,10.736639618180279,23.94735144824012,1529.8866612475886,1317.3553934532629,53.13281694858147,1408.5016192402586,2.3956962307829457,0.1672398137258592,0.2093401875482507,0.2187813979112816,0.7644151087722997,0.02289803220035778,0.02904232775699648,0.03901886147306658,0.5868450658846841,1.1386015872865378,0.0880802465182745,0.0630485829246039,0.09528413240826873,0.6616901966169406,-0.005543770718150709,0.0,0.2636295280602404,-0.005543770718150709,0.0,0.3839510239969624,0.3524194479427972,0.2636295280602404,0.0
2013-02-25 00:00:00+00:00,693.5,703.25,687.5,701.0,636993,19.011406844106475,0.1251527781513738,711.9375,709.715,705.0464319562358,748.8245520001591,675.0504479998409,-7.3650832439956275,-5.046891184252837,-2.318192059742791,-0.0075134168157423,-0.0424577148774594,-1.4794999920571428,11.271428511428573,1.2338946914693878,1.3826428771428572,14.628571820000005,1.3809881374285715,0.0,7.0,0.0,0.0,1.9610999822616573,1.976699948310852,1.9357000589370728,1.969099998474121,0,37.17435396365413,0.0840123324288388,1.9651999473571773,2.0285000801086426,0.0045901767980341,0.0846607711762317,230.28,0.2957304192926058,1.5948646681225531,0,0,0,0,0,0,2,9,0.8660254037844386,0.5000000000000001,0.8854560256532099,0.4647231720437686,18.989999771118164,0.4213889963505765,14.764999866485596,1.0,1365.570848941803,0.16328726051080422,698.75,702.25,6.199071393,29.27999912457143,10.133155957468187,23.346139859321404,1480.8909592172438,1309.4946782448953,42.84907024308716,1391.3293111208764,0.0,0.15524922594426474,0.20775765757243883,0.2140167032370238,0.725407018901024,0.022710886806056235,0.0300106219566957,0.03830130608291117,0.5929531705096972,1.1153980377533794,-0.12681989816951,0.06588734091364679,0.09351569234519955,0.704559119605746,0.04889121973787147,1.0,0.8448230327512156,0.04889121973787147,1.0,0.039370916289615365,0.11580605095916896,0.8448230327512156,2.0
2013-03-04 00:00:00+00:00,723.0,730.5,691.75,693.5,308370,65.77946768060838,0.1378041924672273,707.225,709.42,709.8490200463708,734.7534063813011,679.6965936186989,-0.335623038054905,-3.498130396886028,3.1625073588311223,0.0425378514780101,-0.0236326806212019,0.7276428636285714,17.41142943714286,0.9377746036326531,-1.1180714264285714,30.14857156514286,1.098637531387755,0.0,7.0,0.6000000000000001,0.0,1.9812999963760376,1.9889999628067017,1.9634000062942505,1.981099963188172,0,56.28017132779038,0.0684907873108576,1.969099998474121,1.990599989891052,-0.0013702309844445,0.0871685347252968,230.28,0.2957304192926058,1.5948646681225531,0,0,0,0,0,0,3,10,1.0,6.123233995736766e-17,0.9350162426854148,0.3546048870425355,14.010000228881836,-0.3041411360854897,14.599999904632568,0.0,1432.3352733850484,-0.4327535177370558,693.5,698.75,-2.1994999985714285,42.23428486914286,9.40727031979743,23.785006420987305,1448.723129562488,1328.573041581163,30.037521995331314,1407.7316960265453,41.804114869277925,0.25862545812754323,0.22822301510022713,0.22792648781579433,1.1346879832136025,0.05359612724757953,0.03517619639489861,0.03801400495122437,1.4099044080544636,0.5610407700178488,-0.07213322173765549,0.0758862934729708,0.08614095061013209,0.880954808670254,-0.004195744229250176,0.0,0.2769208007085584,-0.004195744229250176,0.0,0.3681380836153697,0.3549411156760719,0.2769208007085584,0.0
2013-03-11 00:00:00+00:00,734.5,736.75,704.0,723.0,17674,67.80045351473923,0.1802136609505096,707.5125,711.665,714.9357369437726,735.9676701897149,679.0573298102852,3.168991194667228,0.0603929242873707,3.1085982703798574,0.015905947441217,0.0334154062609919,3.1190714477142856,19.548571357714287,1.1264003596734695,0.8633571174285714,31.43143007371429,0.9904478240204081,0.0,6.0,0.0,0.0,1.9701000452041624,1.9717999696731567,1.928699970245361,1.94190001487732,0,41.864722413216576,0.0663119313389461,1.981099963188172,1.963500022888184,0.0017176765783039,0.0688441127505549,230.28,0.2957304192926058,1.5948646681225531,0,0,0,0,0,0,3,11,1.0,6.123233995736766e-17,0.970941817426052,0.239315664287558,11.5600004196167,-0.1922204771426955,14.255000114440918,0.0,1426.3255609273915,-0.1239627614622158,723.0,693.5,-1.964499945142857,7.731428731428574,8.856050113192989,24.27832407600195,1469.0333176508643,1329.6742555841706,34.83976551667339,1415.169241986884,73.60526485453249,0.25676334132256173,0.22610051430936154,0.22337467064296612,1.1494737925690102,0.044588155207624235,0.03844180155967848,0.03802666394313267,1.1725494392253182,0.03378592466602786,-0.08597007943919492,0.07315651816736556,0.09069299776874178,0.8066390118398925,-0.0011144152136298713,0.0,0.3088031245213263,-0.0011144152136298713,0.0,0.3330818122032977,0.358115063275376,0.3088031245213263,1.0
2013-03-18 00:00:00+00:00,720.0,748.75,710.0,733.25,300470,56.57894736842105,0.1974378431578611,715.7375,715.43,720.5042466654811,748.4951728657301,682.9798271342698,4.420391036421847,3.544330282991882,0.8760607534299654,-0.0197413206262764,0.0363440086362001,4.287642775142857,18.808571389714288,1.41315964677551,5.716928577142857,51.74857121657144,1.2439198521632655,0.0,6.0,0.0,0.0,1.9573999643325808,2.0071001052856445,1.940999984741211,1.978800058364868,0,49.2166246962085,0.0734350667602948,1.94190001487732,1.9562000036239624,-0.0090224328843373,0.0660068940060552,232.166,0.8190029529268728,1.9779235097490575,0,0,0,0,0,0,3,12,1.0,6.123233995736766e-17,0.992708874098054,0.120536680255323,13.359999656677246,0.1447142428674352,14.480000019073486,0.0,1424.7360420227049,-1.721246241360603,734.5,723.0,-0.47021428571428575,9.55999990857143,8.653526143125237,26.050598085070952,1474.8133172275539,1349.6705454109197,31.2856929541586,1418.9959620012125,81.44359871265816,0.16957136567967082,0.21754797057048764,0.21832866826432126,0.7766793030935587,0.05381944444444445,0.039522529181212435,0.03892163480988217,1.3827638761756476,0.5882439312322035,-0.032082317651340835,0.10178326221684988,0.0967832821337892,1.0516615003770375,0.0326587422516007,1.0,0.7074304930434179,0.0326587422516007,1.0,0.08448311522640754,0.20808639173017462,0.7074304930434179,2.0
2013-03-25 00:00:00+00:00,733.25,734.5,718.5,719.0,562010,50.56179775280899,0.2078379109077075,724.9,719.55,724.5438290248335,746.2081402779413,703.5918597220586,4.810947716398118,4.368557709004272,0.442390007393846,0.0184027777777777,0.0622962694675841,1.4862143140285713,7.042857149142861,1.7161828971020407,3.700499935442857,20.60857148742858,1.518388301530612,0.0,6.8,0.0,0.0,1.982800006866455,2.0160000324249268,1.962000012397766,2.006500005722046,0,66.00361507726514,0.0725183411804441,1.978800058364868,1.9717999696731567,0.0034423722352313,0.0722578931423355,232.166,0.8190029529268728,1.9779235097490575,0,0,0,0,0,0,3,13,1.0,6.123233995736766e-17,1.0,-1.6081226496766366e-16,13.739999771118164,0.028046127725448,13.167500019073486,0.0,1471.2661291956902,-0.47476572940374273,720.0,734.5,2.515499995714286,37.84857068,8.333976065210244,25.699499594900477,1482.6229531219192,1394.708549643498,21.978600869605305,1439.9040288790038,93.71412351448964,0.176970861719753,0.19277005392672614,0.22532501387369594,0.7854026094276707,0.021820661438799863,0.03930705502890085,0.03795624368059851,0.5748897565713547,1.1087746807717702,-0.023678478508899065,0.10824622430177826,0.09971985581616168,1.0855031082907325,-0.11864838143950862,0.0,0.0012511764231097808,-0.11864838143950862,0.0,0.9944169372779442,0.004331886298945995,0.0012511764231097808,0.0
2013-04-01 00:00:00+00:00,642.25,737.75,636.5,731.5,690041,21.483771251932,0.2703380230582806,722.1375,717.72,715.4192972184702,766.1164049311891,678.158595068811,-4.832784710481633,2.2168271283381857,-7.049611838819819,-0.1156626506024096,-0.1073662265462126,9.0876427,11.488571448857147,2.0007030028571426,4.709071424085715,17.477142845142865,1.8171839210204082,0.0,3.8,0.0,0.0,2.00600004196167,2.0237998962402344,1.995499968528748,2.0190000534057617,0,92.3182836492077,0.0739236938765571,2.006500005722046,1.9776999950408936,0.0006979728523266,0.0752953823959763,232.166,0.8190029529268728,1.9779235097490575,1,0,0,1,0,0,4,14,0.8660254037844387,-0.4999999999999998,0.992708874098054,-0.1205366802553228,13.579999923706056,-0.0117131536236971,13.05999994277954,0.0,1296.7027842998505,-0.7492056676942127,733.25,720.0,4.1997856928571435,6.279999973714291,8.100111249653823,25.169024965883857,1555.1506375303934,1254.364620692425,75.19650420949205,1382.6235310473426,20.346121504238738,0.49365734404351314,0.345582367878807,0.3026810051560037,1.630949148855864,0.15764889061891788,0.06629465579147317,0.042879078183689245,3.676591487756632,1.400403251583703,0.06887671921747997,0.10799925201783517,0.09940890122208049,1.086414192552253,-0.031114002305311694,0.0,0.09065197890468774,-0.031114002305311694,0.0,0.6911924688261882,0.21815555226912403,0.09065197890468774,0.0
2013-04-08 00:00:00+00:00,633.5,653.75,626.5,647.0,812772,20.677966101694903,0.3800185697430104,700.875,708.7,683.5162385610337,790.2143147382166,611.5356852617834,-22.507284691825816,-11.67684268481627,-10.830442007009546,-0.0136239782016348,-0.1096275474349964,14.726214382857142,4.888571511428575,2.9746310632653064,14.240499857142856,21.52571444285715,2.3208493502040812,0.0,1.6,0.0,0.0,2.0151000022888184,2.0230000019073486,1.9699000120162964,1.983199954032898,0,50.21049870940136,0.0709646171264764,2.0190000534057617,1.9594999551773071,-9.907046758200328e-05,0.0744056687658963,232.166,0.8190029529268728,1.9779235097490575,1,0,0,2,0,0,4,15,0.8660254037844387,-0.4999999999999998,0.970941817426052,-0.2393156642875575,13.1899995803833,-0.0291391815964614,13.467499732971191,0.0,1256.3571708798409,-0.8289099996850731,642.25,733.25,2.2626428905714286,14.088571450857145,8.496265353362793,24.933972674075683,1566.5488304850514,1157.9822327139918,102.14164944276487,1332.1169869803418,17.690127032503938,0.43514113780474484,0.3457260088781536,0.29172284897590334,1.491625096957822,0.04301499605367009,0.06417842955269129,0.042948609712261075,1.0015454825289778,1.650328970545412,0.09200242008711869,0.1302704712716694,0.09811565438343985,1.327723479123245,0.012164275932269764,0.0,0.4646127128181516,0.012164275932269764,0.0,0.20453076050315203,0.3308565266786964,0.4646127128181516,2.0
2013-04-15 00:00:00+00:00,646.75,666.75,634.0,634.25,683975,22.53968253968253,0.3717235689310393,680.0375,700.49,670.4030052843299,767.8968785246425,592.1781214753576,-19.516754186915364,-17.796864030230818,-1.7198901566845457,0.0209155485398579,-0.117366086659843,11.834785778571428,50.24857128,2.4525459053061227,18.124785890571427,20.508571445714296,3.0234039559183676,0.0,3.5999999999999996,0.0,0.0,1.989699959754944,1.9902000427246087,1.950600028038025,1.9661999940872192,0,30.791465251496405,0.0777070595624011,1.983199954032898,1.972000002861023,-0.0148150981606394,0.079905380506449,232.773,0.2614508584374952,1.4738962125967705,1,0,0,3,0,0,4,16,0.8660254037844387,-0.4999999999999998,0.9350162426854148,-0.3546048870425354,17.270000457763672,0.2695119837489014,14.444999933242798,1.0,1271.639846175909,-1.7429606745014352,633.5,642.25,0.24121431199999982,45.41143095657142,9.117460226731092,24.64846291740721,1523.1550286427494,1124.827936632896,99.5817730024634,1307.9261306585688,22.337517378009096,0.4488163512584285,0.35180883972692767,0.2919042245052076,1.537546558785606,0.050637804406648626,0.06538835939249617,0.044225899731857476,1.1449805038192902,1.3565106810775143,0.06960586391622797,0.1110959923765782,0.09853916681026617,1.1274296779492055,0.01825831053218585,1.0,0.5406390364120834,0.01825831053218585,1.0,0.15937101031253817,0.29998995327537836,0.5406390364120834,2.0
2013-04-22 00:00:00+00:00,645.75,665.25,640.5,645.0,470418,52.53012048192771,0.3879025092464518,661.325,693.16,663.2949021049,729.2460261220589,593.4039738779412,-15.004454689462024,-16.452484347963814,1.4480296585017918,-0.0015461925009663,-0.119031377899045,11.164785740285714,61.51428764857143,2.140327943959184,13.046928586285715,116.69714353428573,2.1396734438775513,0.0,3.8,0.0,0.0,1.9980000257492063,2.016900062561035,1.968400001525879,2.005199909210205,0,47.14694824326108,0.1020730176040001,1.9661999940872192,2.005100011825561,-0.0043643797264609,0.0785951640255169,232.773,0.2614508584374952,1.4738962125967705,1,0,0,4,0,0,4,17,0.8660254037844387,-0.4999999999999998,0.8854560256532099,-0.4647231720437685,14.390000343322754,-0.182437373907177,14.607500076293944,0.0,1294.85784137249,-0.6978888310835851,646.75,633.5,6.2062141688571435,16.314286208000002,9.370974314444293,30.587087473334858,1318.6805621540868,1241.0982592099583,19.395575736032136,1302.6988149441374,15.193057451555646,0.46495461538481053,0.3433396098677874,0.2888374978885025,1.6097445888651452,0.03832752613240418,0.06228997573008812,0.044723717961041104,0.8569841531500088,0.9300904786816763,0.022508644333785154,0.11267831531917673,0.09426348676026577,1.195354715152825,0.05294738142100641,1.0,0.8695934665296017,0.05294738142100641,1.0,0.03237778897268144,0.09802874449771692,0.8695934665296017,2.0
2013-04-29 00:00:00+00:00,684.0,688.75,636.0,647.5,401586,65.25911708253359,0.3595736932656515,647.075,688.23,658.9366257854643,672.2826116324092,621.8673883675909,-9.824383863996218,-14.155818717010847,4.331434853014629,0.0592334494773518,-0.0161812297734628,16.60907140857143,34.962857548571435,2.90079531644898,12.425499928571428,119.84857543142857,2.3284779208775506,0.0,1.2,0.0,0.0,2.015899896621704,2.022900104522705,1.980599999427796,1.993299961090088,0,51.11386019927686,0.1104559617442317,2.005199909210205,2.019200086593628,0.0117887274284417,0.10899374090006,232.773,0.2614508584374952,1.4738962125967705,1,0,0,5,0,0,4,18,0.8660254037844387,-0.4999999999999998,0.8229838658936565,-0.5680647467311557,13.710000038146973,-0.0484080484010598,14.640000104904177,0.0,1363.4171733856201,0.9174218844066746,645.75,646.75,1.3826428771428572,14.628571820000005,9.568040483097658,36.34589314805058,1391.155253439527,1201.9807624674029,47.2936227430311,1326.9861583207305,72.62952760204092,0.49603175638976843,0.3680242975844683,0.2931251952924998,1.692218026405457,0.07711988304093567,0.07334982005051527,0.04625773068893928,1.6671779013058428,0.7658452391361558,-0.02091306256688914,0.10482459035917188,0.08392132295248933,1.249081570457378,-0.001651704648355401,0.0,0.30309871402310024,-0.001651704648355401,0.0,0.33907595905797633,0.3578253269189234,0.30309871402310024,1.0
2013-05-06 00:00:00+00:00,678.75,705.0,671.0,684.5,59730,56.03112840466927,0.2924145749804224,660.3875,687.535,670.486145340373,699.8638336830101,620.91116631699,1.798301512610465,-5.219613253351537,7.017914765962002,-0.0076754385964912,0.0790937996820349,16.789071501714286,29.871428691428576,3.3625656563265305,18.847642974285716,55.66857103714286,3.1190337803061223,0.0,1.7999999999999998,0.0,0.0,2.00570011138916,2.0143001079559326,1.985599994659424,2.005399942398072,0,52.922538029482254,0.1102415091440431,1.993299961090088,2.0127999782562256,-0.0030055835958294,0.1108541674835374,232.773,0.2614508584374952,1.4738962125967705,1,0,0,6,0,0,5,19,0.4999999999999999,-0.8660254037844387,0.7485107481711013,-0.663122658240795,12.65999984741211,-0.0796780916933685,14.507500171661375,0.0,1361.1652109026916,-0.5620092180204352,684.0,645.75,-1.1180714264285714,30.14857156514286,10.16672451478721,37.592517527992015,1416.006392504914,1229.5336434134415,46.618187272868134,1340.6577793535153,97.93987558163356,0.21832154719433872,0.36783489986617146,0.29295948151298373,0.7452277653365018,0.05009208103130755,0.05183845813299322,0.04700128501674775,1.065759592655021,0.11548511773275402,-0.022857035935199426,0.1046777307854844,0.08404122280835936,1.2455520616193576,0.062257777943779846,1.0,0.9139532680126914,0.062257777943779846,1.0,0.020575000423637562,0.06547173156367103,0.9139532680126914,2.0
2013-05-13 00:00:00+00:00,718.0,722.5,669.0,682.0,14433,76.67785234899328,0.3217151092307008,670.4875,685.535,679.0732027663255,717.2875998087067,623.6874001912932,6.780984067449367,1.054036622341502,5.726947445107865,0.0578268876611418,0.0903568716780562,19.489071371428572,23.977142365714286,3.1632669861224487,14.274785902857143,72.51999973428572,3.1309887431020407,0.0,0.0,0.0,0.0,2.005899906158448,2.0253000259399414,1.988800048828125,2.013799905776977,0,48.497871643745576,0.0963569886025248,2.005399942398072,1.974799990653992,-0.0007477655031712,0.0987013244504614,232.531,-0.1039639477087073,1.063085381489448,1,0,0,7,0,0,5,20,0.4999999999999999,-0.8660254037844387,0.6631226582407952,-0.7485107481711012,12.550000190734863,-0.0087267238874842,13.327500104904177,0.0,1445.9083323478696,0.029187397391587308,678.75,684.0,0.8633571174285714,31.43143007371429,10.43176073337237,39.84590347678516,1490.036451489259,1242.6378275150769,61.849655993545475,1382.758000551257,98.74031878375658,0.19203307729088137,0.37837599107624825,0.3042134359629025,0.631244541749476,0.0745125348189415,0.05813796588604749,0.04801125680561815,1.5519801866636487,0.0292519769101309,-0.03823899394350639,0.08082553336195558,0.08203335774998356,0.9852763037632547,-0.0875878322412883,0.0,0.005885319095518056,-0.0875878322412883,0.0,0.9741534475928064,0.019961233311675524,0.005885319095518056,0.0
2013-05-20 00:00:00+00:00,649.5,722.0,638.25,718.0,402108,41.17647058823529,0.4342342883217314,672.25,679.565,670.8277162578731,722.2189377197649,622.2810622802351,-2.8414341305203834,0.8246650634814378,-3.666099194001821,-0.0954038997214484,-0.0038343558282208,26.82192862857143,13.702856848571432,4.890099363265306,16.489071428571428,31.70857082857144,3.733081882857143,0.6,0.0,0.6000000000000001,0.0,2.006599903106689,2.037800073623657,1.989400029182434,2.0311999320983887,0,70.3998565673831,0.0699537580809318,2.013799905776977,1.9816999435424805,0.0022370382298215,0.0947310708865032,232.531,-0.1039639477087073,1.063085381489448,1,0,0,8,0,0,5,21,0.4999999999999999,-0.8660254037844387,0.5680647467311558,-0.8229838658936564,13.020000457763672,0.0367659911631328,12.985000133514404,0.0,1319.2643558979034,0.32766777069085734,718.0,678.75,5.716928577142857,51.74857121657144,10.822554971772309,39.3209142736746,1478.4813837612803,1266.3961525057623,53.021307813879496,1357.3605426899157,54.32435392678983,0.43821252145371997,0.43375795036030684,0.33785438646898336,1.2970454907013471,0.12894534257120863,0.0737994735189595,0.05320539110209839,2.4235385863132435,0.8024754307905991,-0.4336102461330238,0.06626287083394938,0.08308868508641096,0.7974956251874822,0.019753957044133408,1.0,0.5591462433825929,0.019753957044133408,1.0,0.1496055862176116,0.29124817039979556,0.5591462433825929,2.0
2013-05-27 00:00:00+00:00,657.25,669.75,632.5,644.75,419686,44.266666666666666,0.4651914400300537,674.775,672.93,665.6383724396845,719.621492557796,629.9285074422039,-4.945550887854324,-2.5757174057044008,-2.3698334821499234,0.0068939103791649,0.0185974428516078,19.626214400000002,39.29142754000001,3.7033803502040814,25.271214271428573,36.3399989657143,4.860369178367347,0.0,0.0,0.0,0.0,2.0357000827789307,2.052799940109253,2.0167999267578125,2.0469000339508057,0,75.18445293850607,0.0513583247534298,2.0311999320983887,1.9993000030517576,0.0042429373671057,0.0549061402850266,232.531,-0.1039639477087073,1.063085381489448,1,0,0,9,0,0,5,22,0.4999999999999999,-0.8660254037844387,0.464723172043769,-0.8854560256532096,13.989999771118164,0.0718561003780783,13.055000066757202,0.0,1345.325047314167,0.5282576844192772,649.5,718.0,3.700499935442857,20.60857148742858,11.754726539492069,39.12859715703201,1477.4949966685874,1258.3364765627286,54.78963002646473,1352.5463445396165,46.226085772717816,0.438705461630277,0.438140282976838,0.33796393810761893,1.2980836094700214,0.056675542031190566,0.07746907669871676,0.05390568899140408,1.0513831207388327,0.8411240614199208,-0.5092781805324699,0.04237100894502767,0.08342201183855885,0.5079115563397096,0.018677187897856218,1.0,0.5458358009022621,0.018677187897856218,1.0,0.15658509745010196,0.2975791016476359,0.5458358009022621,2.0
2013-06-03 00:00:00+00:00,655.75,669.5,643.75,659.0,542068,30.875576036866363,0.4158874034704739,667.65,666.38,663.5052187395783,709.4894173251125,625.8105826748874,-4.117545311914569,-3.570721786450953,-0.5468235254636156,-0.0022822365918599,-0.0598566308243727,23.183356914285717,63.05428598514286,3.4009922285714285,18.801928485714285,89.90857027542859,3.4597789393877547,0.0,0.0,0.0,0.0,2.053499937057495,2.141200065612793,2.036900043487549,2.089900016784668,0,81.20798567712752,0.0653603408579444,2.0469000339508057,2.0069000720977783,0.0028375795409249,0.0482490793270704,232.531,-0.1039639477087073,1.063085381489448,1,0,0,10,0,0,6,23,1.2246467991473532e-16,-1.0,0.3546048870425358,-0.9350162426854148,16.280000686645508,0.1515946304346347,13.960000276565552,1.0,1370.451936006546,0.3877219018011973,657.25,649.5,4.709071424085715,17.477142845142865,12.209384729570921,42.40472445499309,1479.4467738368025,1261.0280619464406,54.60467797259052,1359.7085811263885,51.76839693272336,0.4074824170292723,0.43239737610250306,0.3269231909564687,1.246416332145024,0.03926801372474266,0.06989870283547818,0.0528994764179727,0.7423137044181449,1.1211213447135393,-0.5132580264820006,0.04724366278394416,0.08959526111916397,0.527300851862024,0.009017472696392748,0.0,0.4257710643581736,0.009017472696392748,0.0,0.23131983818389945,0.34290909745792697,0.4257710643581736,2.0
2013-06-10 00:00:00+00:00,650.0,674.0,648.0,655.5,507252,50.25380710659898,0.3980012066893854,662.0625,659.99,662.0494894998559,699.7362640805868,624.3887359194132,-3.2731544746953887,-3.3072716338136883,0.0341171591182996,-0.0087685855890201,-0.0640748740100791,22.117642714285715,32.89428666285715,3.781947130612245,20.38692851428571,126.40000098514288,3.4824550393877547,0.0,0.0,0.0,0.0,2.120699882507324,2.157999992370605,2.087500095367432,2.1273999214172363,0,82.2659313334823,0.0925071988671089,2.089900016784668,2.009299993515014,-0.0084811315312042,0.0823488580333644,232.531,-0.1039639477087073,1.063085381489448,0,0,0,0,0,0,6,24,1.2246467991473532e-16,-1.0,0.2393156642875576,-0.970941817426052,15.4399995803833,-0.0529758853322534,14.68250012397766,1.0,1382.8099489212036,-0.7441492054117127,655.75,657.25,14.240499857142856,21.52571444285715,12.736968199552521,47.823774553712425,1410.8146018181617,1298.1110422517484,28.175889891603294,1368.9491282443146,33.41171295528504,0.4080144114764752,0.30950392300875396,0.32727735716661094,1.2466930268012164,0.04,0.06788028662921666,0.0540060056275947,0.7406582310353175,1.0569954275881062,-0.8109478012161135,0.05120945025119064,0.09331670697134552,0.5487703801979593,0.013475073808278282,0.0,0.48094765177771565,0.013475073808278282,0.0,0.19407379773661657,0.32497855048566776,0.48094765177771565,2.0
2013-07-01 00:00:00+00:00,655.5,690.0,652.0,654.0,305879,48.50187265917603,0.2176230683986905,662.25,665.14,663.5690503040059,682.1100365717509,642.3899634282491,0.3347363702378061,-0.2100639172617678,0.5448002874995739,0.0034443168771527,-0.0098187311178247,26.996214428571427,35.679999785714294,5.033312379591837,28.829785485714286,59.99142749514287,5.278534013061224,1.6,0.0,0.0,0.0,2.2255001068115234,2.23580002784729,2.1696999073028564,2.189199924468994,0,59.45531480265558,0.1914667769721042,2.2385001182556152,2.1077001094818115,-0.0076543439242038,0.1865572707848866,232.945,0.1780407773587233,1.3619650588516885,0,1,0,0,1,0,7,27,-0.4999999999999997,-0.8660254037844388,-0.1205366802553228,-0.992708874098054,16.3700008392334,-0.2057667914856188,17.180000066757202,1.0,1435.0205504894257,-0.9434751697791033,653.25,668.5,12.425499928571428,119.84857543142857,15.275392472481167,49.165784713796896,1491.0263952849111,1349.760663068513,35.31643305409958,1422.461132203244,77.10053846495295,0.15842118224570717,0.31159771084712595,0.3251746046796272,0.4871880371159629,0.057971014492753624,0.04697521891944733,0.05656420013236617,1.0248709273424907,0.6857578559302805,-0.8280944791760164,0.25129963359320057,0.1407709568025756,1.785166638413701,0.08340475325423147,1.0,0.9683310606011222,0.08340475325423147,1.0,0.007244530114275305,0.024424409284602544,0.9683310606011222,2.0
2013-07-08 00:00:00+00:00,691.75,695.0,651.0,652.5,18971,59.02912621359223,0.2642169609775452,666.0875,668.31,669.8702043113124,692.4430022718157,639.7319977281843,4.695391760245116,1.718526015382425,2.9768657448626907,0.0184026499815972,0.0429702223897474,27.877643,9.762857249142863,4.884105406122449,24.39264307142857,50.19142889942859,4.867086924285714,2.0,0.0,0.2,0.0,2.221299886703491,2.2690000534057617,2.2065999507904053,2.247499942779541,0,64.93065418924448,0.1935469881691759,2.189199924468994,2.1273999214172363,-0.0030558228067986,0.1896056846143919,232.945,0.1780407773587233,1.3619650588516885,0,1,0,0,2,0,7,28,-0.4999999999999997,-0.8660254037844388,-0.2393156642875574,-0.970941817426052,14.779999732971191,-0.1021755451964369,17.015000104904175,0.0,1554.7080854177475,-0.4836230580385833,655.5,653.25,18.847642974285716,55.66857103714286,15.86360218854229,49.2319553064183,1594.9349462243356,1331.8011803773604,65.78344146174378,1475.3599134890455,87.95374011169255,0.2711621106063159,0.33902105903940205,0.34816955669811683,0.7788219779743965,0.06360679436212505,0.05184297504692381,0.058599638240454534,1.085446692463485,0.04576550840037363,-0.7937211651421091,0.25399718966968066,0.1440357967572947,1.7634308814451582,-0.2198253430620728,0.0,7.95845946333808e-06,-0.2198253430620728,0.0,0.9999643336474812,2.7707893055499127e-05,7.95845946333808e-06,0.0
2013-07-15 00:00:00+00:00,536.25,730.0,534.5,692.0,119826,29.931389365351635,0.3992935845995958,671.5625,667.865,668.5158507404778,744.9061172015682,598.2188827984318,-1.9883417933174317,4.792568774714964,-6.780910568032396,-0.2247921937116009,-0.1666666666666666,29.004785857142856,8.705714092571434,5.601709915510204,29.5305003,12.18285717028572,5.162832646122448,2.2,0.0,0.0,0.0,2.259500026702881,2.2709999084472656,2.2369000911712646,2.261899948120117,0,58.44578440237198,0.1910113937673701,2.247499942779541,2.11680006980896,0.000667582658837,0.1963236693016858,233.504,0.2399708085599528,1.7544165453768912,0,1,0,0,3,0,7,29,-0.4999999999999997,-0.8660254037844388,-0.3546048870425356,-0.9350162426854148,13.789999961853027,-0.0693312084142211,16.262500286102295,0.0,1212.9438471794128,-0.1732125426762528,691.75,655.5,14.274785902857143,72.51999973428572,16.74533755057182,46.84169091053879,1706.017768101525,1126.4685745670083,144.88729838362914,1370.3934869651926,32.85083598000317,0.9328852222466821,0.687922034364169,0.5384921498171795,1.7324026083562678,0.3645687645687646,0.11675672796067674,0.07569253212858995,4.816442337864919,0.30829927254070677,-0.4817880354159487,0.25476324762212443,0.143814982198317,1.771465156225248,0.0007682152123822394,0.0,0.3292477715291955,0.0007682152123822394,0.0,0.31251001175147425,0.3582422167193302,0.3292477715291955,1.0
2013-07-22 00:00:00+00:00,540.75,549.75,532.0,540.0,297092,28.450704225352112,0.9940553088378268,639.0875,653.57,618.6395876357236,775.4497569906308,502.72524300936914,-32.15296874966907,-15.663313719773958,-16.48965502989511,0.0083916083916084,-0.1968065354623096,31.114785685714285,6.922856862857147,5.818333100408163,28.891214514285714,20.591427716571438,5.688267492244898,4.8,0.0,0.2,0.0,2.2142999172210693,2.261699914932251,2.20009994506836,2.244800090789795,0,54.28349562082614,0.1584980989827654,2.261899948120117,2.25570011138916,0.0043863933370127,0.179837554118342,233.504,0.2399708085599528,1.7544165453768912,0,1,0,0,4,0,7,30,-0.4999999999999997,-0.8660254037844388,-0.464723172043768,-0.8854560256532101,12.289999961853027,-0.1151577685648923,14.30750012397766,0.0,1213.8756490945816,0.19866852514131716,536.25,691.75,16.489071428571428,31.70857082857144,17.528942515972716,45.148125543186055,1693.5083380720148,1014.7657280185691,169.6856525133614,1307.7863518169481,24.633121343660562,0.9267903110609328,0.6649555389611959,0.5309559461859167,1.74551259904581,0.03282478039759593,0.1138976002705624,0.07465396478609078,0.43969233375249184,0.7654960437140474,-0.46521486986157456,0.2458878988053919,0.14571277260146506,1.6874833793951558,-0.09136886624143081,0.0,0.004876479563093933,-0.09136886624143081,0.0,0.9785100003410347,0.01661352009587132,0.004876479563093933,0.0
2013-07-29 00:00:00+00:00,489.25,539.25,488.25,539.25,452802,10.12070566388114,0.992698262005358,598.4375,635.635,571.9213749378939,774.3458848724138,422.5291151275862,-46.25718919045323,-33.870681728714565,-12.386507461738669,-0.0952380952380952,-0.2667665792431622,24.07335708571429,14.874286087142861,5.094683755510204,28.414071199999995,11.145714345714296,5.674723706326531,0.0,0.0,0.0,0.0,2.22979998588562,2.262700080871582,2.199399948120117,2.25440001487732,0,48.66090419432569,0.1557164653609714,2.244800090789795,2.1958999633789062,0.0102987526403643,0.1522292450654256,233.504,0.2399708085599528,1.7544165453768912,0,1,0,0,5,0,7,31,-0.4999999999999997,-0.8660254037844388,-0.5680647467311556,-0.8229838658936566,13.390000343322754,0.0857222648692762,13.5625,0.0,1102.9652072787287,0.7899044554764771,540.75,536.25,25.271214271428573,36.3399989657143,18.231208882684154,42.95442159496207,1663.312976019399,878.9334184658362,196.0948893883907,1225.8578940016605,21.03969922731966,0.8953783033031,0.6676935744701509,0.5492670777041959,1.6301328139750106,0.10424118548799183,0.12464250786184619,0.07763661630010917,1.3426805163459976,1.1047715526485218,-0.8979108792165128,0.12966347083076332,0.13884872044615995,0.9338470032395557,-0.028285792392928277,0.0,0.10300344200210464,-0.028285792392928277,0.0,0.6602233326744168,0.23677322532347855,0.10300344200210464,0.0
2013-08-05 00:00:00+00:00,469.25,499.75,465.5,489.75,367173,14.319248826291073,0.9754588061712122,550.65,618.925,537.2754834080607,718.9078222159156,382.3921777840843,-46.26149598331017,-42.05858441395628,-4.202911569353894,-0.0408788962698006,-0.3147133990507484,25.703357057142856,20.07142892228572,4.161802720816326,22.058356800000002,34.44285804114287,4.676857793469388,0.4,0.0,0.0,0.0,2.266700029373169,2.309600114822388,2.247299909591675,2.2839999198913574,0,63.93576339129718,0.1474049151281433,2.25440001487732,2.246000051498413,0.0060955488183438,0.1573466939616629,233.504,0.2399708085599528,1.7544165453768912,0,1,0,0,6,0,8,32,-0.8660254037844385,-0.5000000000000004,-0.663122658240795,-0.7485107481711013,11.84000015258789,-0.123024542999966,12.827500104904177,0.0,1071.7669624090195,0.3695840732744272,489.25,540.75,18.801928485714285,89.90857027542859,18.478121651543244,42.405288462457605,1298.1449441867205,1002.6308887941508,73.87851384814242,1164.221521364604,0.19220149136006626,0.8905505740866501,0.6610825623143468,0.5494539118582621,1.6207920967690856,0.07298881193393714,0.12764606735008288,0.07859508467458379,0.9286687958853034,0.8886182071946608,-0.8814186843881994,0.08963884649256053,0.13786352473402444,0.6501998274271569,-0.0009216262167901501,0.0,0.3108643879048244,-0.0009216262167901501,0.0,0.33094397735230396,0.35819163474287163,0.3108643879048244,1.0
2013-08-12 00:00:00+00:00,472.0,480.0,457.0,469.0,441895,24.49494949494949,0.814905863312583,499.825,599.86,510.9049004153462,557.3404670273084,442.3095329726916,-40.83464194620126,-42.704425573294415,1.869783627093156,0.0058604155567394,-0.3271560940841055,27.041928657142854,14.562857022857148,4.104665156734694,25.29764284285714,42.5714292537143,4.121235379183673,0.4,0.0,0.0,0.0,2.302799940109253,2.304500102996826,2.247299909591675,2.2685999870300293,0,58.88066589693286,0.1515469738991406,2.2839999198913574,2.252000093460083,-0.0075024314915335,0.1501889144665862,233.504,0.2399708085599528,1.7544165453768912,0,0,0,0,0,0,8,33,-0.8660254037844385,-0.5000000000000004,-0.7485107481711011,-0.6631226582407952,12.8100004196167,0.0787425063222552,12.582500219345093,0.0,1070.7791938781738,-0.9902139577133028,469.25,489.25,20.38692851428571,126.40000098514288,18.91809076066027,42.41600722318385,1250.2262765540395,979.4672297762123,67.68976169445678,1126.8445903700322,0.6469577107480404,0.7547259863579694,0.6555419633534592,0.544380533298893,1.3863941238318391,0.048728813559322036,0.12467047118952228,0.0799404922806099,0.6095635149785835,1.0852312816360266,-0.8851113021963375,0.06399735377759813,0.13912436855409133,0.46000100372571345,0.09979200684205325,1.0,0.9857914418357077,0.09979200684205325,1.0,0.0032057434975309787,0.01100281466676134,0.9857914418357077,2.0
2013-08-19 00:00:00+00:00,493.25,493.75,453.75,472.0,392417,49.13294797687861,0.2986443660289688,482.775,581.1,496.92205359601496,516.1606650612215,449.38933493877846,-29.82792427258937,-37.14204766374253,7.314123391153153,0.0450211864406779,-0.0932904411764705,24.84192842857143,6.151428717142862,4.313300374285714,26.88549987142857,21.26571387542858,4.13143582,0.2,0.0,0.4,0.4,2.284600019454956,2.410799980163574,2.2685999870300293,2.387500047683716,0,73.9406191516644,0.128638115161982,2.2685999870300293,2.2218000888824463,-0.004354471454664,0.1528490080159369,233.596,0.0393997533232992,1.9606816118443948,0,0,0,0,0,0,8,34,-0.8660254037844385,-0.5000000000000004,-0.8229838658936564,-0.5680647467311559,15.100000381469728,0.1644686204181686,13.285000324249268,1.0,1177.6343985199928,-0.47484689878969927,472.0,469.25,23.719071071428573,53.591430554857155,19.432117154903388,41.051472168489965,1206.1386245811266,1005.4342564618308,50.17609202982393,1147.1605136300166,42.75034808827737,0.49540513802950087,0.7083942764064391,0.5385188027146782,0.9199402626848986,0.08109477952356817,0.067975674180483,0.0761127867258424,1.0654552586691937,1.0002765680580206,-0.8578307743327086,0.17356118400711376,0.15687155128434488,1.106390365379977,0.027221710392830722,1.0,0.6481883840019638,0.027221710392830722,1.0,0.10802402718055629,0.24378758881747997,0.6481883840019638,2.0
2013-08-26 00:00:00+00:00,515.75,522.75,482.0,492.75,335622,63.94230769230769,0.3491740443512885,481.4,565.535,497.0935113962752,511.24847699545984,451.5515230045401,-15.659270192350164,-25.933513575295223,10.274243382945064,0.045615813482007,0.0482723577235773,30.97764288571429,7.285714342857148,4.808291656734694,27.03264262857143,12.520000377142866,4.381172300204082,4.4,0.0,0.0,0.0,2.4094998836517334,2.4516000747680664,2.330300092697144,2.345499992370605,0,55.881560763096616,0.1498492703068704,2.387500047683716,2.2407000064849854,0.0210364860575752,0.1361127933963121,233.596,0.0393997533232992,1.9606816118443948,0,0,0,0,0,0,8,35,-0.8660254037844385,-0.5000000000000004,-0.8854560256532096,-0.4647231720437691,14.989999771118164,-0.0073114722382363,13.68500018119812,0.0,1209.6916210651395,2.064248852434221,493.25,472.0,27.319785585714282,51.65714403742858,19.92247363707552,39.210732052919184,1276.1974933792571,988.7385945569058,71.86472470558786,1172.1729566040658,81.18859921222307,0.5069854213020804,0.7122854909092924,0.5388095987530293,0.9409361174448988,0.07901114881240912,0.07721294786344564,0.07791259436377937,1.0140997012948068,0.9108999568463402,-0.8596889382544568,0.18988541185565772,0.15680640262931342,1.2109543778961531,-0.025828951266103517,0.0,0.11491941402906282,-0.025828951266103517,0.0,0.6321490935554195,0.2529314924155177,0.11491941402906282,0.0
2013-09-02 00:00:00+00:00,495.0,519.25,487.75,515.0,220236,57.07692307692308,0.3845559478982046,483.3125,551.515,497.652922386629,515.3613422485868,451.2636577514133,-9.823458078266585,-17.211678604581895,7.388220526315312,-0.0010090817356205,0.0153846153846153,31.494785714285715,3.365714285714291,5.555945064489796,31.53335731428572,15.117142857142868,5.069683476938776,5.0,0.0,0.4,0.0,2.3768999576568604,2.44569993019104,2.325200080871582,2.38070011138916,0,62.03705747757366,0.2083574082897101,2.345499992370605,2.3011999130249023,-0.0364208924977999,0.2029539599080781,233.596,0.0393997533232992,1.9606816118443948,0,0,1,0,0,1,9,36,-1.0,-1.8369701987210294e-16,-0.9350162426854148,-0.3546048870425359,17.010000228881836,0.1264181230179548,14.977500200271606,1.0,1178.4465551376343,-3.6814890031032896,515.75,493.25,28.829785485714286,59.99142749514287,20.67156290657295,37.65630694351426,1280.6719389400103,1037.60394536046,60.766998394887565,1174.6823960174934,81.16638804458951,0.3677301869522538,0.6974706894582373,0.5396231931278963,0.68145732952313,0.06363636363636363,0.06909198349312001,0.0785625223252651,0.8100090686091425,0.637877010363499,-0.8427883528658608,0.18969788801295753,0.15439471001480334,1.2286552804057636,-0.06829769243846628,0.0,0.015293968417753987,-0.06829769243846628,0.0,0.9349224909420328,0.049783540640213175,0.015293968417753987,0.0
2013-09-09 00:00:00+00:00,477.25,504.5,475.5,501.25,36016,43.33333333333333,0.3720973268581459,488.375,534.45,494.3084762028681,516.9796094923807,459.7703905076193,-8.425705712713295,-11.155977488120486,2.730271775407191,-0.0358585858585858,0.0079197465681097,30.933357085714285,2.5428571428571467,4.748691353469388,30.761214257142857,5.114285714285726,5.445343714285714,5.0,0.0,2.0,1.6,2.374099969863892,2.398699998855591,2.2730000019073486,2.300600051879883,0,34.785054056806445,0.2113514192810076,2.38070011138916,2.2785000801086426,0.0103868641924451,0.2083324973063513,233.596,0.0393997533232992,1.9606816118443948,0,0,1,0,0,2,9,37,-1.0,-1.8369701987210294e-16,-0.970941817426052,-0.2393156642875577,15.630000114440918,-0.0846092681082316,15.68250012397766,1.0,1097.961374759674,0.9992866659212107,495.0,515.75,24.39264307142857,50.19142889942859,21.322508154996818,35.556821702918874,1261.351658553326,1070.5153161878945,47.70908559135781,1143.9939875143657,55.42249659699729,0.44660547409738033,0.706277743695561,0.5486921996086773,0.8139453527431992,0.060764798323729705,0.06664718077107852,0.07968438593483139,0.7625683499367333,0.11131717962891559,-0.7771486354047059,0.2378861708893408,0.16855467383641726,1.4113293411662766,-0.05341519023579744,0.0,0.03165294027633725,-0.05341519023579744,0.0,0.8722231051727248,0.09612395455093792,0.03165294027633725,0.0
2013-09-16 00:00:00+00:00,456.5,485.75,450.0,475.5,202090,20.740740740740748,0.3734917309616551,488.0125,513.84,483.4211359164344,518.9140733716453,457.11092662835466,-12.394596516033516,-10.796990341403683,-1.5976061746298331,-0.0434782608695651,-0.0519210799584631,25.35049977142857,5.091428611428577,4.944632464081633,30.666928371428565,4.51142858285715,4.748287708367346,1.2000000000000002,0.0,0.4,0.0,2.2737998962402344,2.303999900817871,2.244999885559082,2.276700019836426,0,25.861273160760675,0.2113314341092998,2.300600051879883,2.3378000259399414,-0.0085696034150133,0.2158449043752593,233.877,0.1202931557047204,1.518367559543199,0,0,1,0,0,3,9,38,-1.0,-1.8369701987210294e-16,-0.992708874098054,-0.1205366802553235,14.380000114440918,-0.0833537915040211,15.50250005722046,0.0,1039.3135590553284,-0.9772534972060505,477.25,495.0,29.5305003,12.18285717028572,21.92537397541177,33.553893114527796,1286.0185151897085,976.6880398191797,77.33261884263223,1102.1218161307509,15.835788022637772,0.48767095250931825,0.6533486094620772,0.5437521199130627,0.8968626064734477,0.0783132530120482,0.07256406866162375,0.07974405443338703,0.9820574555422362,0.644483043054438,-0.6480430287494823,0.2398246403367932,0.16964175161646247,1.4137122725653186,-0.037297880281308315,0.0,0.06818599648663276,-0.037297880281308315,0.0,0.7530403806857306,0.1787736228276366,0.06818599648663276,0.0
2013-09-23 00:00:00+00:00,453.25,468.5,448.25,457.0,563176,24.355300859598856,0.345705794310008,478.8125,488.845,472.0949384507255,520.3572998519429,437.26770014805714,-13.966988862187634,-12.788574747489598,-1.178414114698036,-0.0071193866374589,-0.0702564102564102,24.271928514285715,16.185714731428575,3.54387622122449,22.7269284,17.868571714285725,4.56626136265306,0.8,0.0,0.0,0.0,2.281599998474121,2.28279995918274,2.1665000915527344,2.2074999809265137,0,17.36243475575337,0.1888366111515426,2.276700019836426,2.432499885559082,0.0018025126745432,0.1958503478538971,233.877,0.1202931557047204,1.518367559543199,0,0,1,0,0,4,9,39,-1.0,-1.8369701987210294e-16,-1.0,-1.8369701987210294e-16,14.3100004196167,-0.0048797373595614,15.332500219345093,0.0,1000.5493663549423,0.059958111749599585,456.5,477.25,28.891214514285714,20.591427716571438,21.977087164094883,32.54193689515734,1233.895137044,924.2402906097896,77.41371160855263,1061.4928362204275,0.0,0.26879466643467714,0.38919662793564513,0.5447305661789761,0.49344516021138907,0.04467733039161611,0.06528057883523335,0.07947331690140244,0.5621676118711435,1.6625541397428136,-0.22794439933990487,0.14154378877909404,0.1801172714449325,0.7858423558450632,-0.019216706796083893,0.0,0.15305539974493587,-0.019216706796083893,0.0,0.5525144499008326,0.2944301503542315,0.15305539974493587,0.0
2013-09-30 00:00:00+00:00,441.5,462.0,440.75,452.5,614214,31.054131054131048,0.281695708101442,466.0,479.86,463.7123277565621,501.066102990618,430.933897009382,-12.99144828211547,-13.012784729631964,0.0213364475164947,-0.0259238830667402,-0.1121166415284062,25.453357028571425,7.905714605714289,4.022541706530612,22.164785728571427,33.32857273428572,3.5039033455102038,0.4,0.0,0.8,0.0,2.1977999210357666,2.259999990463257,2.17930006980896,2.2227001190185547,0,38.63233095761399,0.1567826989309381,2.2074999809265137,2.356100082397461,0.0046313303787236,0.1635732141552922,233.877,0.1202931557047204,1.518367559543199,0,0,1,0,0,5,9,40,-1.0,-1.8369701987210294e-16,-0.992708874098054,0.1205366802553232,16.600000381469727,0.1484440954509228,15.230000257492064,1.0,981.3221025466919,0.3428398821676396,453.25,456.5,28.414071199999995,11.145714345714296,21.989196748899822,32.59268759445595,1132.6922934727208,926.8809078855976,51.45284639678081,1029.4245427509334,0.0,0.151664392619085,0.38590643364030747,0.5293249232301692,0.2865241803244812,0.04813137032842582,0.05910462313843669,0.07815425867687667,0.6158508184296573,1.6657531720321028,-0.25617051627997567,0.15814051764998158,0.18014388612819046,0.877856652647552,0.010595159181232994,0.0,0.4451609817590224,0.010595159181232994,0.0,0.21759142711611412,0.33724759112486347,0.4451609817590224,2.0
2013-10-07 00:00:00+00:00,449.25,449.5,435.0,441.25,599546,45.81497797356828,0.2850528617871429,453.975,472.865,455.3444250143901,478.1818389640807,429.7681610359193,-12.058898438250594,-12.998322886397704,0.9394244481471096,0.0175537938844847,-0.0859613428280773,23.43335718571429,20.091428274857147,3.585239035102041,23.62407157857143,20.12285704942858,4.082069633469388,0.0,0.0,0.0,0.0,2.2170000076293945,2.2228000164031982,2.174000024795532,2.2074999809265137,0,35.08276311470755,0.1542597725193285,2.2227001190185547,2.3203999996185303,-0.0073066475918323,0.1554606136382044,233.877,0.1202931557047204,1.518367559543199,0,0,1,0,0,6,10,41,-0.8660254037844386,0.5000000000000001,-0.970941817426052,0.2393156642875573,19.40999984741211,0.1563856709770146,16.175000190734863,1.0,991.7193664312363,-0.8509579148879504,441.5,453.25,22.058356800000002,34.44285804114287,22.094672544362506,31.788182398002576,1053.844403928016,952.6077932660836,25.30915266548307,1014.3424722230545,8.184467401222534,0.22798367971113392,0.3407687064537585,0.516628985012577,0.44129091071550053,0.032276015581524764,0.052832553527468906,0.07332079232739247,0.44020270587609933,1.583576860579817,-0.31073309008064964,0.12418047766061388,0.18100593602562381,0.6860574494223216,-0.04335134133653584,0.0,0.05129196095099353,-0.04335134133653584,0.0,0.8049567258849526,0.14375131316405387,0.05129196095099353,0.0
2013-10-14 00:00:00+00:00,437.0,449.75,432.0,448.5,528212,40.08438818565401,0.2429825872133734,446.6625,467.795,448.6577623652564,462.5148408532535,430.81015914674657,-10.935099740769544,-11.76363794267522,0.8285382019056762,-0.0272676683361157,-0.0288888888888888,21.507642914285718,15.528571403142863,3.27295684,20.337643257142854,45.759999340857156,3.246716155306122,0.0,0.0,0.0,0.0,2.2054998874664307,2.210700035095215,2.1600000858306885,2.1710000038146973,0,38.657566561559065,0.1486641871975644,2.204900026321411,2.2718000411987305,0.0069632937710879,0.1532304636672472,234.149,0.1163004485263519,1.184925261552161,0,0,1,0,0,7,10,42,-0.8660254037844386,0.5000000000000001,-0.9350162426854148,0.3546048870425355,16.06999969482422,-0.1888342285605981,16.59750008583069,1.0,948.7270016670227,0.580028928582438,449.25,441.5,25.29764284285714,42.5714292537143,21.981315816154787,32.689589942702874,1025.8641188295503,935.2947996703962,22.642329789788555,988.096284000642,9.334855976534826,0.18531374153536515,0.3473531395389172,0.5154473965277545,0.3595201744901724,0.04061784897025172,0.048803163656773306,0.07251790767434553,0.5601077674713899,1.3754492828270029,-0.29301687206618227,0.0995002578407966,0.1839445443512038,0.5409252706161748,0.004084392841299467,0.0,0.36684395117148905,0.004084392841299467,0.0,0.27803701016060356,0.3551190386679074,0.36684395117148905,2.0
2013-10-21 00:00:00+00:00,444.0,447.75,436.0,436.5,581969,55.55555555555556,0.1820659701227754,443.7,465.11,446.410436283248,455.99313030245,431.40686969755,-7.381490530085955,-9.507673669773688,2.1261831396877326,0.0160183066361556,-0.015521064301552,13.781928462857142,13.428571908571433,2.5552925179591837,18.595500057142857,14.288571610857153,3.287500255102041,0.0,0.6000000000000001,0.0,0.0,2.178800106048584,2.1875,2.1435000896453857,2.1454999446868896,0,20.3988013288502,0.1290244601504419,2.1710000038146973,2.182800054550171,-0.0028517911933462,0.150063585320359,234.149,0.1163004485263519,1.184925261552161,0,0,1,0,0,8,10,43,-0.8660254037844386,0.5000000000000001,-0.8854560256532101,0.464723172043768,13.15999984741211,-0.1997722464566712,16.30999994277954,0.0,952.601975440979,-0.4014795678609719,437.0,449.25,26.88549987142857,21.26571387542858,21.76287608976692,31.502427469680573,1010.9754638962496,926.2097591467153,21.19142618738359,973.8985605767767,18.658503657638732,0.17646238398214886,0.3484754604258601,0.5132120139617294,0.3438391458952017,0.026463963963963964,0.03843330584715647,0.0718777051863066,0.3681803726700207,1.507598949546459,-0.2961492386531734,0.09939180533530542,0.18279642813329394,0.5437294421613926,-0.012252378829579968,0.0,0.20381498535827874,-0.012252378829579968,0.0,0.4657086517168236,0.3304763629248976,0.20381498535827874,0.0
2013-10-28 00:00:00+00:00,430.75,446.25,430.25,443.25,707092,38.888888888888886,0.1713498693888356,440.5125,462.005,443.1073344832837,448.5869480014288,432.4380519985712,-6.402054312035489,-7.424876836356085,1.0228225243205964,-0.0298423423423422,-0.0512114537444934,10.78192852,5.257142959428577,2.0763715991836738,14.701928357142858,27.305715248000006,2.2783834371428573,0.0,3.2,0.0,0.0,2.170599937438965,2.205300092697144,2.1547000408172607,2.184400081634521,0,42.43617968054702,0.1050659625058814,2.1454999446868896,2.223299980163574,-0.0060409160210964,0.0989911374335597,234.149,0.1163004485263519,1.184925261552161,0,0,1,0,0,9,10,44,-0.8660254037844386,0.5000000000000001,-0.822983865893657,0.5680647467311548,13.3100004196167,0.0113337496310969,15.487499952316284,0.0,940.9303351640699,-0.7203920506359919,444.0,437.0,27.03264262857143,12.520000377142866,21.307331074758917,31.231671842475375,1003.8454139549968,913.143925396657,22.67537213958498,960.7112704116942,20.703532858164678,0.15572892857633214,0.22100888533802013,0.5112721085543631,0.30459108354404346,0.0371445153801509,0.03692674284486343,0.07173493095531414,0.5178022716055394,1.7855148437908899,-0.3115798609781172,0.1027739070958604,0.18284211842243112,0.5620909578257353,0.02004054597469307,1.0,0.5626754251398355,0.02004054597469307,1.0,0.14779167881698135,0.2895328960431832,0.5626754251398355,2.0
2013-11-04 00:00:00+00:00,426.25,436.25,425.25,430.25,862994,24.817518248175176,0.1564141960753361,437.225,455.725,437.3614182917427,449.45944232275656,424.9905576772435,-7.308197924081924,-7.164776465613519,-0.1434214584684046,-0.0104468949506674,-0.0383530738860687,13.2090714,17.294286339428574,1.7230741937142857,13.24621402857143,12.462857522285724,2.0013935043265305,0.0,0.6000000000000001,0.0,0.0,2.177799940109253,2.256500005722046,2.1631999015808105,2.251699924468994,0,69.03763446893879,0.1085951999692631,2.184400081634521,2.1895999908447266,-0.0073887803560298,0.1004725276339075,234.149,0.1163004485263519,1.184925261552161,0,0,1,0,0,10,11,45,-0.5000000000000004,0.8660254037844384,-0.7485107481711011,0.6631226582407952,12.93000030517578,-0.0289654475475291,13.867500066757202,0.0,959.7870928049088,-0.855178484129332,430.75,444.0,31.53335731428572,15.117142857142868,20.787259007262954,30.02078059601153,966.2337666555194,934.7894358829709,7.861082693137124,960.3415993689802,29.37077991078027,0.1816819790970999,0.21237814744803826,0.5125047107664368,0.354498157256775,0.025806451612903226,0.0324617591017589,0.07066923259355093,0.3651723248447303,2.1077667347889046,-0.2777803145280207,0.14755064322229175,0.18643588845840514,0.7914282841574692,0.04603214502096753,1.0,0.8251457476068528,0.04603214502096753,1.0,0.045148134567303544,0.12970611782584374,0.8251457476068528,2.0
2013-11-11 00:00:00+00:00,434.75,437.25,415.5,425.5,1240887,45.97701149425287,0.1383450862599941,433.95,448.05,432.9584784927615,449.97596577273526,417.9240342272647,-6.493982960504525,-7.276109766878402,0.7821268063738769,0.0199413489736071,0.0034622042700518,10.11621422,23.63428591428572,1.6785241706530611,11.735500009999999,43.354287168000006,1.6158880111428573,0.0,4.0,0.0,0.0,2.240900039672852,2.339600086212158,2.238899946212769,2.309299945831299,0,82.94540718088105,0.1315540419322082,2.251699924468994,2.1772000789642334,0.0088769826176862,0.1245287240958,234.149,0.1163004485263519,1.184925261552161,0,0,1,0,0,11,11,46,-0.5000000000000004,0.8660254037844384,-0.6631226582407955,0.7485107481711007,12.529999732971191,-0.0314244687890954,12.982500076293944,0.0,1003.9681514501572,0.7713978132422681,426.25,430.75,30.761214257142857,5.114285714285726,20.203274555826635,30.8810068264624,1019.4207292048062,909.2230482252513,27.54942024488874,977.792220201451,85.14764282585789,0.2424509522145959,0.2625934083723166,0.5133387500736486,0.4723020567934739,0.050028752156411734,0.03601230641673629,0.07064483782479286,0.7081726933645416,2.7922407342213558,-0.263695695410285,0.15686143852463597,0.15905544865877683,0.9862059425521025,-0.049620414140920666,0.0,0.0380149024427827,-0.049620414140920666,0.0,0.8495429333143604,0.11244216424285693,0.0380149024427827,0.0
2013-11-18 00:00:00+00:00,412.0,438.0,411.5,434.25,1036077,29.38144329896906,0.1477376492626962,429.3375,441.495,429.2431244079048,444.4617877170769,414.2132122829231,-6.34544311256974,-6.223960725972185,-0.1214823865975542,-0.0523289246693502,-0.0668176670441675,9.663357232857143,5.748571485714294,1.6347688985306124,11.614785788571428,35.41714287428572,1.7306157792244898,0.0,3.0,1.0,0.0,2.327800035476685,2.344899892807007,2.262500047683716,2.3159000873565674,0,84.56544003810885,0.1270105211946499,2.309299945831299,2.158499956130981,0.0027751936152552,0.1277634293026799,233.546,-0.2575283259804717,0.9636127046434018,0,0,1,0,0,12,11,47,-0.5000000000000004,0.8660254037844384,-0.5680647467311559,0.8229838658936564,13.100000381469728,0.0444865117301133,12.96750020980835,0.0,954.1508359909058,0.5350476875059917,434.75,426.25,30.666928371428565,4.51142858285715,19.649178506326297,31.17366076503165,1019.3888486897999,910.029359015221,27.33987241864477,968.335666517233,50.6218986185758,0.25928312182340923,0.2417723443783691,0.5159404394322156,0.5025446679141871,0.06432038834951456,0.04075281429258887,0.07096230651763091,0.9064020385176388,2.154385381959587,-0.4192383136540838,0.12461348837506277,0.15382818579818744,0.8100822331593067,0.01220527142864114,0.0,0.46512262648013203,0.01220527142864114,0.0,0.20419746835980832,0.33067990516005963,0.46512262648013203,2.0
2013-11-25 00:00:00+00:00,424.75,426.75,410.75,411.75,829237,49.78165938864629,0.1687488554662183,424.975,436.79,426.1288404971592,436.3048627297631,413.64513727023694,-5.237945319732148,-6.016401326865533,0.7784560071333848,0.0309466019417474,-0.0346590909090909,3.817642859142857,11.874285665714293,1.4659621628163266,12.246928659999998,17.38857151428573,1.4792067117142857,0.0,6.4,0.0,0.0,2.260200023651123,2.314199924468994,2.246999979019165,2.2737998962402344,0,56.9037548381948,0.1564654317575062,2.3159000873565674,2.200599908828736,0.0019882648057955,0.122137771273352,233.546,-0.2575283259804717,0.9636127046434018,0,0,1,0,0,13,11,48,-0.5000000000000004,0.8660254037844384,-0.4647231720437684,0.88545602565321,12.789999961853027,-0.023948646718743,12.837500095367432,0.0,965.7965059280396,0.4563548065600217,412.0,434.75,22.7269284,17.868571714285725,19.1716140001117,30.28430016820933,1015.9970988893517,925.8541941976539,22.53572617292447,967.3200022815557,59.986349657164645,0.26175842048926073,0.2239889136294957,0.4907228791729473,0.5334139211040719,0.03766921718658034,0.04299386493711214,0.06966542765885367,0.5407160057049182,1.5903172946096922,-0.12100573694576955,0.1420298257465306,0.15201450862772903,0.934317504858532,0.005158144138997844,0.0,0.37940068316612746,0.005158144138997844,0.0,0.2673896134070516,0.35320970342682095,0.37940068316612746,2.0
2013-12-02 00:00:00+00:00,416.5,425.0,410.0,424.75,303097,31.472081218274116,0.1678030407181233,422.4625,433.725,423.0440846274458,434.23588099279937,410.6891190072006,-5.355652095392202,-5.614269131504002,0.2586170361117998,-0.0136175251628182,-0.0274372446001167,3.6705000090285713,2.371428597142864,1.1530839856326531,-0.9209285585714284,17.982857040000013,1.357311190612245,0.0,6.6,2.4,1.0,2.281899929046631,2.353100061416626,2.2788000106811523,2.3308000564575195,0,50.64322833864789,0.1594349606557283,2.2737998962402344,2.231800079345703,-0.0123693300725426,0.1634256535408274,233.546,-0.2575283259804717,0.9636127046434018,0,0,1,0,0,14,12,49,-2.4492935982947064e-16,1.0,-0.3546048870425359,0.9350162426854148,14.229999542236328,0.1066887673246557,13.162499904632568,0.0,970.7782235145569,-0.9794046812737882,424.75,412.0,22.164785728571427,33.32857273428572,17.875320931809565,29.490658676066797,1016.4024978279084,930.9443606139213,21.36453430349678,968.7032907747562,54.967708492074784,0.2546412686355957,0.21108856065270082,0.3105830184134104,0.8198814659526347,0.03601440576230492,0.042767843013542944,0.05323770971853068,0.6764828762898579,0.5712428490279244,0.35373120831592775,0.14755888615347454,0.15674762480562174,0.9413787093914247,0.02483891080635181,1.0,0.6205646447075668,0.02483891080635181,1.0,0.12005118575897564,0.25938416953345755,0.6205646447075668,2.0
2013-12-09 00:00:00+00:00,428.5,430.0,415.0,416.5,22707,68.75,0.1761695729343474,422.6125,430.83,423.7297369487028,434.4162404866124,410.8087595133876,-2.388362691267389,-4.094768988463725,1.7064062971963363,0.0288115246098439,0.0190249702734839,-2.039500094285714,6.451428460000006,0.7691781782857143,5.275499968571429,2.594285668571441,1.0915171961428571,0.0,6.0,0.0,0.0,2.3510000705718994,2.391400098800659,2.298099994659424,2.321799993515014,0,61.171737538564976,0.152048605854028,2.3308000564575195,2.302900075912476,0.006845124394742,0.1517190382178383,233.546,-0.2575283259804717,0.9636127046434018,0,0,0,0,0,0,12,50,-2.4492935982947064e-16,1.0,-0.2393156642875578,0.970941817426052,13.489999771118164,-0.0534037266799584,13.402499914169312,0.0,994.8912972211835,0.9420407654546716,416.5,424.75,23.62407157857143,20.12285704942858,17.062429256761945,27.755408804615485,1005.6807457267188,937.1276856006242,17.13826503152365,979.1784933533272,44.98836292100403,0.25832205639114747,0.2151264448047624,0.3154030892009258,0.8190219342980674,0.03500583430571762,0.04460771955210582,0.05334676241393678,0.6561940436451295,0.04393149225549443,0.07603050217783433,0.13599902252349796,0.15627133952067274,0.870274832467016,-0.010890664205540856,0.0,0.2150865063399023,-0.010890664205540856,0.0,0.4488132535326924,0.33610024012740525,0.2150865063399023,0.0
2013-12-16 00:00:00+00:00,423.25,432.0,420.5,428.0,227110,48.38709677419355,0.1649316951364421,421.8875,429.405,424.5292201218693,431.9379975002044,411.8370024997956,-1.0867907063910138,-2.0855200179867053,0.9987293115956914,-0.0122520420070011,-0.0076201641266119,-2.842357096857143,6.517142784000008,0.7252412452244898,-6.6137857541428575,16.342856891428585,0.6906609827755101,0.0,6.8,0.4,0.4,2.31690001487732,2.3469998836517334,2.289400100708008,2.325000047683716,0,58.50653402833849,0.1656972633125454,2.321799993515014,2.311300039291382,-0.0147073991204476,0.1634589298413706,233.069,-0.2042424190523473,1.2370722045339066,0,0,0,0,0,0,12,51,-2.4492935982947064e-16,1.0,-0.1205366802553236,0.992708874098054,16.030000686645508,0.1725133562036029,14.134999990463257,1.0,984.0562701821327,-1.2664974929924127,428.5,416.5,20.337643257142854,45.759999340857156,15.534931514122928,27.019115132796976,1005.2110890750681,952.5500593478884,13.165257431794956,981.1296040848493,78.9919060339865,0.21040667842381253,0.2154172958141927,0.27985033641419893,0.7518542718271118,0.027170702894270527,0.04003610969967758,0.049493238284250715,0.5489779684336568,0.44919943270052703,-0.10889068516579256,0.1120289614943493,0.1562101694942397,0.7171681247474683,0.05145151936383896,1.0,0.8608749357944311,0.05145151936383896,1.0,0.03480476923450479,0.1043202949710641,0.8608749357944311,2.0
2013-12-23 00:00:00+00:00,434.25,436.0,422.0,423.0,429111,63.68715083798882,0.1423281889497768,424.775,428.28,426.8468835404756,435.65581363064126,413.8941863693587,0.9648052986585752,-0.5962813375080385,1.5610866361666138,0.025989367985824,0.0265957446808511,-0.2909285457142854,15.439999875428578,0.642985839510204,-3.9587857491428573,22.42285713228573,0.6901375244693877,0.0,6.6,0.6000000000000001,0.0,2.3229000568389893,2.3856000900268555,2.3008999824523926,2.382699966430664,0,56.17644583889312,0.1396262726001438,2.325000047683716,2.3020999431610107,-0.0030062163009239,0.1680884825766562,233.069,-0.2042424190523473,1.2370722045339066,0,0,0,0,0,0,12,52,-2.4492935982947064e-16,1.0,6.432490598706546e-16,1.0,13.039999961853027,-0.2064404558833636,14.197499990463257,0.0,1034.6874604225159,-0.09637921104004271,423.25,428.5,18.595500057142857,14.288571610857153,14.277272335847716,26.72258235857045,1051.1995536345362,941.0070720356584,27.54812039971942,1002.5527466199161,88.03565992712267,0.1652059898253525,0.21280996937315821,0.29079743477872416,0.5681136227007164,0.03223949337938975,0.033619930705652626,0.04745577235652334,0.679358589795919,0.8435687883617454,-0.16858264262238515,0.13518106892781093,0.15958014785385352,0.8471044943545692,-0.044893024195084785,0.0,0.04766809943991786,-0.044893024195084785,0.0,0.81677536761359,0.13555653294649211,0.04766809943991786,0.0
2013-12-30 00:00:00+00:00,423.5,435.75,423.0,433.5,214246,44.623655913978496,0.1442618815037806,426.575,427.19,427.07770018602497,435.9405303051302,417.20946969486977,0.4700133746478627,0.2832049462452913,0.1868084284025714,-0.0225043277553376,0.0149790293588976,0.8590714810285717,14.534285459714294,0.7344308923673469,-0.8959285828571428,40.71428484028573,0.6487487364693878,0.0,6.2,0.8,0.8,2.352099895477295,2.3608999252319336,2.308300018310547,2.3334999084472656,0,54.48613567179894,0.137211335030362,2.382699966430664,2.3148999214172363,0.011905870175706,0.133897041780587,233.069,-0.2042424190523473,1.2370722045339066,0,0,0,0,0,0,12,1,-2.4492935982947064e-16,1.0,0.120536680255323,0.992708874098054,13.5600004196167,0.0391027598843079,14.03000020980835,0.0,988.237211227417,1.3948294366229474,434.25,423.25,14.701928357142858,27.305715248000006,13.298356147544178,27.62527284126176,1046.9583190311325,953.977800495492,23.245129633910135,996.8265324629167,56.61177327774693,0.2617387060273464,0.24687826849347982,0.2993725110494987,0.8742910174580456,0.03010625737898465,0.03210733874413348,0.046524644547506475,0.6471032976342265,0.43081599379692953,-0.0668341408064152,0.14111680478371133,0.16330367500266818,0.8641372959918551,0.026483439403201414,1.0,0.6397252771191626,0.026483439403201414,1.0,0.1116326301498201,0.24864209273101734,0.6397252771191626,2.0
2014-01-06 00:00:00+00:00,427.75,428.0,417.0,423.5,420203,58.78787878787879,0.1439935264563844,426.925,425.735,425.9624768791962,435.4429377292551,418.4070622707449,-0.426852590819351,-0.1420226503051701,-0.2848299405141808,0.0005847953216373,0.0052878965922444,-7.635214357428571,7.602856869714293,0.7185706039591836,2.9469285541428576,7.897142810857158,0.8308830423061224,0.0,7.0,0.4,0.0,2.3592000007629395,2.4056999683380127,2.343400001525879,2.371500015258789,0,62.57763726045525,0.1279888568891395,2.3334999084472656,2.3561999797821045,-0.0080242954236294,0.1338742776501185,233.069,-0.2042424190523473,1.2370722045339066,0,0,0,0,0,0,1,2,0.4999999999999999,0.8660254037844387,0.2393156642875577,0.970941817426052,13.550000190734863,-0.0007377520553498,14.045000314712524,0.0,1014.409131526947,-0.5981871233105926,423.5,434.25,13.24621402857143,12.462857522285724,12.630522109260223,26.352490258655013,1052.8031101080942,957.8919265714121,23.727795884170494,1003.8595720885289,57.277973423101415,0.27090891990866406,0.24805433079159123,0.2540967526366308,1.0661643898866802,0.02571595558153127,0.03004764870797875,0.04375570335040462,0.5877165200254578,0.8426100994982507,-0.07769816917494055,0.12768744429645212,0.14262866240925656,0.8952438674467059,0.008070284613504564,0.0,0.4142348714705343,0.008070284613504564,0.0,0.23984777998235166,0.3459173485471141,0.4142348714705343,2.0
2014-01-13 00:00:00+00:00,434.5,435.5,406.25,427.0,1158507,50.98814229249011,0.1892169530123273,426.0625,424.715,425.6421201478859,438.3001414566955,413.8248585433045,-0.1108768835489399,-0.6226986662497785,0.5118217827008386,0.0157802454704851,0.0075362318840579,-0.38949998885714276,10.728570982857148,0.5096494637142858,-2.765214275142857,21.36857059657144,0.5832521324489796,0.0,6.4,0.2,0.0,2.37120008468628,2.399499893188477,2.335700035095215,2.35349988937378,0,49.84436755961226,0.113648523851069,2.371500015258789,2.3320000171661377,-0.005550682609888,0.1162791281052413,233.049,-0.0085811497882559,1.501735619618394,0,0,0,0,0,0,1,3,0.4999999999999999,0.8660254037844387,0.3546048870425356,0.9350162426854148,13.279999732971191,-0.0201274374613868,13.357500076293944,0.0,1022.5957019329074,-0.5464871112005442,427.75,423.5,11.735500009999999,43.354287168000006,11.637248794137445,26.030947054649623,1054.3420092668975,975.622743287996,19.679816494725422,1011.3540240262804,64.66047330877316,0.26357081292746826,0.2461190438551155,0.24889922513143597,1.05894585328189,0.06731875719217491,0.03651023328527021,0.043171083769392916,1.5593479644451815,2.146033700768721,-0.06630444176172888,0.13101600006364114,0.14015816067340658,0.9347724747987164,-0.02665341296582502,0.0,0.11079258726878893,-0.02665341296582502,0.0,0.6416816906800987,0.24752572205111234,0.11079258726878893,0.0
2014-01-20 00:00:00+00:00,424.0,434.0,422.25,433.5,502789,47.40740740740741,0.2350983788415838,426.75,424.765,426.1105056010234,438.8819499886824,414.6180500113176,0.1218961278919437,-0.101837007798836,0.2237331356907797,-0.0202195262853841,-0.0064440538957234,1.4762142525714286,6.325714178000008,1.0275699757959182,5.328357197142857,19.49428503942858,0.5925128742040816,0.0,6.6,0.8,0.8,2.352400064468384,2.3742001056671143,2.31850004196167,2.3475000858306885,0,45.86262012880614,0.1162888350085255,2.35349988937378,2.3545000553131104,-0.0145526654686099,0.1212073183340562,233.049,-0.0085811497882559,1.501735619618394,0,0,0,0,0,0,1,4,0.4999999999999999,0.8660254037844387,0.4647231720437685,0.8854560256532099,12.4399995803833,-0.0653420703609097,13.207499980926514,0.0,995.3400363922119,-1.446685397072734,434.5,427.75,11.614785788571428,35.41714287428572,11.230223529815214,25.609226924635365,1037.2362616624887,973.0547788772529,16.045370696308918,1004.948428972653,31.794456801188446,0.2811080105713598,0.23530329948958642,0.2490683238953503,1.1286380977257087,0.027712264150943397,0.036618545536604784,0.0413748787951219,0.6697846195591629,0.9076203507809008,0.01373389454332526,0.13214461652334286,0.1379473048308352,0.957935402261304,0.03810158133269037,1.0,0.7604374060405431,0.03810158133269037,1.0,0.06567665318189354,0.17388594077756336,0.7604374060405431,2.0
2014-01-27 00:00:00+00:00,431.75,432.75,421.0,424.0,666244,53.27868852459017,0.2304229318853088,425.8875,424.885,427.10390286826606,436.6706191172276,415.1043808827724,0.8086729517200979,0.2377207979127281,0.5709521538073697,0.0182783018867924,-0.0063291139240506,-4.3666429085714284,5.2942856708571515,0.9628687357142857,2.847642774285714,10.702857089714303,1.1142415526938776,0.0,6.8,0.8,0.0,2.338599920272827,2.4296998977661133,2.336699962615967,2.393199920654297,0,56.206245020298255,0.1023671771214979,2.3475000858306885,2.352299928665161,-0.0055648530875769,0.1061996650323396,233.049,-0.0085811497882559,1.501735619618394,0,0,0,0,0,0,1,5,0.4999999999999999,0.8660254037844387,0.5680647467311558,0.8229838658936564,17.420000076293945,0.3367019222242453,14.172499895095823,1.0,1033.2640657424927,-0.5479041589694342,424.0,434.5,12.246928659999998,17.38857151428573,10.68941186816815,24.64752564496304,1048.449470706956,984.3549970903233,16.023618404158178,1016.2746836805891,72.61787988461886,0.2545760909002241,0.21179732249920166,0.23571829826268578,1.080001348968291,0.02721482339316734,0.0356136115393603,0.039697380048593786,0.6855569940455413,1.1379538747486035,-0.09425713015479621,0.12113343254006789,0.12905425106570648,0.9386240449541935,0.021536801397235683,1.0,0.5809903191135536,0.021536801397235683,1.0,0.1386151412615254,0.280394539624921,0.5809903191135536,2.0
2014-02-03 00:00:00+00:00,435.75,438.75,427.0,431.0,743704,51.74825174825175,0.2253337860674776,428.175,425.98,429.3606123570917,439.87756382172574,416.4724361782743,1.9386398948793728,1.0684256286948242,0.8702142661845484,0.0092646207295887,0.0362663495838286,-3.7737857337142855,8.43714302285715,1.0272863532244898,2.1955000185714284,12.245714222285727,0.9754268638775512,0.0,7.0,0.0,0.0,2.4184999465942383,2.446799993515014,2.386199951171875,2.422300100326538,0,70.05508584076352,0.1012677563145951,2.393199920654297,2.384700059890747,0.0009615285205762,0.1021107988925974,233.049,-0.0085811497882559,1.501735619618394,0,0,0,0,0,0,2,6,0.8660254037844386,0.5000000000000001,0.6631226582407952,0.7485107481711011,21.440000534057617,0.2076393853079725,16.144999980926514,1.0,1055.517268717289,0.1047340018458759,431.75,424.0,-0.9209285585714284,17.982857040000013,10.141417555290944,23.847408778983862,1076.663436306689,976.6951000857614,24.99208405523191,1031.971717695269,71.49569430438588,0.1789160903154006,0.2138638880808576,0.22142819684222373,0.8080094802144395,0.026965002868617326,0.03498536063728684,0.03712996754142224,0.7262326738155211,1.2140994106498781,-0.10296107497992422,0.08565215565193043,0.12823240894137494,0.6679446302193577,-0.00312989101455341,0.0,0.28771769585684287,-0.00312989101455341,0.0,0.3558309463016022,0.35645135784155485,0.28771769585684287,1.0
2014-02-10 00:00:00+00:00,443.0,449.0,434.5,435.5,964825,80.0,0.1963561486688273,433.1625,428.175,434.7763151295186,446.54087512757656,419.7841248724235,4.401423148012157,2.9532290142186333,1.4481941337935234,0.0166379804934022,0.075242718446602,-10.982357162857141,16.688571671428576,0.627261223877551,-4.2930714199999995,25.36857233542858,0.919411624632653,0.0,7.0,0.4,0.0,2.4372000694274902,2.4375,2.365000009536743,2.375200033187866,0,58.42639252994415,0.1070312722391572,2.422300100326538,2.388000011444092,0.0055888923019645,0.1005031356825469,233.049,-0.0085811497882559,1.501735619618394,0,0,0,0,0,0,2,7,0.8660254037844386,0.5000000000000001,0.7485107481711011,0.6631226582407953,15.260000228881836,-0.3400233202568842,16.640000104904175,1.0,1052.2136147022247,0.5674703799847058,435.75,431.75,5.275499968571429,2.594285668571441,9.210160202046367,23.945548363270618,1089.3387304187172,978.8287623583919,27.627492015081344,1040.0684764980513,66.32082780058366,0.17622283966557972,0.21552706971240262,0.21163384626822662,0.8326779220156219,0.0327313769751693,0.03638844491601444,0.0365326698705999,0.8959478771090716,1.5250809486712193,-0.09929431251565625,0.11214701479329206,0.121175545842869,0.9254920599556857,0.008845060074680777,0.0,0.4236647665674211,0.008845060074680777,0.0,0.23285623002939826,0.34347900340318066,0.4236647665674211,2.0
2014-02-17 00:00:00+00:00,445.25,446.0,437.25,442.75,782712,71.42857142857143,0.1052905797978942,435.5375,430.1,437.1485166365557,449.8086293029128,421.2663706970872,4.232779392701332,3.682977800070688,0.5498015926306437,0.0022509848058525,0.0458015267175573,-3.079499960457143,5.1600001185714355,0.6051925402040818,-7.5873571474285715,21.431428542857155,0.5599896770204081,0.0,6.6,0.0,0.0,2.4040000438690186,2.429800033569336,2.368799924850464,2.3840999603271484,0,41.92179019395789,0.1119641560064127,2.375200033187866,2.360599994659424,-0.0018086862664849,0.0985504566453262,233.916,0.3720247673236088,1.5789473684210575,0,0,0,0,0,0,2,8,0.8660254037844386,0.5000000000000001,0.8229838658936564,0.5680647467311559,13.56999969482422,-0.1173735894973466,16.922500133514404,0.0,1061.5205073356628,-0.5528933939720988,443.0,435.75,-6.6137857541428575,16.342856891428585,8.12644940530605,23.783347084534267,1075.0302861743437,1026.227442074491,12.200711024963143,1048.6492888330959,95.46125179027182,0.17628104972975756,0.21152545657477229,0.2085019892193175,0.8454645537682944,0.019651880965749578,0.026855069670729377,0.03510869540246609,0.5597438225212713,1.2209587054136184,-0.05725335051470107,0.10759443504031813,0.12105433826682481,0.8888109892852532,-0.004464917165990512,0.0,0.27423400676655524,-0.004464917165990512,0.0,0.3712742505910996,0.35449174264234523,0.27423400676655524,0.0
2014-02-24 00:00:00+00:00,451.5,456.5,444.5,445.0,863296,73.68421052631578,0.0994664233478096,442.025,432.805,443.2906739807021,457.9919889723631,426.0580110276369,6.070917214641156,5.088483664789695,0.9824335498514608,0.0140370578326782,0.0524475524475525,2.7805000002857136,19.097143428571435,1.0504965929795917,-1.9966428758571428,15.491428912857156,0.7293586130816327,0.0,6.0,0.0,0.0,2.3819000720977783,2.4093000888824463,2.325000047683716,2.34060001373291,0,26.34668105119117,0.1140692473355883,2.3840999603271484,2.390899896621704,-0.0028900240459209,0.1162355690094316,233.916,0.3720247673236088,1.5789473684210575,0,0,0,0,0,0,2,9,0.8660254037844386,0.5000000000000001,0.8854560256532099,0.4647231720437686,14.229999542236328,0.0474909285750707,16.125,0.0,1056.780906200409,-0.6610271719156988,445.25,443.0,-3.9587857491428573,22.42285713228573,7.47334667748907,23.24838462184542,1064.2215257899709,1048.7946226878219,3.8567257755372566,1051.9019357800212,79.69046811378414,0.1270752178665571,0.20894163034738775,0.20860449163384984,0.6091681477210119,0.026578073089700997,0.026628231458480894,0.0348237982778749,0.7632155816395078,1.3195181451398532,0.5947709156751906,0.1277159716343595,0.12512665811027376,1.0206934585823366,0.02452419302864728,1.0,0.6168524405849537,0.02452419302864728,1.0,0.12172347153766702,0.26142408787737925,0.6168524405849537,2.0
2014-03-03 00:00:00+00:00,464.0,476.25,447.0,451.0,435354,70.58823529411765,0.1198825104824177,448.125,435.82,448.5108629911312,462.9267602083187,433.3232397916813,6.645317953287645,5.873770138291916,0.7715478149957287,0.0276854928017717,0.0703575547866204,-6.263785796857142,7.485714462857151,1.1427588359183674,-1.8252142234285713,40.44857269000001,1.149999106632653,0.0,7.0,0.0,0.0,2.3334999084472656,2.349800109863281,2.3136000633239746,2.333400011062622,0,28.66358558253873,0.1114814602946541,2.34060001373291,2.408799886703491,-0.0123138762143216,0.1186058703225507,233.916,0.3720247673236088,1.5789473684210575,0,0,0,0,0,0,3,10,1.0,6.123233995736766e-17,0.9350162426854148,0.3546048870425355,16.0,0.1172363423069364,14.764999866485596,1.0,1082.6976051330566,-1.6034123887557687,451.5,445.25,-0.8959285828571428,40.71428484028573,6.873439522591158,24.358074174629593,1090.2559605986096,1036.350356087067,13.47640112788565,1064.2202035212354,81.41011938531526,0.0961848430073018,0.1850758365947123,0.19470919561736102,0.49399227274504165,0.06303879310344827,0.03379302540053708,0.035944845484534735,1.75376398802245,0.6701795028555961,0.41041059235714106,0.0997992064214958,0.12115610660726193,0.8237240447793782,0.018200416477638814,1.0,0.5399200573451839,0.018200416477638814,1.0,0.1597592016051014,0.30032074104971473,0.5399200573451839,2.0
2014-03-10 00:00:00+00:00,472.0,495.0,458.0,462.75,30617,64.6103896103896,0.1726563288147072,457.2625,440.485,460.1389230681311,485.298414467007,429.226585532993,10.722604039622864,8.757054282186349,1.9655497574365164,0.0172413793103447,0.0654627539503385,4.861928511714287,5.777142914285721,1.252145263755102,-6.236642807142857,9.042857351428587,1.1505344570408162,0.0,5.4,0.0,0.0,2.339099884033203,2.34879994392395,2.2973999977111816,2.335599899291992,0,35.982992414871475,0.1073708158711482,2.333400011062622,2.379499912261963,0.0061903754077506,0.1136653447965883,233.916,0.3720247673236088,1.5789473684210575,0,0,0,0,0,0,3,11,1.0,6.123233995736766e-17,0.970941817426052,0.239315664287558,14.199999809265137,-0.1193467710645989,14.49999976158142,0.0,1102.4031524658203,0.24701277345145123,464.0,451.5,2.9469285541428576,7.897142810857158,6.027627759382513,23.36999566990695,1117.8175822172154,1033.883503350259,20.983519716739153,1079.4933830990694,92.05681042947278,0.09135326590608894,0.13500417645934246,0.19551266123067945,0.46724984795642227,0.07838983050847458,0.04407799092850853,0.03854113881176026,2.0339256333883613,0.049220271768499156,0.1688910536105619,0.07926653596812264,0.11842726857895414,0.6693266696597823,0.016959678701190084,1.0,0.5244764040375999,0.016959678701190084,1.0,0.16826357638819991,0.30726001957420024,0.5244764040375999,2.0
2014-03-17 00:00:00+00:00,479.0,487.5,468.25,471.75,197796,62.46648793565684,0.2079671941293965,466.6375,446.045,467.69911340833056,493.3304297755276,439.9445702244724,10.252317806795077,10.113903525292525,0.1384142815025519,0.0148305084745763,0.0874006810442677,7.881928611142858,10.93428537142858,2.064608375265306,5.803357081285713,11.088571285714302,1.462925190734694,0.0,4.6,0.0,0.0,2.343100070953369,2.372900009155273,2.327699899673462,2.3405001163482666,0,51.27125309749329,0.0976828838120811,2.335599899291992,2.3910000324249268,0.0067016174049944,0.109159959289519,234.781,0.3697908650968751,1.1263492501055294,0,0,0,0,0,0,3,12,1.0,6.123233995736766e-17,0.992708874098054,0.120536680255323,15.640000343322754,0.0965898058935651,15.017499923706056,1.0,1121.0995557308197,0.3003708754025649,472.0,464.0,-2.765214275142857,21.36857059657144,6.013158683376268,22.577645709636457,1145.8286575271916,1035.6619522378612,27.541676322332563,1096.1358521517698,93.13680684122744,0.0796879490617633,0.13053742000213467,0.1931374292769316,0.4125971088780054,0.04018789144050104,0.04556929382157489,0.03869330761477777,1.0386261483340076,0.33155225158786933,0.14934529851144798,0.0649530670365873,0.11613661900906408,0.5592814910403326,0.013917047077880662,0.0,0.48646639498619565,0.013917047077880662,0.0,0.1906407136547096,0.32289289135909477,0.48646639498619565,2.0
2014-03-31 00:00:00+00:00,502.0,503.75,475.5,489.5,698321,65.48387096774194,0.2440006065466394,483.35,458.44,481.3030717945407,498.1809775381783,468.51902246182175,9.928084639192605,9.5793516311985,0.348733007994106,0.0244897959183674,0.0972677595628415,11.014785623714285,6.83999980285715,2.2921962497959183,4.279785580285714,9.0800000057143,2.3227056441632654,0.0,3.2,0.2,0.0,2.3208000659942627,2.3268001079559326,2.2446999549865723,2.256099939346313,0,25.629534556690743,0.0983367895455064,2.319799900054932,2.319000005722046,-0.0015076072306479,0.0955153085841749,234.781,0.3697908650968751,1.1263492501055294,0,0,0,0,0,0,3,14,1.0,6.123233995736766e-17,0.992708874098054,-0.1205366802553228,13.880000114440918,-0.083583319567931,14.702500104904177,0.0,1132.5621695518491,-0.5205515881616651,490.0,479.0,2.847642774285714,10.702857089714303,5.79511745226224,21.649032263479985,1153.891834417403,1092.4915799702999,15.350063611775836,1120.442242841837,92.88013826607036,0.07565172891008158,0.09884917762529956,0.18290191346835172,0.4136190996546404,0.05627490039840637,0.05400685451873747,0.03932243530337519,1.431113959578096,1.266264724780638,0.040781785592156186,0.08821009054527698,0.11016759701598125,0.8006899027268601,-0.016630709810103395,0.0,0.1705781290359352,-0.016630709810103395,0.0,0.5203725874017446,0.3090492835623202,0.1705781290359352,0.0
2014-04-07 00:00:00+00:00,499.25,512.5,490.5,501.5,698793,59.15492957746479,0.2307504930166773,489.025,465.85,488.9226963944796,508.2575792670722,469.7924207329277,10.021464728567366,10.08817201078626,-0.0667072822188927,-0.0054780876494023,0.037941787941788,10.910499822857144,25.491428798571437,2.532498007918367,13.32907108142857,24.73428536857144,2.26326976722449,0.0,2.8,0.0,0.0,2.249099969863892,2.286099910736084,2.2151999473571777,2.230799913406372,0,22.350064950509772,0.105119279785949,2.256099939346313,2.319999933242798,-4.438348643387884e-05,0.0996985638534427,234.781,0.3697908650968751,1.1263492501055294,1,0,0,1,0,0,4,15,0.8660254037844387,-0.4999999999999998,0.970941817426052,-0.2393156642875575,15.56999969482422,0.1148970029219827,15.045000076293944,1.0,1113.7268567681313,-0.37422921374026297,502.0,490.0,2.1955000185714284,12.245714222285727,6.2811789767245845,21.84808085090524,1147.0697605405815,1104.975505998277,10.52356363557612,1117.7560884123548,59.88557241771775,0.1101940386364641,0.09851803150352721,0.16077637452107738,0.6853869675245617,0.04406609914872309,0.05021231572779243,0.03830972084333562,1.1502586465284144,1.3070912373973753,0.15776461399378458,0.08700053726680118,0.11110900708979865,0.7830195923386406,-0.00012131508507706723,0.0,0.31950104231554877,-0.00012131508507706723,0.0,0.32214443230372425,0.358354525380727,0.31950104231554877,1.0
2014-04-14 00:00:00+00:00,503.0,519.0,494.0,498.5,810720,62.50000000000001,0.2121699611403584,494.7375,472.915,494.1434309826507,512.4356079869234,477.0393920130767,8.577249793085855,9.512894810573057,-0.9356450174872002,0.0075112669003505,0.0651138168343039,17.406214274285713,19.625714660000007,3.198794319755102,14.252642588571428,56.625715194285725,2.6949308286122444,0.0,0.8,0.0,0.0,2.2142999172210693,2.219099998474121,2.168800115585327,2.213900089263916,0,27.503265830955684,0.1185164798344608,2.230799913406372,2.3610999584198,-0.0202789432118387,0.1189844517266988,236.293,0.6440044126228228,1.51220287576308,1,0,0,2,0,0,4,16,0.8660254037844387,-0.4999999999999998,0.9350162426854148,-0.3546048870425354,16.110000610351562,0.0340942688297212,15.162500143051147,1.0,1113.5917448997498,-2.671898733806693,499.25,502.0,-4.2930714199999995,25.36857233542858,6.795466951682446,24.091799195639467,1148.5979377748665,1099.693423348457,12.226128606602439,1116.0903510073128,40.30314347906598,0.09861256865553755,0.09313529136343685,0.1610724687437579,0.6122248159626035,0.04970178926441352,0.044474707478980226,0.03891134944722728,1.2773079627767963,1.519081266125876,0.21804485152329878,0.07823639175155167,0.10805828897222478,0.7240202047939094,-0.022554104895587956,0.0,0.13265267627552174,-0.022554104895587956,0.0,0.5933195168696516,0.2740278068548267,0.13265267627552174,0.0
2014-04-21 00:00:00+00:00,488.5,506.75,485.5,502.75,455854,39.2,0.1914524531343719,497.3875,477.33,494.5975240208042,510.7089063980512,484.0660936019488,5.326304232415964,7.840048531817291,-2.513744299401327,-0.0200601805416248,0.0208986415882967,16.720499948571426,19.59714348285715,3.3708475575510204,20.43835724285714,33.522857902857154,3.5964970149795916,0.0,1.0,0.0,0.0,2.200999975204468,2.246999979019165,2.1963000297546387,2.228199958801269,0,39.43443917076902,0.1251634699428251,2.213900089263916,2.3232998847961426,0.0045271434273741,0.1237955334393411,236.293,0.6440044126228228,1.51220287576308,1,0,0,3,0,0,4,17,0.8660254037844387,-0.4999999999999998,0.8854560256532099,-0.4647231720437685,13.25,-0.195442682643154,14.702500104904177,0.0,1088.47567987442,-0.19129006988541286,503.0,499.25,-7.5873571474285715,21.431428542857155,7.6756534220808135,24.700254596105125,1148.2679348628615,1075.9102906842138,18.089411044661908,1105.0444825541558,0.0,0.10397371698350126,0.11233130916007317,0.16816275140979264,0.6182921599992621,0.04350051177072672,0.04513723154502535,0.03928565474764837,1.1072871504186688,0.8421018018899078,0.27800667550600966,0.08810256174090514,0.0996620258823033,0.8840132650405675,0.044351055159661534,1.0,0.8126851322948947,0.044351055159661534,1.0,0.048913445352512464,0.1384014223525929,0.8126851322948947,2.0
2014-04-28 00:00:00+00:00,507.75,512.5,487.25,489.0,571330,57.02479338842975,0.1845799815902248,500.925,483.46,498.1708787638673,510.6448927869823,491.2051072130177,5.49086606296521,6.050314606423656,-0.559448543458446,0.0394063459570113,0.0320121951219511,18.347642857142855,22.234285428000007,3.9690056453061224,22.536214385714285,32.50000078514287,3.441375493102041,0.0,0.4,0.0,0.0,2.228199958801269,2.246999979019165,2.193599939346313,2.238800048828125,0,57.218663815570345,0.1235017765720555,2.228199958801269,2.256200075149536,0.0,0.1240886351727518,236.293,0.6440044126228228,1.51220287576308,1,0,0,4,0,0,4,18,0.8660254037844387,-0.4999999999999998,0.8229838658936565,-0.5680647467311557,13.970000267028809,0.0529146399510848,14.725000143051147,0.0,1136.7507247924805,-0.6440044126228228,488.5,503.0,-1.9966428758571428,15.491428912857156,8.634399290702328,25.20346402765595,1152.571319405828,1073.7011837615628,19.717533911066347,1117.7269794494857,52.26747815471868,0.18728632771211295,0.14493222508912426,0.17648168372722683,1.0612224064530227,0.04972919743968488,0.04865449960439091,0.040021822904346735,1.2425517231691765,1.0045186018707186,0.18770370641882317,0.10015410573853319,0.10024561531516306,0.9990870466781754,-0.01939916773820416,0.0,0.15187652376299024,-0.01939916773820416,0.0,0.554768956682425,0.2933545195545848,0.15187652376299024,0.0
2014-05-05 00:00:00+00:00,503.25,516.0,492.0,509.0,154750,50.158730158730165,0.1796930931030764,502.0875,488.92,500.92959092743615,515.0533204522872,489.12167954771286,4.400160944752656,5.585801433793383,-1.1856404890407264,-0.0088626292466764,0.0064999999999999,15.303357242857144,40.07714306285715,2.996148172979592,19.95621437142857,57.99142818228573,3.8532404062857144,0.0,1.0,0.0,0.0,2.22029995918274,2.254600048065185,2.200999975204468,2.2149999141693115,0,50.857094416624925,0.1229688242458219,2.238800048828125,2.27649998664856,0.0134000553272684,0.1259945536231415,236.293,0.6440044126228228,1.51220287576308,1,0,0,5,0,0,5,19,0.4999999999999999,-0.8660254037844387,0.7485107481711013,-0.663122658240795,13.289999961853027,-0.0499003225285137,14.15500020980835,0.0,1114.698706805706,0.696001120104017,507.75,488.5,-1.8252142234285713,40.44857269000001,9.364838973329828,27.3188165537611,1152.8456514682425,1073.9127767179357,19.73321868757668,1116.515670391974,50.50840549042501,0.19807784590593314,0.15546982072963203,0.1793679386272454,1.1043101480608992,0.04769001490312966,0.04693752250533556,0.04104778850478969,1.1618166294001104,0.27382498557884083,0.2488442190992333,0.06199114178173189,0.1010766531930832,0.6133081546559603,-0.014773020004620663,0.0,0.18412429124023608,-0.014773020004620663,0.0,0.49716278051046714,0.31871292824929676,0.18412429124023608,0.0
2014-05-12 00:00:00+00:00,497.5,519.5,495.75,503.0,12750,50.724637681159415,0.2023967233806579,503.625,494.335,503.3419634249578,518.4596145711514,488.7903854288486,3.637644145672141,4.883070040581057,-1.245425894908916,-0.0114257327372081,-0.0074812967581047,24.36621425714286,17.64285775285715,4.51992068489796,19.038357100000002,68.17714338000002,3.091841297510204,0.4,0.0,0.0,0.0,2.240000009536743,2.2423999309539795,2.195199966430664,2.2074999809265137,0,44.3658370711854,0.1079723236913379,2.2149999141693115,2.203900098800659,-0.0070630799956244,0.1063793549726693,236.293,0.6440044126228228,1.51220287576308,1,0,0,6,0,0,5,20,0.4999999999999999,-0.8660254037844387,0.6631226582407952,-0.7485107481711012,12.229999542236328,-0.0831199575852946,13.18499994277954,0.0,1098.2312405109406,-1.3503124121852628,503.25,507.75,-6.236642807142857,9.042857351428587,9.98893691698597,29.954837639324904,1151.7864456228785,1067.291730368895,21.12367881349592,1109.2018984395606,43.13715359336938,0.19648146689219398,0.15357975118015854,0.16592242741873123,1.1841765944912095,0.04773869346733668,0.04767204136905828,0.04182274850918703,1.1414525289346975,0.023423551361279927,0.3758991416978982,0.054141777241829045,0.09014734341631955,0.6005919773572371,-0.03948674818191489,0.0,0.06155244430683154,-0.03948674818191489,0.0,0.7728259519914719,0.16562160370169673,0.061552444306831544,0.0
2014-05-19 00:00:00+00:00,477.25,505.5,476.25,498.0,458993,29.52127659574468,0.2239238128664366,501.4,495.54,497.046925454237,522.7038173006599,480.09618269934,-2.432941352534158,1.5293645502571975,-3.962305902791355,-0.0407035175879396,-0.0353713996968165,16.40335712857143,47.72000108000001,3.4778012697959184,23.514071171428572,54.76000178285716,4.566193049591837,0.0,0.0,0.0,0.0,2.194999933242798,2.2239999771118164,2.184499979019165,2.2102999687194824,0,46.31813465498787,0.0996913704822478,2.2074999809265137,2.228199958801269,-0.00248844293164,0.1028658933153222,237.072,0.3296754453157691,1.9528578985167575,1,0,0,7,0,0,5,21,0.4999999999999999,-0.8660254037844387,0.5680647467311558,-0.8229838658936564,12.420000076293944,0.0154161703786544,12.977499961853027,0.0,1054.865660071373,-0.5785197384797691,497.5,503.25,5.803357081285713,11.088571285714302,10.861526223724203,31.555170809875374,1170.4353336003112,1031.8378324899388,34.64937527759307,1087.4674030922856,37.08897069300986,0.22931161902973282,0.17343454020509835,0.16156085686126817,1.4193512543272129,0.061288632792037716,0.049989410074583115,0.04338186727983969,1.4127704155513714,0.8246944226987966,-0.4484701841992184,0.04980148170232786,0.08564488831614746,0.5814880124965751,0.0055138663334661775,0.0,0.38359741727458024,0.0055138663334661775,0.0,0.2639198960443577,0.35248268668106203,0.38359741727458024,2.0
2014-05-26 00:00:00+00:00,478.0,482.5,472.5,477.75,406220,32.28070175438596,0.2141017486641171,496.1375,495.225,490.0652859257285,525.8618808310698,466.41311916893017,-5.867809461322338,-2.479232578668133,-3.3885768826542044,-0.0113753877973112,-0.0463840399002494,25.166214257142855,16.014285890000007,4.401432925306123,18.751928528571426,77.15714407428572,3.4220899120408164,0.0,0.0,0.0,0.0,2.202800035476685,2.220599889755249,2.1875,2.219000101089477,0,39.49508652066303,0.0966837441237922,2.2102999687194824,2.2090001106262207,-0.002395014603992,0.1008499273678926,237.072,0.3296754453157691,1.9528578985167575,1,0,0,8,0,0,5,22,0.4999999999999999,-0.8660254037844387,0.464723172043769,-0.8854560256532096,11.359999656677246,-0.0892096995772309,12.324999809265137,0.0,1060.68204832077,-0.5691769057149692,477.25,497.5,4.253357119428571,21.619999362857158,11.370584436940153,34.497233601127654,1140.1231956855888,1024.115632168806,29.001890879195635,1076.7532611836796,6.632031799237339,0.2282619901896959,0.16724106003889883,0.1569235984991244,1.45460579432807,0.02092050209205021,0.04547340813884782,0.04314209460536564,0.48492075858182165,0.7307926974340538,-0.49583549584455977,0.045872767705005583,0.08038172240097616,0.5706864773226573,-0.0183388312527224,0.0,0.15883237405626155,-0.0183388312527224,0.0,0.5416387313797036,0.2995288945640348,0.15883237405626155,0.0
2014-06-02 00:00:00+00:00,465.5,475.0,460.25,474.5,624396,22.41379310344827,0.201758405614948,486.55,494.01,481.4917548354975,519.9260866174543,453.1739133825457,-8.38956229445256,-6.000638768788697,-2.388923525663863,-0.0261506276150628,-0.0750124192747143,27.5162142,21.157142177142866,4.730078168979591,25.63407115714286,31.628571708571446,4.695400275714285,0.2,0.0,0.0,0.0,2.221100091934204,2.2711000442504883,2.205699920654297,2.236799955368042,0,62.238396372747886,0.07921244622092,2.219000101089477,2.2307000160217285,0.0037022790708514,0.0850379350976774,237.072,0.3296754453157691,1.9528578985167575,1,0,0,9,0,0,6,23,1.2246467991473532e-16,-1.0,0.3546048870425358,-0.9350162426854148,11.579999923706056,0.0191810824854942,11.897499799728394,0.0,1041.2303792238235,0.040552461769370884,478.0,477.25,4.279785580285714,9.0800000057143,12.29080938663065,34.312158640317584,1112.5298277826253,1014.9748362808283,24.388747875449255,1062.544108399737,6.834680128101596,0.11741203151293322,0.1617767919022377,0.16004200215487893,0.7336325626755367,0.03168635875402793,0.04186484040171643,0.041360474683458284,0.7661022107581967,1.1799833924399472,-0.4786992739686656,0.051804987789211075,0.0820221881059082,0.631597164981116,-0.028550435159492404,0.0,0.10178728171974087,-0.028550435159492404,0.0,0.6631853552071495,0.23502736307310976,0.10178728171974089,0.0
2014-06-09 00:00:00+00:00,451.0,465.0,445.5,463.25,647286,28.395061728395063,0.1688432192002405,472.9875,490.84,470.85288993989633,502.61966380185777,443.3553361981423,-11.036130641642046,-9.011808398093809,-2.0243222435482373,-0.0311493018259935,-0.1212859230394544,24.413357085714285,47.34571353142858,4.605061248979591,27.739785614285715,57.62571262285716,4.783284342653061,0.2,0.0,0.0,0.0,2.2718000411987305,2.2869999408721924,2.2218000888824463,2.242799997329712,0,64.11892247597675,0.0844224515626441,2.236799955368042,2.213000059127808,0.0059187891505641,0.0778857136971414,237.072,0.3296754453157691,1.9528578985167575,0,0,0,0,0,0,6,24,1.2246467991473532e-16,-1.0,0.2393156642875576,-0.970941817426052,11.149999618530272,-0.0378400018628301,11.62749981880188,0.0,1011.5027987957001,0.2622034697406409,465.5,478.0,13.32907108142857,24.73428536857144,13.287517530350332,35.81625889725562,1085.9670098175898,998.1734333882438,21.948394107336494,1042.1275845581224,5.913294238325264,0.12327250384430143,0.16734886559020867,0.16100142461163383,0.7656609032190193,0.043237250554323724,0.04097428753195524,0.0421367240036273,1.026117746823987,1.20676432788641,-0.4266353466365935,0.02982791303627743,0.08245312040266586,0.3617559805262777,-0.03228781520839197,0.0,0.08592869482601674,-0.03228781520839197,0.0,0.7035771929919045,0.2104941121820788,0.08592869482601674,0.0
2014-06-16 00:00:00+00:00,441.0,455.0,439.25,450.5,742799,28.301886792452837,0.1706500398714426,460.75,485.265,460.1372137778394,486.97022120427823,434.52977879572177,-12.463212426036703,-11.24544430985951,-1.2177681161771954,-0.0221729490022173,-0.0893133711925657,24.910499714285713,29.808570300571432,4.391636030612245,23.364071300000003,97.01428392228573,4.391892997346939,0.2,0.0,0.0,0.0,2.224299907684326,2.246500015258789,2.2037999629974365,2.219599962234497,0,49.511358659016565,0.0921580624505921,2.242799997329712,2.21560001373291,-0.0060012072686074,0.0884606142631195,237.9,0.349260984004851,2.1271115499366777,0,0,0,0,0,0,6,25,1.2246467991473532e-16,-1.0,0.120536680255323,-0.992708874098054,12.649999618530272,0.1262177213242235,11.684999704360962,0.0,978.8435833454132,-0.9493817108655911,451.0,465.5,14.252642588571428,56.625715194285725,13.937617773553537,39.764518576289824,1094.5652060465632,951.5641987962902,35.750251812568266,1016.8139840730388,6.635557570877879,0.12814869455760616,0.1742381797689564,0.1570909794481812,0.815760948528992,0.03571428571428571,0.03856940598134505,0.042561697119683224,0.8391177922882037,1.3750210103789167,-0.38872316793935463,0.04972434697034874,0.07473902047987613,0.6653062884423859,0.011206081585859451,0.0,0.4527177207924808,0.011206081585859451,0.0,0.21243596510223745,0.3348463141052818,0.4527177207924808,2.0
2014-06-23 00:00:00+00:00,444.5,457.75,435.5,440.75,548003,40.80267558528429,0.1812093789029276,453.175,479.605,454.62366207351255,474.7962006093746,431.55379939062544,-9.8218470623263,-11.024944283680718,1.2030972213544189,0.0079365079365079,-0.0676455165180912,29.301928428571426,46.05714213028572,5.156832645306123,26.169785442857144,48.585712453714294,4.723013813469387,2.2,0.0,0.0,0.0,2.2323999404907227,2.2590999603271484,2.2039999961853027,2.226799964904785,0,36.0285591978251,0.1093474152161243,2.219599962234497,2.2107999324798584,-0.0033284049637098,0.090521600300456,237.9,0.349260984004851,2.1271115499366777,0,0,0,0,0,0,6,26,1.2246467991473532e-16,-1.0,-3.216245299353273e-16,-1.0,10.979999542236328,-0.1415817906271158,11.589999675750732,0.0,989.812584400177,-0.682101480375831,441.0,451.0,20.43835724285714,33.522857902857154,14.726789881250545,40.33362785870431,1060.353517006452,950.3411558761051,27.50309028258671,1006.0134242038941,11.819093359583604,0.1443516308340402,0.18078586801907376,0.1536559922787756,0.9394467426800899,0.050056242969628795,0.03632292801686326,0.0437162591247338,1.1450255013026251,1.0331411192344648,-0.3925200430970333,0.05021798367613707,0.0708645263014112,0.7086476014256659,-0.06055831730027317,0.0,0.022358950541712438,-0.06055831730027317,0.0,0.9070314503933723,0.07060959906491526,0.022358950541712438,0.0
2014-06-30 00:00:00+00:00,424.25,446.0,422.5,444.75,510909,33.9622641509434,0.1978302039244431,445.725,473.535,448.1008885521104,461.528813663708,429.92118633629207,-9.724886531640491,-9.848515137400288,0.1236286057597944,-0.045556805399325,-0.0891035963499731,28.057642971428574,40.88857131714286,4.546940029795919,28.624071342857146,104.15714093714287,5.004138085510205,0.8,0.0,0.0,0.0,2.214900016784668,2.222100019454956,2.1723999977111816,2.191800117492676,0,39.71292821208976,0.1214288537847894,2.226799964904785,2.223599910736084,0.0032835870566566,0.1184527659647417,237.9,0.349260984004851,2.1271115499366777,0,0,0,0,0,0,6,27,1.2246467991473532e-16,-1.0,-0.1205366802553228,-0.992708874098054,11.56999969482422,0.0523401204384098,11.587499618530272,0.0,929.8711998462677,-0.020902278339191005,444.5,441.0,22.536214385714285,32.50000078514287,15.623388685225164,44.45127386376487,1046.5784969335618,908.4365862602172,34.53547766833618,975.5565344608436,8.228981987759951,0.19148807042278468,0.21427981194585052,0.18093695536351037,1.0583137063124535,0.0553918680023571,0.04321720119892464,0.044849283676093185,1.2350666746817376,1.0062644719365974,-0.286833720052743,0.07302253478925481,0.06883921311088703,1.0607693040293216,-0.027434496111903406,0.0,0.10700314756898399,-0.027434496111903406,0.0,0.6506107269684221,0.24238612546259386,0.10700314756898399,0.0
2014-07-07 00:00:00+00:00,409.25,423.75,405.5,423.75,21959,25.48262548262548,0.2278089066342946,437.975,467.095,437.6250219661538,462.9175128519542,413.03248714804585,-13.16424030707907,-11.161273701506236,-2.002966605572833,-0.0761851015801354,-0.0885300668151447,26.926214428571427,26.69142908571429,4.467614242857143,28.495500028571428,75.05428648000002,4.446570922244899,1.0,0.0,0.0,0.0,2.20959997177124,2.240499973297119,2.184799909591675,2.2098000049591064,0,45.09803234085523,0.1144164274217051,2.191800117492676,2.25629997253418,-0.0009576536913536,0.1209215491175139,237.9,0.349260984004851,2.1271115499366777,0,1,0,0,1,0,7,28,-0.4999999999999997,-0.8660254037844388,-0.2393156642875574,-0.970941817426052,11.329999923706056,-0.0209614465229971,11.63249969482422,0.0,904.3606520295143,-0.445026353140211,424.25,444.5,19.95621437142857,57.99142818228573,16.453847481570083,46.42566177448972,1031.5760107124538,869.8679990982323,40.42700290355535,947.0781814883121,8.497821818694561,0.18888456244499702,0.15367590560209446,0.18226712453650115,1.03630620476546,0.04459376908979841,0.045798683266078735,0.04609637808229562,0.9674026739402098,0.04675204341921084,-0.29126100717387016,0.07337656257576572,0.0705588953895468,1.0399334027457343,-0.043103697741798896,0.0,0.05189784995226139,-0.043103697741798896,0.0,0.8030053629173945,0.14509678713034407,0.05189784995226139,0.0
2014-07-14 00:00:00+00:00,390.25,411.0,390.0,410.5,75560,3.433476394849791,0.2085312568084483,426.6875,456.195,422.7087258041296,465.7147762241391,387.6602237758609,-16.688203219349077,-14.118431107502408,-2.569772111846669,-0.0464263897373243,-0.1210585585585585,26.47478577142857,21.211428925714294,4.987367526122449,28.677643042857145,44.4000009657143,4.590192114693878,0.8,0.0,0.0,0.0,2.22029995918274,2.2249999046325684,2.19350004196167,2.2174999713897705,0,51.45440142527319,0.1165205536489367,2.2098000049591064,2.226999998092652,0.0013585207851049,0.1165709259644591,238.343,0.1862126944094155,2.0723413731670526,0,1,0,0,2,0,7,29,-0.4999999999999997,-0.8660254037844388,-0.3546048870425356,-0.9350162426854148,11.81999969482422,0.0423389178532421,11.424999713897703,0.0,865.3793638348579,-0.050360615898925515,409.25,424.25,19.038357100000002,68.17714338000002,17.242479453266025,46.294973980375175,1026.7720319623181,817.9398680930905,52.20804096730689,914.3986544269304,8.101049542260142,0.1958391542663786,0.1606315352860771,0.19112616128524415,1.0246590142492868,0.053811659192825115,0.04791356499377901,0.04745805738745183,1.133878013900187,0.17559682819513892,-0.26341843336362125,0.07414143371907471,0.06688003992201089,1.1085732412809404,-0.06524554089510903,0.0,0.017770642499656722,-0.06524554089510903,0.0,0.9249980172924842,0.05723134020785907,0.017770642499656722,0.0
2014-07-21 00:00:00+00:00,364.0,387.75,363.0,381.0,435359,7.719298245614041,0.2429784908354831,408.7875,442.86,403.0702348582661,461.7744087605769,355.8005912394232,-21.393051568694773,-18.21399498625767,-3.179056582437102,-0.0672645739910313,-0.1920088790233074,25.12621431428571,13.208571268571434,4.4056562595918365,27.52907152857143,43.18571470857144,4.818258904693877,0.8,0.0,0.8,0.8,2.205300092697144,2.255899906158448,2.190500020980835,2.2223000526428223,0,52.82217623684444,0.105898895367496,2.2174999713897705,2.219500064849853,-0.000495959669534,0.1166171558004824,238.343,0.1862126944094155,2.0723413731670526,0,1,0,0,3,0,7,30,-0.4999999999999997,-0.8660254037844388,-0.464723172043768,-0.8854560256532101,12.8100004196167,0.0804331625062476,11.882499933242798,0.0,808.9172191619873,-0.2358086613628155,390.25,409.25,23.514071171428572,54.76000178285716,17.906130554898635,46.09437660800074,982.4203066850107,771.8439107513029,52.644098983426915,872.2060803209533,0.0,0.22868240946502244,0.18396366442683515,0.2030183244788327,1.1264125974241286,0.06799450549450549,0.05436960894982297,0.04770584300700469,1.4252864419911282,1.011747156052271,-0.22154374882346678,0.06695482063870975,0.067331446060205,0.9944062486758274,0.010211258701020132,0.0,0.4404250818866111,0.010211258701020132,0.0,0.22087700130760338,0.33869791680578554,0.4404250818866111,2.0
2014-07-28 00:00:00+00:00,367.75,369.25,356.5,363.5,336294,20.43795620437956,0.2349911818335018,388.825,429.465,387.4183555848198,434.8770586430726,342.7729413569274,-20.93756066027214,-20.61272129971368,-0.3248393605584638,0.0103021978021977,-0.1693958215697346,27.184785485714286,10.291428885714293,5.12116002,27.139071457142855,17.871428608571442,4.498858859183673,1.6,0.0,1.6,0.0,2.2070000171661377,2.2316999435424805,2.1946001052856445,2.222100019454956,0,49.864659082843474,0.1123088014193458,2.2223000526428223,2.1939001083374023,-0.0147845959827613,0.1163917111157807,238.343,0.1862126944094155,2.0723413731670526,0,1,0,0,4,0,7,31,-0.4999999999999997,-0.8660254037844388,-0.5680647467311556,-0.8229838658936566,12.5600004196167,-0.0197089542165807,12.130000114440918,0.0,817.1772821545601,-1.6646722926855455,364.0,390.25,18.751928528571426,77.15714407428572,18.501804161495038,44.27354125319886,938.0458015660344,759.8714570244255,44.54358613540222,850.194561054396,6.3925427589202855,0.22593053978747732,0.20350632529444238,0.1999289746621551,1.1300539547542858,0.03467029231815092,0.0512924188195274,0.04551986609748851,0.7616517286624117,0.7547196064525805,-0.5994987199495129,0.0658706324136081,0.06721001669086549,0.9800715110050773,-0.011215006502266034,0.0,0.21236131466657207,-0.011215006502266034,0.0,0.45282828694525024,0.3348103983881778,0.2123613146665721,0.0
2014-08-04 00:00:00+00:00,358.75,368.5,351.5,367.5,373169,36.44444444444444,0.2178999840975759,373.8125,417.585,375.8431118244178,408.7119325847684,338.9130674152316,-18.53337361043197,-19.757696906649254,1.2243232962172923,-0.0244731475186947,-0.1396882494004796,27.043357142857143,9.345714597142864,4.718738524897959,27.846213914285716,30.682858191428583,5.1181138604081635,0.6000000000000001,0.0,0.6000000000000001,0.0,2.2172999382019043,2.280400037765503,2.2037999629974365,2.2523000240325928,0,63.88897882774028,0.1018242842158967,2.222100019454956,2.2067999839782715,0.0030648314148212,0.1104680516153251,238.343,0.1862126944094155,2.0723413731670526,0,1,0,0,5,0,8,32,-0.8660254037844385,-0.5000000000000004,-0.663122658240795,-0.7485107481711013,15.119999885559082,0.1855011687335181,13.077500104904177,1.0,808.0126336216927,0.12027044707270451,367.75,364.0,25.63407115714286,31.628571708571446,19.10466930683637,43.39672299114916,879.5079797849125,770.2352696016364,27.318177545819037,833.3217900813147,7.31832975282569,0.21487604942921476,0.19199670026804302,0.19270576919962315,1.1150472514196137,0.047386759581881537,0.04969139713543229,0.045879809504557535,1.032845379375878,0.8213129487595081,-0.5993494618075133,0.03910393078079608,0.07170477024277001,0.5453462188769337,0.006213556347598237,0.0,0.39190249141303596,0.006213556347598237,0.0,0.257179944224793,0.350917564362171,0.39190249141303596,2.0
2014-08-11 00:00:00+00:00,356.75,364.0,350.5,358.0,563190,46.95652173913044,0.246890863791463,363.05,406.225,368.53585852684085,378.3990956360346,347.70090436396544,-14.679151110846078,-17.059042652445132,2.3798915415990542,-0.005574912891986,-0.1075672295184489,25.94907128571429,15.559999960000006,4.18734520489796,28.250499814285714,10.557142919428584,4.667308357755102,0.2,0.0,0.0,0.0,2.255800008773804,2.3041000366210938,2.253999948501587,2.2790000438690186,0,70.99461250189366,0.1028574493227946,2.2523000240325928,2.218600034713745,-0.0035455859066758,0.1002148103706358,238.343,0.1862126944094155,2.0723413731670526,0,0,0,0,0,0,8,33,-0.8660254037844385,-0.5000000000000004,-0.7485107481711011,-0.6631226582407952,14.229999542236328,-0.0606659832496985,13.680000066757202,0.0,813.0332656502724,-0.5407712850769955,358.75,367.75,27.739785614285715,57.62571262285716,19.694722887962136,41.27804040587687,820.1985646697899,803.3716356244663,4.206732261330894,825.2063803088978,16.83071571479401,0.24175742410528822,0.20620272200921727,0.18980567457451436,1.273710134905778,0.0378416257883672,0.04834096847514604,0.04616474793683304,0.8197080950829563,1.231466585325428,-0.566477989433373,0.04382459483560518,0.07392233531953961,0.5928463801597106,-0.0036075658170264813,0.0,0.28284797379715515,-0.0036075658170264813,0.0,0.3613241180721134,0.35582790813073145,0.28284797379715515,0.0
2014-08-18 00:00:00+00:00,360.75,370.0,347.75,355.5,526426,49.33920704845816,0.2067423601833336,359.95,396.565,365.6611150807613,367.8583566728624,352.04164332713754,-9.750028382379355,-13.18270556023047,3.432677177851115,0.0112123335669236,-0.0282828282828282,26.217642857142856,16.30857154228572,3.8415215848979587,26.5569285,41.425714528000015,3.833683986326531,0.2,0.0,0.0,0.0,2.2704999446868896,2.2832999229431152,2.241300106048584,2.2455999851226807,0,58.08233711500632,0.1009660540243002,2.2790000438690186,2.255399942398072,-0.0066038603436021,0.1089976217645525,238.25,-0.0390193964160845,1.9923286357643064,0,0,0,0,0,0,8,34,-0.8660254037844385,-0.5000000000000004,-0.8229838658936564,-0.5680647467311559,12.31999969482422,-0.1441284465982326,13.557499885559082,0.0,810.100194633007,-0.6213666379441255,356.75,358.75,23.364071300000003,97.01428392228573,20.137445830674256,41.2875677685945,820.0268364186793,804.1348516110868,3.972996201898144,819.1639060385415,52.33067252427627,0.2269714389919711,0.21124222820227978,0.18981219962140614,1.1957683831018124,0.061677061677061676,0.049914048971993356,0.04643485600076581,1.328248942853512,1.1731255209052682,-0.5904911181486534,0.08158897084588733,0.06308289538888442,1.2933610198027403,0.01005288364219692,0.0,0.43847442908992906,0.01005288364219692,0.0,0.22224275387987882,0.33928281703019214,0.43847442908992906,2.0
2014-08-25 00:00:00+00:00,360.0,367.0,356.25,360.0,460284,53.424657534246585,0.1972805382254567,359.6875,388.19,364.20582176845227,367.0768148319897,352.2981851680103,-6.410607200318395,-9.25609692569354,2.845489725375144,-0.002079002079002,-0.0082644628099173,30.080499885714286,20.77714297428572,4.0966780730612244,27.38621432857143,26.737142711428582,3.9545718418367346,4.0,0.0,0.0,0.0,2.254699945449829,2.2811999320983887,2.227499961853028,2.272900104522705,0,55.808269161727104,0.0873998187894401,2.2455999851226807,2.2153000831604004,-0.0081162686803089,0.0851881555998514,238.25,-0.0390193964160845,1.9923286357643064,0,0,0,0,0,0,8,35,-0.8660254037844385,-0.5000000000000004,-0.8854560256532096,-0.4647231720437691,11.699999809265137,-0.0516351078330269,13.342499732971191,0.0,818.2440376281738,-0.7726074716148055,360.75,356.75,26.169785442857144,48.585712453714294,20.60510831440956,40.34883066813219,821.2230331286528,803.4720326379202,4.437750122683172,818.7959586743945,52.111367384361664,0.06799279132994739,0.22114555815840492,0.1946533865491443,0.3493018490061703,0.029861111111111113,0.04228737009531448,0.045724606598885206,0.6530642208127152,1.053733460725864,-0.6212812821292978,0.08711275159713949,0.06313602056004211,1.379762883798905,-0.020897947642950943,0.0,0.14247333905949244,-0.020897947642950943,0.0,0.5731946681762888,0.2843319927642187,0.14247333905949244,0.0
2014-09-01 00:00:00+00:00,359.0,362.0,352.5,359.0,261297,52.57142857142857,0.1956735095492863,359.6875,381.41,362.27987000625495,366.5678209075977,352.8071790924023,-5.358577505578239,-7.229320855401957,1.8707433498237176,-0.0177838577291381,0.0056022408963585,27.009071371428572,38.91999916285715,3.8480353114285712,30.27192827142857,54.94857124857144,4.124891689591836,1.0,0.0,0.0,0.0,2.2809998989105225,2.2850000858306885,2.2167999744415283,2.231600046157837,0,36.49013722465466,0.094687519906444,2.272900104522705,2.2602999210357666,0.0026874821659732,0.0884664336457645,238.25,-0.0390193964160845,1.9923286357643064,0,0,1,0,0,1,9,36,-1.0,-1.8369701987210294e-16,-0.9350162426854148,-0.3546048870425359,12.09000015258789,0.0327898517461159,12.584999799728394,0.0,801.1444165706635,0.3077676130134045,360.0,360.75,28.624071342857146,104.15714093714287,21.228774118088204,41.2907494152573,824.9602257964848,796.3007314445736,7.164873587977784,811.7353418329021,39.65541693565932,0.09165409995269165,0.20852377593789573,0.193076373902929,0.47470383534203553,0.026462395543175487,0.04064579074031939,0.0445626369128233,0.5938245902435543,0.6383351403009654,-0.5917981285379013,0.11502449277582479,0.0691908406597049,1.6624234516430407,-0.05238856494849975,0.0,0.0332646904392455,-0.05238856494849975,0.0,0.8663921070682102,0.10034320249254426,0.0332646904392455,0.0
2014-09-08 00:00:00+00:00,339.25,360.5,333.5,357.5,32086,34.64285714285714,0.2333097941871235,356.1375,371.29,354.75842782600574,373.33256890765233,338.94243109234765,-8.030454132154318,-7.235221345578017,-0.7952327865763014,-0.0550139275766016,-0.0563282336578581,26.01907137142857,33.688571764,3.7190740681632652,27.05264262857143,83.51428393657145,3.6752864073469387,1.2,0.0,0.0,0.0,2.2411999702453613,2.2535998821258545,2.2219998836517334,2.237799882888794,0,43.29737464205096,0.0858439444583918,2.231600046157837,2.294100046157837,-0.0025062560115096,0.0941048581378993,238.25,-0.0390193964160845,1.9923286357643064,0,0,1,0,0,2,9,37,-1.0,-1.8369701987210294e-16,-0.970941817426052,-0.2393156642875577,12.65999984741211,0.0460687274155727,12.19249987602234,0.0,759.1736102700233,-0.2116062047348755,359.0,360.0,28.495500028571428,75.05428648000002,21.604507570377443,44.014848416632404,849.7117544388643,744.6193751120695,26.27309483169867,790.7106492077507,11.609624593102595,0.18789299091056133,0.19934257183407433,0.2021231715781828,0.9295964443241405,0.079587324981577,0.047085903820258485,0.04636697757336582,1.7164652945298013,0.08266327968610103,-0.5519394924335334,0.1044058315942877,0.06856483982237477,1.522731135046065,0.026460441185421457,1.0,0.6394602067231305,0.026460441185421457,1.0,0.11174671865452344,0.248793074622346,0.6394602067231305,2.0
2014-09-15 00:00:00+00:00,343.0,343.5,329.0,338.75,213508,39.03225806451612,0.2615182767115478,350.525,362.555,348.1765791006503,372.98953345075273,328.0604665492472,-8.355770870010588,-8.248302665651439,-0.107468204359149,0.01105379513633,-0.0524861878453039,18.943357014285713,46.331429464,3.024588004489796,21.99121445714286,57.445715948000014,3.6786504551020403,0.0,0.0,0.0,0.0,2.263099908828736,2.3473000526428223,2.249099969863892,2.271899938583374,0,46.53647741331061,0.0922623489597109,2.237799882888794,2.2639000415802,-0.0006701345919765,0.0767738435528012,237.852,-0.1670514165792225,1.6996113341628316,0,0,1,0,0,3,9,38,-1.0,-1.8369701987210294e-16,-0.992708874098054,-0.1205366802553235,14.119999885559082,0.1091448192969409,12.642499923706056,0.0,779.2616789340973,0.1000379573815725,339.25,359.0,28.677643042857145,44.4000009657143,21.629456401781663,44.881355999301284,840.9187703645586,737.9931013369204,25.731417256909538,786.1310610982894,32.33809308776566,0.22158244936443136,0.22397957050505615,0.18926634751576485,1.1707439836262226,0.04227405247813411,0.04797238915821187,0.045994220325288285,0.9191164234982584,0.5766404806975662,-0.07944500064409661,0.1102339486860419,0.07237746967398756,1.5230421007000048,0.0022836670447419216,0.0,0.34619280310312733,0.0022836670447419216,0.0,0.2964660651230801,0.3573411317737925,0.34619280310312733,1.0
2014-09-22 00:00:00+00:00,330.25,350.5,326.75,342.5,568435,33.223684210526315,0.2695520309504805,344.275,355.83,343.5226056687974,364.6516507242718,323.8983492757281,-7.7792101025498255,-7.7504434109447,-0.0287666916051252,-0.0371720116618076,-0.0883367839889579,22.00478562857143,13.188571465714293,2.9928811102040815,17.998357157142856,86.77428741285715,2.8270869251020407,0.0,0.0,0.0,0.0,2.337500095367432,2.3896000385284424,2.318000078201294,2.365000009536743,0,80.368687024678,0.1382447325554571,2.271899938583374,2.2667999267578125,-0.0100727848747365,0.0939243324738107,237.852,-0.1670514165792225,1.6996113341628316,0,0,1,0,0,4,9,39,-1.0,-1.8369701987210294e-16,-1.0,-1.8369701987210294e-16,13.6899995803833,-0.0309266153111874,13.139999866485596,0.0,781.0412531495094,-0.8402270708944275,343.0,339.25,27.52907152857143,43.18571470857144,21.39519193438561,47.58412576791779,814.45505100209,745.8554284600567,17.14990563550832,784.0951379187775,27.01774679737487,0.22406873656906964,0.2138043032919381,0.19230273395672548,1.1651874120916994,0.07191521574564724,0.050020019971928974,0.047205480367414156,1.5234502424593,1.4539982041004507,-0.003991738137422277,0.15275360395858636,0.09371339883360244,1.630007977084856,0.00922948802413126,0.0,0.42836486315004296,0.00922948802413126,0.0,0.2294402766211343,0.34219486022882273,0.42836486315004296,2.0
2014-09-29 00:00:00+00:00,325.75,331.0,322.0,329.5,556971,40.09433962264151,0.2692971150307444,336.125,350.56,336.5562188285508,352.668006154679,319.581993845321,-8.64238333058637,-8.277174496399208,-0.3652088341871611,-0.0136260408781225,-0.0995162404975812,24.409071342857146,11.15999938571429,3.3521366261224492,23.756214328571428,23.25999943857144,3.2735557642857143,0.0,0.0,1.0,1.0,2.3961000442504883,2.473599910736084,2.3635001182556152,2.419800043106079,0,77.27275018440079,0.1450999803647618,2.365000009536743,2.2372000217437744,0.0007614146503392,0.1385750078027558,237.852,-0.1670514165792225,1.6996113341628316,0,0,1,0,0,5,9,40,-1.0,-1.8369701987210294e-16,-0.992708874098054,0.1205366802553232,15.979999542236328,0.1546723030430634,14.112499713897703,1.0,788.2498640418053,0.2431928816131425,330.25,343.0,27.139071457142855,17.871428608571442,21.547515959816955,46.01482729505674,801.8519498312828,752.0112533664349,12.460174116211977,785.7570283679886,40.92534404962423,0.22326375622994682,0.15995389213184827,0.19715256276467535,1.1324415050694683,0.02762854950115119,0.049573507649936996,0.04619997316910489,0.5980207698349792,1.3319655861479527,0.5884072735958432,0.15822986884546575,0.09808436918896338,1.6132015123491759,0.03552730674315563,1.0,0.7362106340974712,0.03552730674315563,1.0,0.07403041699492928,0.18975894890759948,0.7362106340974712,2.0
2014-11-24 00:00:00+00:00,367.5,381.5,362.5,377.5,929852,52.20588235294117,0.2591612457566205,372.625,352.69,369.2648871896904,384.22298076807846,361.0270192319216,4.547585778514588,6.3010878443968,-1.7535020658822118,-0.0264900662251655,0.0410764872521245,3.417642824285714,5.88285704285715,0.9680197932653061,0.23121428342857162,12.1200000057143,1.1629676682244898,0.0,5.0,0.2,0.0,2.60509991645813,2.605600118637085,2.499599933624268,2.51200008392334,0,54.06857309427815,0.2212228090480165,2.5968000888824463,2.495699882507324,0.0042063157582235,0.2178614568838627,237.433,-0.251227781255392,1.664340215632043,0,0,1,0,0,13,11,48,-0.5000000000000004,0.8660254037844384,-0.4647231720437684,0.88545602565321,12.619999885559082,-0.1030599242721525,13.50249981880188,0.0,923.1600308418274,0.671859357077742,377.5,369.25,17.998357157142856,86.77428741285715,17.78879477787884,37.893498415482576,1003.3186462801648,869.719166101818,33.39987004458669,928.4821599282972,59.54206654662064,0.34038608750899135,0.23561628573141624,0.2528383019954869,1.34625992723392,0.05170068027210884,0.053980817941516476,0.04966543339487899,1.0409789329987076,1.584481605031997,-0.024536728924699897,0.2541858714296472,0.15815713847868593,1.6071728269930374,0.02970043784528742,1.0,0.6759063233974071,0.02970043784528742,1.0,0.09664929955024436,0.22744437705234855,0.6759063233974071,2.0
2014-12-01 00:00:00+00:00,375.5,380.25,366.25,367.5,364776,54.51263537906138,0.2434501987673288,373.2875,355.66,371.46963900559774,384.4387036169752,362.1362963830248,4.308291097139204,5.198530982245078,-0.8902398851058742,0.0073775989268947,0.0040106951871656,2.333357110857143,14.242856885714293,0.9607626532244897,11.412642752857142,14.659999760000016,0.9800338463265307,0.0,5.6,0.0,0.0,2.542399883270264,2.5787999629974365,2.4907000064849854,2.531500101089477,0,46.53503638585615,0.2062443231112135,2.51200008392334,2.401599884033203,-0.0227098796001841,0.2323307681698647,237.433,-0.251227781255392,1.664340215632043,0,0,1,0,0,14,12,49,-2.4492935982947064e-16,1.0,-0.3546048870425359,0.9350162426854148,14.15999984741211,0.115138229444744,13.359999895095823,0.0,950.5782879590987,-2.019760178763018,367.5,377.5,23.756214328571428,23.25999943857144,17.377430131103246,36.39456301835467,996.5573267337157,901.0484914485143,23.877208821300346,937.320611140618,65.03549769935212,0.30850643537582517,0.23394239890124033,0.24456055435436921,1.261472536221327,0.037283621837549935,0.051520186937125644,0.04883903152711523,0.7633979020012139,0.6066353611360026,0.16224915273218002,0.251815299405651,0.1580901570708802,1.5928587088705453,0.027009348594851268,1.0,0.6457632395020129,0.027009348594851268,1.0,0.10905139780034893,0.24518536269763824,0.6457632395020129,2.0
2014-12-08 00:00:00+00:00,377.5,386.25,364.25,375.25,41906,50.0,0.2390159068159799,374.5125,360.405,372.8322300726945,385.5655717331795,363.45942826682045,3.5011724736274914,3.9357454498777726,-0.4345729762502812,0.0053262316910784,0.0168350168350168,3.03192862,4.545714288571439,0.8990213665714286,8.807642745714285,23.834285302857158,0.945856794244898,0.0,7.0,2.0,1.2,2.5566000938415527,2.60349988937378,2.5427000522613525,2.586100101470948,0,46.83242302139112,0.1564128895743292,2.531500101089477,2.5666000843048096,0.001700088345388,0.1942833267477555,237.433,-0.251227781255392,1.664340215632043,0,0,0,0,0,0,12,50,-2.4492935982947064e-16,1.0,-0.2393156642875578,0.970941817426052,14.210000038146973,0.0035248673039325,13.744999885559082,0.0,976.2527883052829,0.421236615794192,375.5,367.5,24.27549972857143,22.72285583285715,16.824540622368474,35.58422252058063,1010.4639781725439,904.6775921571223,26.44659650385542,952.893482006484,61.74252003466093,0.3105830084825872,0.2328189976369344,0.21368998769995567,1.453427918131573,0.05827814569536424,0.05260018019935779,0.04835321353715817,1.2052587486867143,0.07204831187810153,0.07049793849049116,0.22772830945018674,0.15962629394253192,1.4266339809018735,0.1086899057384767,1.0,0.9908471528008196,0.1086899057384767,1.0,0.002056902009014448,0.0070959451901659865,0.9908471528008196,2.0
2014-12-15 00:00:00+00:00,408.5,412.5,374.75,377.25,375045,78.87323943661971,0.247027032734634,378.0875,367.335,380.9162646934464,399.109590511546,357.06540948845395,7.607432458853225,5.1242540040813465,2.4831784547718785,0.0821192052980133,0.0576051779935276,6.229071445714285,5.50571427142858,0.627569866244898,4.448357114285715,12.057142845714306,0.8004186306530613,0.0,4.6,1.0,0.0,2.5969998836517334,2.688199996948242,2.574899911880493,2.649600028991699,0,71.72413859807949,0.1484501890178367,2.586100101470948,2.585900068283081,-0.0008502969709155,0.1446545445484439,236.151,-0.5399417941061246,1.3223551823708934,0,0,0,0,0,0,12,51,-2.4492935982947064e-16,1.0,-0.1205366802553236,0.992708874098054,20.420000076293945,0.3625688716792304,15.352499961853027,1.0,1082.3616118431091,0.45491209701457463,377.5,375.5,13.248357014285713,71.21428356085715,16.026077170234103,34.06634641252474,1122.3730819656494,843.8032775090096,69.64245111415991,1004.6807339411341,73.59078431982987,0.4200027333015157,0.2985051413949499,0.26181355637519255,1.6042053859792347,0.09241126070991432,0.060385072828815264,0.051240261956746344,1.8034888805414968,0.6426679824642838,0.6337624972800399,0.17111130813251055,0.16124395318170845,1.0611951279049276,0.010580849002008952,0.0,0.44498426322323154,0.010580849002008952,0.0,0.21771326383780373,0.3373024729389647,0.44498426322323154,2.0
2015-01-05 00:00:00+00:00,406.0,412.75,391.5,411.75,444203,57.358490566037744,0.2220001596630741,401.0625,383.315,399.6935625977891,425.43832657171725,376.6866734282828,7.210257220062033,9.032492688698268,-1.8222354686362348,-0.021097046413502,0.1010169491525423,-3.7709286097142853,8.474285841714295,0.7331149507346939,0.6876428714285713,39.58571459085716,0.6017745518367347,0.0,7.0,0.2,0.0,2.69950008392334,2.714900016784668,2.637399911880493,2.691200017929077,0,49.82275913553418,0.150545209549475,2.692699909210205,2.5882999897003174,-0.0009280266736914,0.1433741422922334,236.151,-0.5399417941061246,1.3223551823708934,0,0,0,0,0,0,1,2,0.4999999999999999,0.8660254037844387,0.2393156642875577,0.970941817426052,19.920000076293945,0.2796820057517277,17.662500143051147,1.0,1092.6272072792053,0.44713912673698464,412.75,411.75,19.058357042857143,11.102857476000015,13.889823810113779,32.069780927435716,1119.1673954885932,1070.9399161476163,12.056869835244209,1078.3099784431274,87.79770100996764,0.32516132389368607,0.30499854722304454,0.2615586503169989,1.2431678748453723,0.05233990147783251,0.05127871830601695,0.04918019886062113,1.0642472386842863,0.7673830213075057,0.6579383609499047,0.07945102270144612,0.15747331866629433,0.5045363768858457,-0.033693477050138254,0.0,0.08056656938280818,-0.033693477050138254,0.0,0.7180225460455125,0.2014108845716793,0.08056656938280818,0.0
2015-01-12 00:00:00+00:00,402.0,409.5,390.0,405.5,813119,43.51145038167939,0.2343645068264968,405.225,386.96,399.63253605991207,418.45465170411927,391.9953482958808,3.9195344482266137,6.135381448021963,-2.2158469997953496,-0.0098522167487684,0.0509803921568627,-6.89950008,12.68571455285715,0.6426856027755102,-1.1744998600000003,22.83428644285716,0.7409911361020408,0.0,7.0,0.0,0.0,2.703399896621704,2.7186999320983887,2.621000051498413,2.6263999938964844,0,41.6201318846226,0.1534737854181413,2.691200017929077,2.646699905395508,0.0142207722894339,0.1533405607603236,236.151,-0.5399417941061246,1.3223551823708934,0,0,0,0,0,0,1,3,0.4999999999999999,0.8660254037844387,0.3546048870425356,0.9350162426854148,19.600000381469727,-0.0161946702872569,17.457500219345093,1.0,1055.8127975463867,1.9620190230495147,406.0,412.75,10.382642755714285,10.782856884571446,12.91793196042902,31.47394257359194,1135.159029881726,1041.6738746061224,23.37128881890087,1069.3111060844312,34.31836193418688,0.3824120463360241,0.32843281565849464,0.2733336868574965,1.3990666014933242,0.048507462686567165,0.049324581704257534,0.05011251643939394,0.9679708075630962,1.3631589544340463,0.6027864594262388,0.13124062293733954,0.16627765908070508,0.7892859195280165,-0.04079559401302846,0.0,0.057878966807819746,-0.04079559401302846,0.0,0.7841098988930333,0.15801113429914698,0.057878966807819746,0.0
2015-01-19 00:00:00+00:00,387.0,406.5,376.0,402.0,819526,32.154340836012864,0.2536634423286425,400.9625,387.86,394.3059025399077,422.97462285613057,378.9503771438694,-1.0559595274879143,2.55596461949826,-3.611924146986174,-0.033104309806371,-0.0467980295566502,2.823357185714286,3.602857162857153,0.7824179221224491,-1.2180714071428576,12.537142914285731,0.6685768374081633,0.0,6.0,2.6,1.4,2.6702001094818115,2.678999900817871,2.5929999351501465,2.6168999671936035,0,37.25249944120805,0.1491594169959654,2.6263999938964844,2.6593000888824463,-0.012599218330186,0.1570072276621198,234.812,-0.5670100910010967,0.7564932696557447,0,0,0,0,0,0,1,4,0.4999999999999999,0.8660254037844387,0.4647231720437685,0.8854560256532099,20.950000762939453,0.0666090970860913,18.88250041007996,1.0,1012.7402873039246,-0.6929117420175035,402.0,406.0,8.696214193428572,16.011428611428585,12.005931743166318,30.252213563314122,1155.273757909272,981.0223319187422,43.56285649763247,1046.6827785722285,15.135491369383132,0.1867090203327629,0.34419860378820893,0.28215807653383523,0.661717771857563,0.07881136950904392,0.04660460346408345,0.052729965137687365,1.4946217839711358,1.3124857314745582,0.631651603800831,0.09982912881519068,0.16171613848152258,0.6173108236410725,-0.02257743072683316,0.0,0.132518544980758,-0.02257743072683316,0.0,0.5936009024152886,0.2738805526039534,0.132518544980758,0.0
2015-01-26 00:00:00+00:00,384.0,392.5,382.0,385.25,664948,32.8125,0.2560002386395436,394.85,389.475,391.1467217566761,415.870916901274,373.8290830987261,-2.405193847756664,-0.4691831079412973,-1.9360107398153663,-0.0077519379844961,-0.072463768115942,4.719071410314285,2.948571506857151,1.0063917945714285,7.3876428757142865,6.645714362285734,0.8804316626122449,0.0,6.6,0.6000000000000001,0.0,2.648200035095215,2.6491000652313232,2.545399904251098,2.577800035476685,0,31.7187402166427,0.1538031700023769,2.6168999671936035,2.695199966430664,-0.0082959762268609,0.1445109047780881,234.812,-0.5670100910010967,0.7564932696557447,0,0,0,0,0,0,1,5,0.4999999999999999,0.8660254037844387,0.5680647467311558,0.8229838658936564,15.520000457763672,-0.3000091385351495,18.9975004196167,1.0,989.8752136230471,-0.26258753168499327,387.0,402.0,0.23121428342857162,12.1200000057143,11.707977622685544,28.72921361486068,1129.0893213300158,946.4384315462661,45.66272244593741,1023.9597525925561,0.0,0.16053613578650314,0.3390514403188149,0.26645356178927004,0.6024919640164037,0.02734375,0.04685173840640282,0.05011778638860851,0.5455896302379144,1.0135619864106373,0.6845020566145131,0.1042764170818299,0.16578578700083957,0.6289828137768751,0.0006173763925050313,0.0,0.3275843316204836,0.0006173763925050313,0.0,0.31413266575525883,0.3582830026242576,0.3275843316204836,1.0
2015-02-02 00:00:00+00:00,369.75,386.0,365.75,383.5,818543,22.55319148936169,0.2433150364253043,386.8,388.885,383.8611202551025,409.2291868121545,364.3708131878455,-5.877048957269778,-3.3982041227496493,-2.478844834520129,-0.037109375,-0.0686397984886649,2.063357202942857,11.088571885428577,1.0318510697142858,4.918357106000001,11.822857567428585,0.9673489137142858,0.0,6.6,0.0,0.0,2.5801000595092773,2.708899974822998,2.547600030899048,2.678800106048584,0,51.24854536555718,0.1565267992730552,2.577800035476685,2.6531999111175537,0.0027581275455079,0.1565159651944919,234.812,-0.5670100910010967,0.7564932696557447,0,0,0,0,0,0,2,6,0.8660254037844386,0.5000000000000001,0.6631226582407952,0.7485107481711011,19.43000030517578,0.2246887348456164,18.87500047683716,1.0,990.4863392114639,0.8428228455518867,384.0,387.0,11.412642752857142,14.659999760000016,11.269937589350993,27.638480966639257,1074.1128942079959,950.3444246344152,30.94211739339515,1010.5703872401194,0.5912414339691026,0.11784197313567088,0.3021861935418556,0.2662604985371604,0.4425814920248467,0.05476673427991886,0.05235384359067248,0.050742420478697745,1.0793084557293835,1.1926856149708758,0.7088492117233729,0.17313501303349044,0.17298786817412118,1.000850550113235,0.0979641210423221,1.0,0.9844528100466332,0.0979641210423221,1.0,0.0035114588866158405,0.012035731066750932,0.9844528100466332,2.0
2015-02-09 00:00:00+00:00,391.25,391.75,370.0,370.0,973610,50.95238095238095,0.2646712867453334,383.2875,390.495,384.9309363315303,398.86436797117415,367.7106320288259,-2.1278663987155824,-3.350842424515427,1.2229760257998443,0.0581473968897903,-0.0076093849080532,0.40764283565714293,17.597143368000008,0.7459148675102041,2.205500036,32.30571539657144,1.0124281157755102,0.0,6.4,0.0,0.0,2.723599910736084,2.791800022125244,2.68969988822937,2.779599905014038,0,67.65099889335434,0.1969881302531529,2.678800106048584,2.6596999168396,0.0297806314092974,0.1807753207850188,234.812,-0.5670100910010967,0.7564932696557447,0,0,0,0,0,0,2,7,0.8660254037844386,0.5000000000000001,0.7485107481711011,0.6631226582407953,18.549999237060547,-0.0463485311711388,18.612500190734863,1.0,1087.5184628367424,3.5450732319308367,369.75,384.0,8.807642745714285,23.834285302857158,10.685135166554156,27.93959286534456,1112.458264462417,927.8518870251719,46.15159435931128,1041.3496174787688,59.69113088689162,0.3976147905524833,0.35948599461127717,0.2960780603700182,1.3429390094834495,0.05559105431309904,0.05300407415772579,0.04992621240707033,1.1134640602255235,1.377955750892879,0.5811853187009965,0.21228020916551557,0.1714308402242035,1.2382847596444153,0.008043582327621035,0.0,0.413910950679228,0.008043582327621035,0.0,0.2400912836591692,0.3459977656616028,0.413910950679228,2.0
2015-02-16 00:00:00+00:00,387.25,391.5,381.25,390.75,724872,53.08056872037915,0.2265486743625293,383.05,391.43,385.26575117189526,396.2145456875584,369.8854543124416,-1.0661266240649638,-2.1543252347617523,1.0881986106967885,0.0038885288399221,0.0164041994750656,-1.3637857857142859,1.6971428571428668,1.0407701847755102,5.420499964285715,19.165714800000014,0.7764966629591836,0.0,6.6,1.2000000000000002,1.2,2.766200065612793,2.8742001056671143,2.753999948501587,2.830899953842163,0,77.23522509023482,0.1995577504332279,2.779599905014038,2.638700008392334,0.0137652933496809,0.1973262135261498,233.707,-0.4705892373473297,-0.0893483130696481,0,0,0,0,0,0,2,8,0.8660254037844386,0.5000000000000001,0.8229838658936564,0.5680647467311559,14.6899995803833,-0.2333027863036318,17.047499895095825,0.0,1096.2660071253777,1.8471185723154198,391.25,369.75,4.448357114285715,12.057142845714306,10.345481282536838,27.373536215967494,1158.7008152466174,923.3721961516981,58.83215477372985,1063.3161733374122,82.3102237606991,0.3742219561722016,0.35804364443173614,0.29616415268389434,1.2635625890078432,0.02646868947708199,0.048596319515828754,0.04986821940586687,0.530772593942708,1.0138691013519288,0.6205060709915171,0.17258740571335796,0.17049643668300274,1.0122639449151856,-0.010479336085145396,0.0,0.21857895688756418,-0.010479336085145396,0.0,0.4437310670119703,0.3376899761004655,0.21857895688756418,0.0
2015-02-23 00:00:00+00:00,378.75,391.25,377.5,387.0,777145,57.08661417322834,0.2161873056191137,382.6125,392.235,385.1567527862261,395.7799189215105,369.4450810784895,-0.858292871877893,-1.086960116258698,0.2286672443808048,-0.0219496449322142,-0.013029315960912,-5.182357208571429,1.717142805714291,1.0995921183265307,-5.230928787142857,3.3199999657143047,1.087080037367347,0.0,7.0,2.2,1.4,2.8261001110076904,2.897599935531616,2.80679988861084,2.8640999794006348,0,70.69220753866314,0.1895098055471387,2.830899953842163,2.57069993019104,0.0049222082452095,0.2034436059225679,233.707,-0.4705892373473297,-0.0893483130696481,0,0,0,0,0,0,2,9,0.8660254037844386,0.5000000000000001,0.8854560256532099,0.4647231720437686,14.5600004196167,-0.0088888900326322,16.807499885559082,0.0,1084.7778671979904,0.9628100618682798,387.25,391.25,9.8519284,6.162857108571446,9.34055160062202,25.821695167564066,1164.280125870843,965.2442123149442,49.758978388974704,1071.9008508816437,90.25428921594651,0.33216125448990436,0.27402711968581417,0.2974917323062826,1.1165394101861414,0.036303630363036306,0.04009477168662723,0.04950294979619914,0.7333628234048283,1.0771062073192126,-0.13420567149260532,0.157533439288839,0.17026508297493434,0.9252245221633912,-0.009531748604376222,0.0,0.22677926331094364,-0.009531748604376222,0.0,0.43206950671486,0.34115122997419633,0.22677926331094364,0.0
2015-03-02 00:00:00+00:00,378.75,387.25,371.5,379.0,470971,38.63636363636364,0.2198065464693713,383.4375,390.5,382.9358045790791,394.04518713328713,372.82981286671287,-1.7798553921847429,-1.5250527876914428,-0.2548026044933,0.0,0.0195154777927322,-2.8409285705714282,6.160000028571435,1.128182002,-3.2916428524285712,7.631428417142871,1.0878289015306122,0.0,7.0,0.2,0.0,2.875499963760376,2.915299892425537,2.8280999660491943,2.836800098419189,0,60.08009561294475,0.1841276974204833,2.8640999794006348,2.6001999378204346,0.0002793219712549,0.1825449518619822,233.707,-0.4705892373473297,-0.0893483130696481,0,0,0,0,0,0,3,10,1.0,6.123233995736766e-17,0.9350162426854148,0.3546048870425355,13.039999961853027,-0.1102565180152421,15.209999799728394,0.0,1074.4380372762678,0.4985214344728197,378.75,387.25,2.8026428557142853,21.188571665142874,8.525571313328433,24.648129570762702,1103.735992140233,1067.7641950779562,8.992949265569191,1072.9157254394934,82.89446444448258,0.3155146331675175,0.2734942145474339,0.29994769659242665,1.0518988018009534,0.041584158415841586,0.042942853369795544,0.04898100164762706,0.8489852907694319,0.6726132576951385,-0.15296931987697304,0.1428796123806518,0.16179430013392618,0.8830941722387047,0.09042604541382637,1.0,0.9774960251233965,0.09042604541382637,1.0,0.0051106635073879265,0.017393311369215514,0.9774960251233965,2.0
2015-03-09 00:00:00+00:00,383.25,384.75,375.75,379.0,37429,44.07582938388626,0.177993016004772,383.375,387.565,382.4726463137061,392.043606395726,374.706393604274,-1.2259708383896282,-1.4459933798095126,0.2200225414198844,0.0118811881188118,-0.0051914341336793,4.997642940285714,7.391428842857151,1.2939496974693878,-0.5309284774285713,12.960000360000015,1.1659599968979593,0.0,4.2,0.0,0.0,2.8926000595092773,3.102799892425537,2.8926000595092773,3.056999921798706,0,78.63166231279314,0.1864148208195679,2.836800098419189,2.7416000366210938,-0.0237566894237171,0.1884204239686187,233.707,-0.4705892373473297,-0.0893483130696481,0,0,0,0,0,0,3,11,1.0,6.123233995736766e-17,0.970941817426052,0.239315664287558,15.0600004196167,0.1440206966616162,14.337500095367432,1.0,1171.595220029354,-1.9050797050243804,378.75,378.75,0.6876428714285713,39.58571459085716,7.941281004247336,23.894056718455435,1195.0238596335794,1018.5147061809157,44.12728836316593,1112.3875232754378,82.91121194460847,0.3756620247774201,0.3394175681359249,0.3221917084868577,1.1659580405780774,0.023483365949119372,0.03668617970363565,0.047822075903446275,0.4910569145087637,0.056465869294387745,-0.4566034040826065,0.22880201033394804,0.19348384945062863,1.1825379697490042,0.04972684729464705,1.0,0.850221881657715,0.04972684729464705,1.0,0.037820768388998824,0.11195734995328621,0.850221881657715,2.0
2015-03-16 00:00:00+00:00,379.0,387.75,374.0,383.0,307473,51.61290322580645,0.1676556389967469,381.6875,384.82,381.48801610555694,389.7102882672344,373.6647117327656,-1.4316845525711983,-1.2577772737437962,-0.1739072788274021,-0.0110893672537508,-0.010443864229765,17.917642742857144,4.21714300285715,2.446374542612245,11.772642971428573,10.95714323428573,1.6130633571836734,0.0,0.6000000000000001,3.0,3.0,3.123600006103516,3.2720000743865967,3.072999954223633,3.244999885559082,0,81.68749719471336,0.1834683952920394,3.056999921798706,2.816999912261963,0.0187884300857185,0.1880428558851681,234.722,0.4343044923772243,-0.0251298018153045,0,0,0,0,0,0,3,12,1.0,6.123233995736766e-17,0.992708874098054,0.120536680255323,15.609999656677246,0.0358694622988284,14.567500114440918,1.0,1229.854956626892,1.4445385161946256,383.25,378.75,-1.1744998600000003,22.83428644285716,8.188465647291286,23.059417138831584,1288.1300975598162,992.2029430054362,73.981788638595,1159.3744966160198,87.68485232625675,0.30360498583999684,0.3473504831461389,0.3195117515788767,0.9502153671580789,0.036279683377308705,0.03282390551647758,0.0471567212293365,0.7693426247224465,0.4822910318067811,0.18174979540518232,0.2528903574960831,0.20853430534025214,1.2127038040883489,0.023210235598821516,1.0,0.6012105877266406,0.023210235598821516,1.0,0.12892336725173922,0.26986604502162015,0.6012105877266406,2.0
2015-03-23 00:00:00+00:00,390.25,391.75,367.0,379.0,846560,57.26872246696036,0.1941049649927684,380.0625,382.765,380.8577469536021,389.4094316666425,370.7155683333575,-0.7117875106038127,-1.5636603592345426,0.8518728486307299,0.029683377308707,0.0129785853341986,10.723357009714286,4.008571528571438,3.0326630424081635,17.327643000000002,11.485714702857159,2.7144571237959183,0.0,3.2,1.8,0.0,3.2425999641418457,3.31030011177063,3.157599925994873,3.224600076675415,0,79.30427065291242,0.1938027470631554,3.244999885559082,2.863300085067749,0.0255627541840026,0.1826762231154486,234.722,0.4343044923772243,-0.0251298018153045,0,0,0,0,0,0,3,13,1.0,6.123233995736766e-17,1.0,-1.6081226496766366e-16,13.40999984741211,-0.1519110266186475,14.27999997138977,0.0,1258.4001799225807,2.1219709260230357,379.0,383.25,-1.2180714071428576,12.537142914285731,8.778089992627333,22.312726659091297,1346.0324881504698,1021.1117087770776,81.23019484334804,1198.9847699386444,94.6784740344815,0.2967399183024001,0.3274027172896127,0.3192374558952971,0.9295272328709823,0.06342088404868675,0.040214344430798535,0.04768385646256067,1.3300281364239226,1.3431057114278717,0.20494042266296214,0.27990798026946484,0.20229443824911242,1.3836661494772038,0.01609440992011013,1.0,0.513676711453003,0.01609440992011013,1.0,0.174405527243011,0.3119177613039861,0.513676711453003,2.0
2015-04-06 00:00:00+00:00,385.0,398.5,374.0,394.0,832964,54.16666666666666,0.2644744632698877,383.6875,382.695,384.680536195806,398.3798494234538,368.9951505765462,0.9483860518579944,0.9382843391895972,0.0101017126683972,-0.0153452685421995,0.0058785107772698,16.914785697142857,11.194285608571436,3.573189739183674,10.811214168571428,36.34000019142859,2.4171474040816325,0.0,0.2,0.0,0.0,3.226599931716919,3.263200044631958,3.0864999294281006,3.1215999126434326,0,38.65167576139924,0.2434045821484355,3.2411999702453613,3.000099897384644,0.0192196383049453,0.2396261549679128,234.722,0.4343044923772243,-0.0251298018153045,1,0,0,1,0,0,4,15,0.8660254037844387,-0.4999999999999998,0.970941817426052,-0.2393156642875575,14.739999771118164,0.0157267885630784,14.56749987602234,0.0,1201.8159663677216,1.4876593381173056,394.5,390.25,4.918357106000001,11.822857567428585,9.107149644595975,22.444760213193174,1309.2588308473341,1175.1034147421606,33.53885402629339,1219.2377169078318,58.216821925304615,0.39432588886787195,0.33745268965094566,0.33621477696828,1.1728392210931353,0.06363636363636363,0.04167331162029315,0.046156065039289915,1.3787212968649043,1.3974394882969217,0.16935572460435336,0.3382258221173673,0.20642682832369005,1.6384779462978951,-0.053014829685591125,0.0,0.032272299519627026,-0.053014829685591125,0.0,0.8699754240054562,0.09775227647491673,0.032272299519627026,0.0
2015-04-13 00:00:00+00:00,370.5,387.25,370.25,385.0,892590,32.59911894273128,0.2648698228276521,382.7875,382.515,381.6570700611711,398.5624593377348,367.0125406622653,-1.6648990610129886,-0.1175229414957547,-1.5473761195172338,-0.0376623376623376,-0.0307390451275343,17.307642865714286,22.67999998285715,2.813982929755102,16.911214185714282,27.265714091428585,3.7684831076326533,0.0,0.4,0.0,0.0,3.1215999126434326,3.1431000232696533,3.0192999839782715,3.071799993515014,0,42.49269474553885,0.232048174295771,3.1215999126434326,3.163100004196167,-0.0001922225480217,0.2416229978292554,236.119,0.595172161109736,-0.0736373908664322,1,0,0,2,0,0,4,16,0.8660254037844387,-0.4999999999999998,0.9350162426854148,-0.3546048870425354,13.9399995803833,-0.0558024960025013,14.149999856948853,0.0,1138.1018975973127,-0.614394415911906,385.0,394.5,2.205500036,32.30571539657144,9.610637679506834,22.755789495659975,1345.4725902622154,1093.0131258124898,63.11486611243141,1186.7833891836242,25.77156147851315,0.3564982644221618,0.3763147276450168,0.3331329047844926,1.070138219913768,0.04588394062078273,0.04615342655462582,0.045865228056723606,1.000407772091709,1.5021675733318092,0.18904560294209216,0.2623782083831285,0.1984958753910332,1.3218319758429666,0.008585089188054784,0.0,0.420494064647665,0.008585089188054784,0.0,0.23518627289758026,0.3443196624547548,0.420494064647665,2.0
2015-04-20 00:00:00+00:00,378.0,381.75,370.0,371.0,801821,35.13513513513513,0.2440588881680256,382.8,382.3,379.8033039636864,397.8801368136271,367.71986318637295,-1.882301854590196,-1.4166102769822937,-0.4656915776079022,0.0202429149797571,0.0120481927710842,18.966214285714283,16.62857161142858,3.6351533044897955,19.754071371428573,47.37714297142858,2.831393776,0.0,0.2,0.0,0.0,3.119499921798706,3.121799945831299,3.001199960708618,3.0367000102996826,0,25.00661049217324,0.2253593078420384,3.071799993515014,3.29040002822876,0.0053859202872866,0.2190599418299265,236.119,0.595172161109736,-0.0736373908664322,1,0,0,3,0,0,4,17,0.8660254037844387,-0.4999999999999998,0.8854560256532099,-0.4647231720437685,13.300000190734863,-0.0469983256620739,14.12249994277954,0.0,1147.87260389328,-0.056580132381076065,370.5,385.0,5.420499964285715,19.165714800000014,10.26505275640501,24.3442639134515,1320.4870803940682,1062.7348476659865,64.43805818202043,1171.2190750674865,17.601549638669283,0.2953601853808779,0.3178599905405666,0.3316041488344066,0.8907010889702747,0.031084656084656083,0.04511442109609529,0.04555527976907891,0.6823500902359553,1.3015442162824582,0.2745060214102971,0.11345412511759646,0.20151029416185604,0.5630189760741389,-0.07341705008660238,0.0,0.011881119113409918,-0.07341705008660238,0.0,0.9488676765561859,0.039251204330404216,0.011881119113409918,0.0
2015-04-27 00:00:00+00:00,360.75,378.0,360.5,377.0,796850,22.699386503067487,0.2173314579156164,376.8375,380.455,375.0149166588142,391.9539558294618,361.72104417053816,-4.27192256407244,-2.651674049586273,-1.6202485144861671,-0.0456349206349205,-0.0779552715654952,14.161928514285716,19.551429272571436,3.4101952404081635,18.526928714285713,36.91142957657144,3.526591395918367,0.0,0.6000000000000001,0.0,0.0,3.029400110244751,3.0360000133514404,2.897599935531616,2.9482998847961426,0,26.109743471758943,0.1707342554210395,3.0367000102996826,3.179500102996826,0.005978259437148,0.2110674036601304,236.119,0.595172161109736,-0.0736373908664322,1,0,0,4,0,0,4,18,0.8660254037844387,-0.4999999999999998,0.8229838658936565,-0.5680647467311557,13.119999885559082,-0.0136262747753631,13.774999856948853,0.0,1063.5991834402084,0.0026537826050639923,378.0,370.5,-5.230928787142857,3.3199999657143047,10.798077011752152,25.15504879494311,1251.6035533333527,1024.0912723159088,56.87807025436094,1128.1711184165754,4.164914248480827,0.3079143413956918,0.3679874987329424,0.35748095844504624,0.8613447108388539,0.04851004851004851,0.042132253988367646,0.04506687490981313,1.0764011891908163,1.2187963061531704,0.2988917510737879,0.11950222382557214,0.20959106484636025,0.5701684764638604,0.015638373096678704,1.0,0.5079789863036989,0.015638373096678704,1.0,0.17771313710193343,0.31430787659436776,0.5079789863036989,2.0
2015-05-04 00:00:00+00:00,358.75,367.75,356.75,360.5,224693,27.819548872180448,0.1486710880185603,370.925,377.86,369.48585199630793,386.3940693083057,355.45593069169433,-5.743626481088825,-4.471177275150282,-1.2724492059385426,-0.0055440055440055,-0.0717981888745148,21.377642828571428,9.52857135685715,4.025050004489796,15.4176427,33.457143547428586,3.4907128175510205,0.2,0.0,0.0,0.0,2.912600040435791,3.0804998874664307,2.879899978637696,3.0111000537872314,0,34.11696870082575,0.1614365960437898,2.9482998847961426,3.1222000122070312,-0.0068280466919766,0.1476786928688287,236.119,0.595172161109736,-0.0736373908664322,1,0,0,5,0,0,5,19,0.4999999999999999,-0.8660254037844387,0.7485107481711013,-0.663122658240795,12.850000381469728,-0.0207939337657234,13.302500009536743,0.0,1080.2321442961693,-1.277976830307396,360.75,378.0,-3.2916428524285712,7.631428417142871,11.096113507768143,25.690667811232498,1191.0156562231828,1023.8872583903026,41.78209945822007,1108.9955287684131,15.140485160319429,0.3069761964842101,0.3697071404003387,0.3167329571669346,0.9691955947308062,0.030662020905923345,0.04395540595155485,0.04197941291961358,0.7304059649566423,0.3476695665305806,0.2649722472618239,0.1627216950964276,0.20891738604130367,0.7788805440800007,-0.014626252519995386,0.0,0.1852292367526374,-0.014626252519995386,0.0,0.4953282924528276,0.319442470794535,0.1852292367526374,0.0
2015-05-11 00:00:00+00:00,358.25,369.0,354.0,357.75,12379,30.4635761589404,0.1484587813632839,366.65,375.975,365.8179886203122,381.6635026945724,351.63649730542755,-5.4074550770817496,-5.089268669965913,-0.3181864071158369,-0.0013937282229965,-0.04973474801061,22.967642742857144,32.98571385800001,4.205682888571428,25.109071514285716,19.55142853085716,4.383618667755102,0.0,0.0,0.0,0.0,3.0780999660491943,3.0864999294281006,2.9523000717163086,2.971199989318848,0,42.68842705439842,0.1863173350594512,3.0111000537872314,3.055299997329712,0.0,0.1728080823380939,236.119,0.595172161109736,-0.0736373908664322,1,0,0,6,0,0,5,20,0.4999999999999999,-0.8660254037844387,0.6631226582407952,-0.7485107481711012,13.850000381469728,0.0749414191486992,13.28000020980835,0.0,1064.4323961734774,-0.595172161109736,358.75,360.75,-0.5309284774285713,12.960000360000015,12.000175314640245,25.294587857659895,1168.9642412665469,1009.1039226350205,39.965079657881624,1091.170275730439,20.876286950106845,0.2876602511194995,0.37063101155062855,0.3170328291351842,0.9073515914130268,0.0418702023726448,0.03960217369881108,0.04276751927382566,0.9790185003338493,0.02010861968433869,0.27236146439754616,0.13480986733247602,0.21127745263756473,0.638070268591474,0.0341992645289777,1.0,0.7231144423863961,0.0341992645289777,1.0,0.07871300384664223,0.19817255376696163,0.7231144423863961,2.0
2015-05-18 00:00:00+00:00,368.0,371.5,352.75,358.25,526455,58.86075949367089,0.1531792017310504,362.85,374.04,364.3675033513536,373.0743259977042,352.62567400229585,-3.479603271186477,-4.710632763045176,1.231029491858699,0.0272156315422191,-0.0309414088215931,21.39764277142857,38.52000040000001,3.647636024489796,23.06192857142857,83.24285665142858,3.9381290863265304,0.0,0.0,0.0,0.0,3.055799961090088,3.0729000568389893,2.968300104141236,2.9914000034332275,0,58.27870728606104,0.2018659165093443,2.971199989318848,3.0185999870300293,-0.0167213199494679,0.184550051375339,236.599,0.2032873254587786,-0.1995174461766891,1,0,0,7,0,0,5,21,0.4999999999999999,-0.8660254037844387,0.5680647467311558,-0.8229838658936564,12.729999542236328,-0.0843238835664133,13.137500047683716,0.0,1100.8352012634277,-1.8754193204055685,358.25,358.75,11.772642971428573,10.95714323428573,12.713836815078201,29.03318584435465,1112.2182708449154,1042.331191741726,17.471769775797366,1095.0362459436346,34.63923650935162,0.30709501928033284,0.3137035189389258,0.32093054584158615,0.9568893135620198,0.050951086956521736,0.04061560296595888,0.04395226320372322,1.159236672932895,0.8396190530871063,0.40593308415698803,0.1411352501397606,0.21086321226145507,0.669321319413222,0.010178448070332635,0.0,0.4400208111316299,0.010178448070332635,0.0,0.22115945022902778,0.3388197386393424,0.4400208111316299,2.0
2015-05-25 00:00:00+00:00,360.0,368.5,358.5,367.25,654502,51.256281407035175,0.1682693423502556,361.1625,372.345,363.49855977834216,367.6498865471857,354.67511345281434,-2.742020287395121,-3.662917201846295,0.9208969144511738,-0.015047879616963,-0.0289952798381658,19.726214457142856,19.49714235142858,3.709132906122449,24.864071428571428,68.22285718285715,3.5758652634693884,0.0,0.0,0.0,0.0,3.006200075149536,3.1287999153137207,2.9863998889923096,3.08899998664856,0,50.65161170715747,0.2071558777717779,2.9914000034332275,2.9684998989105225,0.0005015268532198,0.2029287164330388,236.599,0.2032873254587786,-0.1995174461766891,1,0,0,8,0,0,5,22,0.4999999999999999,-0.8660254037844387,0.464723172043769,-0.8854560256532096,12.130000114440918,-0.04827964421938,12.890000104904177,0.0,1112.0399951934817,-0.1531346401367986,368.0,358.25,17.327643000000002,11.485714702857159,13.497722919174539,31.561551737161267,1131.8233307051387,1046.9465377581391,21.21919823674985,1101.8377456435735,80.26026071394304,0.3081515786284017,0.2859688982556085,0.320081118231155,0.9627296064948321,0.027777777777777776,0.03995422730458322,0.04272415701872048,0.6501654617539147,1.0266191573764554,0.3945544411333782,0.18075741462716963,0.21493525018420742,0.8409853947288773,0.005967037876617454,0.0,0.3889689855701561,0.005967037876617454,0.0,0.2595417080046316,0.3514893064252123,0.3889689855701561,2.0
2015-06-01 00:00:00+00:00,352.25,362.5,348.25,361.0,798843,43.93939393939394,0.1810421740520775,358.8625,370.135,359.08410195257005,369.00811741017645,348.7168825898236,-4.320331103017736,-3.893407270844096,-0.4269238321736401,-0.0215277777777778,-0.0282758620689654,22.6747856,31.08571418571429,3.8608855224489793,22.165499971428574,32.76571319428573,3.8616060426530616,0.0,0.0,0.0,0.0,3.0782999992370605,3.207900047302246,3.0782999992370605,3.175800085067749,0,66.11771597031353,0.2067745834089587,3.08899998664856,3.0111000537872314,0.0170760067305369,0.2115911099869042,236.599,0.2032873254587786,-0.1995174461766891,1,0,0,9,0,0,6,23,1.2246467991473532e-16,-1.0,0.3546048870425358,-0.9350162426854148,13.970000267028809,0.1412304599928216,13.170000076293944,0.0,1118.6755799651146,1.5043133475949113,360.0,368.0,12.056928382857143,9.505714357142878,14.056934341900606,31.639239573104785,1147.3756381094167,1050.6159481883337,24.189922480270738,1108.57287937219,77.44276589961015,0.1257742968388335,0.2771214309632926,0.3145131085130827,0.39990159212898374,0.04045422285308729,0.03834306217319098,0.04232149502704649,0.9558786443732123,1.2544297413867023,0.40900185884686147,0.1330551699965608,0.21056286797211496,0.6319023147764035,0.025086213206043206,1.0,0.6234718163358497,0.025086213206043206,1.0,0.11875107274586165,0.2577771109182887,0.6234718163358497,2.0
2015-06-15 00:00:00+00:00,348.25,368.5,346.75,364.75,1320648,43.00518134715026,0.1908677879845763,358.2,364.185,358.20660718571287,369.5503999466745,346.84960005332545,-2.443773784565167,-2.103614201585833,-0.3401595829793336,-0.0465434633812457,-0.0353185595567867,27.344785771428572,40.042855375714296,4.833768475510204,26.862643042857144,53.85999801714288,4.21447710510204,2.2,0.0,0.0,0.0,3.1096999645233154,3.16599988937378,3.061500072479248,3.11680006980896,0,54.19333411281069,0.1418732762959938,3.1396000385284424,2.9899001121521,-0.0001910446679024,0.1740316067025919,237.805,0.5097232025494725,-0.0399327448507791,0,0,0,0,0,0,6,25,1.2246467991473532e-16,-1.0,0.120536680255323,-0.992708874098054,15.390000343322754,0.0065189527128847,14.195000171661375,1.0,1085.4256243109703,-0.5288276693397125,365.25,352.25,16.911214185714282,27.265714091428585,15.257862716421714,35.75638511570505,1166.0813907834217,1065.3586659876182,25.180681198950847,1108.4738256757798,42.81383708600397,0.2504718351341183,0.27592387267314156,0.31934791925693784,0.7843227157192434,0.0624551328068916,0.04481498151896519,0.042258330051966254,1.4779362542420924,1.9556146690646443,0.3963404208722056,0.14293008587033407,0.21021305981283783,0.6799295876207467,0.025912751330676276,1.0,0.6331228821153474,0.025912751330676276,1.0,0.11449392361894678,0.25238319426570577,0.6331228821153474,2.0
2015-06-22 00:00:00+00:00,360.0,361.25,347.5,349.0,975165,50.94339622641509,0.1996383227523644,356.675,361.83,357.73933623236456,366.39489278704167,346.95510721295835,-1.5677795420174905,-1.9744743830053424,0.4066948409878521,0.0337401292175161,-0.0136986301369863,27.12907154285714,43.63142831428573,4.041639640816327,27.065500085714284,81.66285392857145,4.696494679795919,0.8,0.0,0.0,0.0,3.124300003051758,3.135200023651123,3.028599977493286,3.0931999683380127,0,37.06340518488939,0.139245779387168,3.11680006980896,3.0367000102996826,0.0095747085671808,0.1373960933373098,237.805,0.5097232025494725,-0.0399327448507791,0,0,0,0,0,0,6,26,1.2246467991473532e-16,-1.0,-3.216245299353273e-16,-1.0,12.739999771118164,-0.1889713379805488,14.347500085830688,0.0,1113.5519886016846,0.4477476541686075,348.25,365.25,19.754071371428573,47.37714297142858,16.019645772505108,38.718092781051276,1166.334618157541,1065.8614353176006,25.118295709985098,1110.5050908461417,50.60899419596187,0.2391496869238527,0.26170939321970854,0.32102699884897634,0.7449519209654976,0.03819444444444445,0.04226365301654973,0.04142971556019252,0.9219091830321783,1.4274703189475537,0.34063246816431453,0.15369544704926671,0.2059302418351528,0.7463471038354285,0.07576883350967556,1.0,0.954280889381815,0.07576883350967556,1.0,0.010576983644124934,0.03514212697406005,0.954280889381815,2.0
2015-06-29 00:00:00+00:00,383.25,391.75,360.5,361.0,920038,63.17689530685921,0.2152510515572128,362.525,361.885,365.22138022679206,381.8224637003216,343.2275362996783,4.246053925400929,0.8299186366771302,3.416135288723799,0.0645833333333334,0.0903271692745377,25.71764305714286,47.50571307714287,4.319017724489796,28.109785771428573,89.90571408000002,4.102596096734694,0.2,0.0,0.0,0.0,3.084700107574463,3.1679000854492188,3.0566000938415527,3.125699996948242,0,52.787578680638624,0.1208180792337652,3.0931999683380127,3.158400058746338,0.0115104225326905,0.1318432384254611,237.805,0.5097232025494725,-0.0399327448507791,0,0,0,0,0,0,6,27,1.2246467991473532e-16,-1.0,-0.1205366802553228,-0.992708874098054,18.850000381469727,0.3917663019527305,15.567500114440918,1.0,1197.9245238304138,0.6413190507195776,360.0,348.25,18.526928714285713,36.91142957657144,16.799654804693716,42.020519961628615,1232.5995892987557,1039.2209361090354,48.34466329743014,1145.4728640398505,69.62817050208538,0.33340243305500594,0.3132278498113902,0.30716477607805387,1.0854187985281776,0.08153946510110893,0.053015990481215955,0.04272713609959303,1.9083761155273038,1.3520755596791958,0.2331992140607254,0.1191270041423985,0.19979666588277828,0.5962411717614908,0.09319925110943594,1.0,0.9803525088287296,0.09319925110943594,1.0,0.004451899614176408,0.015195591557094046,0.9803525088287296,2.0
2015-07-06 00:00:00+00:00,418.5,422.0,382.75,383.25,79668,88.70523415977962,0.3411851550547993,373.725,365.32,382.2181729450989,421.65419668363785,325.7958033163622,13.93268985712598,7.163997834656779,6.7686920224692,0.0870129870129869,0.1513067400275103,26.261928771428575,25.114285272857153,4.566457840408163,25.78050037142857,97.85142573428574,4.341915562244898,0.6000000000000001,0.0,0.0,0.0,3.1145999431610107,3.158499956130981,3.0838000774383545,3.129199981689453,0,50.86598041211496,0.1237720358980975,3.125699996948242,3.140199899673462,0.000416024240232,0.1186725522808325,237.805,0.5097232025494725,-0.0399327448507791,0,1,0,0,1,0,7,28,-0.4999999999999997,-0.8660254037844388,-0.2393156642875574,-0.970941817426052,17.010000228881836,-0.1027115142676477,15.99750018119812,1.0,1309.5701923370361,-0.46812077852627243,383.25,360.0,15.4176427,33.457143547428586,17.379064196095968,45.622513882445205,1378.0252141610804,975.2109503789721,100.70356594552703,1211.1117953587247,78.52107129341573,0.40468618865454037,0.2940085686662634,0.33594627371664953,1.2046157623099913,0.0937873357228196,0.06368261305516242,0.046093068411879906,2.0347379466555027,0.12290589410034394,0.09630760049869745,0.06339187260717205,0.1987910945884018,0.3188868673898931,0.04458137392166894,1.0,0.8144318715406981,0.04458137392166894,1.0,0.0483804877516161,0.13718764070768585,0.8144318715406981,2.0
2015-07-20 00:00:00+00:00,405.0,438.75,404.5,433.75,680744,60.95717884130983,0.338768178501582,406.375,377.445,407.302919166905,453.949180303824,358.80081969617606,14.141767135859482,15.30258635661791,-1.1608192207584285,-0.0657439446366782,0.1312849162011173,28.9476428,39.262857972000006,4.5427391346938775,29.246928300000004,91.900001648,4.06358448122449,2.2,0.0,0.0,0.0,3.131599903106689,3.220700025558472,3.110599994659424,3.1851999759674072,0,59.00002078526738,0.1578389667753156,3.155600070953369,3.057800054550171,-0.0205442699436038,0.1642644442906211,238.638,0.3502869998528224,0.1237712036854521,0,1,0,0,3,0,7,30,-0.4999999999999997,-0.8660254037844388,-0.464723172043768,-0.8854560256532101,12.25,-0.1263628757020444,15.50250005722046,0.0,1290.0059902668,-2.4047139942132025,433.5,418.5,23.06192857142857,83.24285665142858,18.807073116815367,47.81823396574922,1432.4546224598637,1150.272046136404,70.54564408086496,1280.3112738178497,76.54662921555428,0.41596928961587687,0.34399978720365676,0.3559242105326993,1.1687018348830271,0.08456790123456791,0.07184389619793534,0.049483590759001196,1.7090086399823032,1.0963757837565347,-0.2889151058393514,0.0548909860682124,0.19713888874638458,0.27843812873698054,-0.029626226913291087,0.0,0.09697374595203886,-0.029626226913291087,0.0,0.6750929723712948,0.2279332816766663,0.09697374595203886,0.0
2015-07-27 00:00:00+00:00,373.0,410.25,372.5,406.5,558793,27.32095490716179,0.3782759497626385,412.5,381.19,402.0720804520394,444.0507110604946,380.9492889395054,3.5008702323403327,10.042326689443982,-6.541456457103649,-0.0790123456790123,-0.0092961487383798,28.333357114285715,19.91428556000001,4.736346733061224,29.443357071428572,70.0171443657143,4.794412418979592,1.4,0.0,0.0,0.0,3.1910998821258545,3.375699996948242,3.151000022888184,3.3559999465942383,0,73.55517296433732,0.1650109879145724,3.1851999759674072,3.1243999004364014,0.010922176769282,0.1536935650033535,238.638,0.3502869998528224,0.1237712036854521,0,1,0,0,4,0,7,31,-0.4999999999999997,-0.8660254037844388,-0.5680647467311556,-0.8229838658936566,15.600000381469728,0.2417450017179428,14.69000005722046,1.0,1251.7879800796509,0.7419306770753775,405.0,433.5,24.864071428571428,68.22285718285715,19.49328498485493,49.25042173348891,1401.714994199116,1207.9434025217702,48.442897919336446,1268.9019563225702,59.410345792763785,0.4671195513857473,0.35893139592792594,0.3355927747420175,1.3919237022477682,0.10120643431635389,0.08444629417231724,0.05336974417736292,1.8963256600361327,0.8637049418359638,-0.5296112825881896,0.14720368435153627,0.17799006740625295,0.8270330936232566,0.0011360641056248344,0.0,0.3333223080558788,0.0011360641056248344,0.0,0.3085721313105004,0.35810556063362087,0.3333223080558788,1.0
2015-08-03 00:00:00+00:00,366.5,377.75,365.0,373.5,511685,17.514124293785315,0.3189232147399721,402.7125,381.85,389.6111796293026,450.06817408899246,355.3568259110075,-5.752628924996941,0.9755734448433168,-6.7282023698402575,-0.017426273458445,-0.1268612269207861,29.459071542857142,15.385713402857153,4.901940874285715,29.478357257142857,32.26571306000002,4.717112265510204,2.6,0.0,0.0,0.0,3.361799955368042,3.4567999839782715,3.3078999519348145,3.4193999767303467,0,85.07792721840399,0.1802681251585719,3.3559999465942383,3.094000101089477,0.0216266959026637,0.1841854401716516,238.638,0.3502869998528224,0.1237712036854521,0,1,0,0,5,0,8,32,-0.8660254037844385,-0.5000000000000004,-0.663122658240795,-0.7485107481711013,12.5600004196167,-0.2167537442596538,13.577500104904177,0.0,1253.210091471672,1.8123825904135473,373.0,405.0,22.165499971428574,32.76571319428573,20.137483195970283,48.154634077134794,1399.6004488190915,1181.8778974691127,54.43063783749471,1262.625210382211,33.98580526938386,0.42329966004110775,0.35990988490891196,0.32669823149070504,1.2956900475179054,0.034788540245566164,0.07509610920120867,0.05329518702077579,0.652751883664202,0.7786038798647503,-0.5212198181961122,0.14532992942068196,0.15397214073569354,0.9438715295349307,0.0997413033803991,1.0,0.9857558887232294,0.0997413033803991,1.0,0.0032138547701855962,0.011030256506585068,0.9857558887232294,2.0
2015-08-10 00:00:00+00:00,390.25,391.5,366.5,368.0,614663,40.52478134110788,0.3047501813114738,390.725,383.945,384.15006356819697,435.9661375444703,345.48386245552973,-5.630592554005261,-4.105498025848735,-1.525094528156527,0.0648021828103684,-0.0866003510825044,27.236214085714284,10.702857097142866,4.93450574,30.073357285714287,24.737141682857164,5.092198025510204,0.4,0.0,0.6000000000000001,0.0,3.44950008392334,3.562999963760376,3.427000045776367,3.531599998474121,0,86.80934638222362,0.1657349466080902,3.4193999767303467,3.221100091934204,0.0143149799335172,0.1764986990001051,238.638,0.3502869998528224,0.1237712036854521,0,0,0,0,0,0,8,33,-0.8660254037844385,-0.5000000000000004,-0.7485107481711011,-0.6631226582407952,12.229999542236328,-0.0266252821795172,13.160000085830688,0.0,1378.2068994045258,1.0812109934988976,366.5,373.0,20.26621414285714,76.10285755428573,20.778507330792475,46.64382811621366,1411.90842089055,1174.6970597207744,59.302840292443896,1308.857885991137,52.113553825201734,0.43815099035514304,0.4057824260104029,0.35909127763387405,1.2201660286502898,0.06406149903907751,0.06915094186446026,0.05332721777029533,1.201290629901475,0.9520981536439859,-0.5113634590453817,0.1325712641269238,0.1602955914441153,0.8270424324346968,-0.08333996455833692,0.0,0.007267865509941341,-0.08333996455833692,0.0,0.96823156918224,0.0245005653078187,0.007267865509941341,0.0
2015-08-17 00:00:00+00:00,363.25,388.5,346.5,388.5,753005,43.45403899721448,0.3760294109787231,376.525,384.555,376.4472261462557,405.4722751195008,347.57772488049915,-7.741947220181316,-6.187394273410493,-1.5545529467708237,-0.0691864189622036,-0.1356335514574658,28.573357257142856,18.225714457142868,4.51146459877551,27.968357,32.26571440857145,4.579464827142857,1.4000000000000001,0.0,0.0,0.0,3.436000108718872,3.523200035095215,3.418600082397461,3.47790002822876,0,62.45711125106334,0.1818938763064566,3.531599998474121,3.150599956512451,0.0,0.1418819564170957,238.654,0.0067047159295619,0.1695697796432194,0,0,0,0,0,0,8,34,-0.8660254037844385,-0.5000000000000004,-0.8229838658936564,-0.5680647467311559,13.020000457763672,0.062594759669415,13.352500200271606,0.0,1263.3471852540972,-0.0067047159295619,390.25,366.5,26.862643042857144,53.85999801714288,21.24236859977361,45.71620787701094,1409.1629989406963,1164.1130791642765,61.26247994410498,1290.6536056963212,45.23092573431785,0.5059802235426053,0.47391459379548634,0.3874077805920052,1.3060662067982869,0.11562284927735719,0.08004944482258451,0.05803104717966383,1.9924305173243613,1.1664926363123778,-0.3854754640554528,0.1821263492266054,0.1634532264740279,1.1142413154697282,0.02100790708387823,1.0,0.5745391615847957,0.02100790708387823,1.0,0.14180294550940806,0.28365789290579624,0.5745391615847957,2.0
2015-08-24 00:00:00+00:00,368.75,372.5,354.0,363.0,548527,50.0,0.3645072449135114,369.55,385.385,373.0251301849581,382.9178719324357,356.1821280675643,-6.069236744179648,-6.489529295114511,0.4202925509348629,0.0151410874053681,-0.0605095541401273,24.52478562857143,32.902856242857155,4.232174712693878,29.50835724285714,32.54571442857144,4.718254050122449,0.2,0.0,0.0,0.0,3.4691998958587646,3.575599908828736,3.441400051116944,3.497999906539917,0,55.988290334244326,0.1823694820158823,3.47790002822876,3.284199953079224,-0.0118334301661755,0.1900504542250757,238.654,0.0067047159295619,0.1695697796432194,0,0,0,0,0,0,8,35,-0.8660254037844385,-0.5000000000000004,-0.8854560256532096,-0.4647231720437691,40.7400016784668,1.1407237800592156,19.637500524520878,2.0,1289.8874655365944,-1.190047732547112,363.25,390.25,27.065500085714284,81.66285392857145,21.775658189649967,44.86649862227291,1409.8432447509135,1182.482576082531,56.84016716709566,1290.3471496324307,57.11291912179855,0.48305580951301624,0.4448101378908839,0.37428820550264735,1.2905985000470837,0.05016949152542373,0.07316976288075569,0.05735770357411683,0.8746773258420668,0.8688747936226799,-0.44533974200242893,0.1850474350695206,0.14780151537090117,1.251999494627356,0.009198231355107556,0.0,0.42798221752869103,0.009198231355107556,0.0,0.22971669839419326,0.3423010840771157,0.42798221752869103,2.0
2015-08-31 00:00:00+00:00,363.75,375.0,359.75,368.0,469838,38.13953488372093,0.3203866525171643,367.775,386.29,369.30082968708274,381.6313115013724,353.91868849862755,-5.537406270755128,-6.009629599549384,0.4722233287942563,-0.0135593220338983,-0.0195417789757412,25.57050005714286,15.645714545714295,4.31259188,25.631213885714285,68.11142697714288,4.079312105020408,0.4,0.0,0.0,0.0,3.5473999977111816,3.677000045776367,3.5104000568389893,3.578700065612793,0,66.42167733908957,0.1785918239302306,3.497999906539917,3.370800018310547,0.0115588267843141,0.1687841368940581,238.654,0.0067047159295619,0.1695697796432194,0,0,0,0,0,0,8,36,-0.8660254037844385,-0.5000000000000004,-0.9350162426854148,-0.3546048870425359,28.43000030517578,-0.359765515600943,23.605000495910645,2.0,1301.7521488666534,1.1491779625018481,368.75,363.25,28.109785771428573,89.90571408000002,22.024403718428314,46.366171419361294,1406.8859554701812,1209.710894060754,49.29376535235683,1294.90914932612,58.72238162489394,0.4676455534057739,0.4446111281803782,0.36112996194099656,1.2949508203162392,0.04192439862542955,0.06131335574257082,0.05715972647434917,0.7334603203470578,0.7700120146903269,-0.4364125944175882,0.1327330914038333,0.14540465472725547,0.9128530480972462,0.030899119648427842,1.0,0.6888944842575191,0.030899119648427842,1.0,0.0915415668045452,0.21956394893793574,0.6888944842575191,2.0
2015-09-07 00:00:00+00:00,349.5,362.5,346.75,362.5,37272,34.63687150837988,0.3221221231641661,363.9375,385.025,363.426982202119,382.4420335839607,345.43296641603933,-7.416116530756312,-6.490155674610064,-0.925960856146248,-0.0378527185134205,-0.0547667342799188,31.49478554285714,10.937143061714295,4.547265670612245,27.226214385714286,31.48857216514288,4.194554408571428,5.6,0.0,0.0,0.0,3.617799997329712,3.840800046920776,3.6166000366210938,3.8396999835968018,0,79.86508322482469,0.1946711198070962,3.578700065612793,3.531599998474121,0.0079956884626675,0.1781024937178055,238.654,0.0067047159295619,0.1695697796432194,0,0,1,0,0,1,9,37,-1.0,-1.8369701987210294e-16,-0.970941817426052,-0.2393156642875577,27.799999237060547,-0.0224089431444696,27.4975004196167,2.0,1341.9751442670822,0.7928641303371882,363.75,368.75,25.78050037142857,97.85142573428574,22.360004406640314,45.40632630618592,1364.6455571176816,1233.835414844532,32.702535568287466,1313.7355473025052,40.637192916459504,0.47172104871021625,0.42290534673741864,0.3631517655436347,1.2989639056674152,0.045064377682403435,0.06336852322993827,0.057858712554236545,0.7788692126785249,0.06516741856367378,-0.4363569500851458,0.230813577954013,0.17321265076046802,1.332544497270901,0.09245527415863064,1.0,0.9796230542555812,0.09245527415863064,1.0,0.004619844387654456,0.015757101356764336,0.9796230542555812,2.0
2015-10-12 00:00:00+00:00,380.75,399.75,380.25,392.75,865416,50.27322404371585,0.2164043778225649,386.8,373.84,384.69318153285866,397.9468664467129,375.6531335532872,4.091501052553099,4.9900823630457545,-0.8985813104926557,-0.0324015247776365,0.0166889185580774,22.6276428,1.8971428228571503,2.7824472824489797,16.736928442857145,12.760000308571447,3.084436447142857,0.2,0.0,1.4000000000000001,0.6,3.910900115966797,3.937700033187866,3.720099925994873,3.759099960327149,0,37.15177701823409,0.2584022014096191,3.927500009536743,3.848099946975708,-0.0179912323608457,0.2502726499483889,238.316,-0.1416276282819484,0.1950792930057288,0,0,1,0,0,6,10,42,-0.8660254037844386,0.5000000000000001,-0.9350162426854148,0.3546048870425355,16.170000076293945,-0.1893060151613892,20.86999988555908,1.0,1431.277309894562,-1.6574956078026215,393.5,386.75,30.073357285714287,24.737141682857164,22.40728579197707,40.67442766575339,1609.8765611910662,1403.0051204598108,51.71786018281388,1473.4003329784261,41.0208175983188,0.42908676582496236,0.4251311424391122,0.38339945335131237,1.119163710022688,0.05121470781352593,0.049954279813453475,0.0603587256814541,0.84850531137388,1.3992622560916033,0.4165846667968367,0.17551584530830336,0.17875774178556925,0.9818642467535912,0.021759457241076863,1.0,0.583698023007889,0.021759457241076863,1.0,0.13729121504413272,0.27901076194797825,0.583698023007889,2.0
2015-10-19 00:00:00+00:00,373.0,386.75,372.5,381.0,671310,32.97872340425532,0.17682835512512,385.3375,374.605,381.76448050631706,398.88786899873634,371.7871310012636,0.1249406201288252,2.603404510080233,-2.478463889951408,-0.0203545633617859,-0.0112657388999337,18.019071328571428,0.6114285714285755,3.683319493877551,22.989071142857142,2.4571428571428675,2.901790336122449,0.0,0.2,4.0,4.6,3.759999990463257,3.9272000789642334,3.7358999252319336,3.920700073242188,0,39.45366558760976,0.2852861512918715,3.759099960327149,3.891400098800659,-0.0060469535946295,0.2640035477880297,237.945,-0.1556756575303408,-0.0361297478059685,0,0,1,0,0,7,10,43,-0.8660254037844386,0.5000000000000001,-0.8854560256532101,0.464723172043768,14.979999542236328,-0.0764417307765053,19.57999992370605,0.0,1462.4211273193362,-0.44901970193260926,380.75,393.5,27.968357,32.26571440857145,22.444820330743525,38.20879638777853,1604.2671744730317,1382.5523417387164,55.42870818357885,1469.0086507147903,35.2140930850064,0.3150584115555979,0.3733003837897517,0.38348058512160715,0.8215758908366364,0.03820375335120643,0.041763895919050956,0.06024620220636005,0.6341270588157134,1.0967261993497488,0.5004536697583647,0.23199924954349974,0.1841203337901398,1.2600413662486545,0.01897340680090487,1.0,0.5495048626768885,0.01897340680090487,1.0,0.15463900611376072,0.29585613120935084,0.5495048626768885,2.0
2015-10-26 00:00:00+00:00,384.5,385.75,372.0,372.75,889370,36.71497584541063,0.1632715045458573,384.2875,375.57,381.18585373310094,398.5715313859044,370.00346861409565,-0.0448908913822947,0.6816844576409561,-0.7265753490232508,0.0308310991957103,-0.0115681233933161,19.829071457142856,4.194285754285721,3.49000054,15.566214085714284,2.440000022857151,3.6469188304081634,0.0,0.0,2.2,0.0,3.8863000869750977,3.9602999687194815,3.824599981307984,3.875600099563599,0,47.58621823631387,0.2983861913713417,3.920700073242188,3.933000087738037,0.0332447907000434,0.3074257716976019,237.945,-0.1556756575303408,-0.0361297478059685,0,0,1,0,0,8,10,44,-0.8660254037844386,0.5000000000000001,-0.822983865893657,0.5680647467311548,15.289999961853027,0.0204830699153236,16.49500012397766,1.0,1490.168238282204,3.480154727534681,373.0,380.75,29.50835724285714,32.54571442857144,22.001039282677123,35.9011321061707,1579.2949292507053,1385.3740353736996,48.48022346925148,1477.472485741756,37.96733201544041,0.29902569250948313,0.2896935334146256,0.383115945660123,0.7805096292433208,0.03576072821846554,0.03851292062646318,0.059912404257255955,0.5968834449720841,1.4582526661271444,0.5835051808100413,0.2259980832294133,0.18415491963947558,1.2272171245801295,-0.026920568735419814,0.0,0.10948343582099745,-0.026920568735419814,0.0,0.6447471504126627,0.24576941376633982,0.10948343582099745,0.0
2015-11-02 00:00:00+00:00,376.5,387.5,375.5,384.0,831138,42.15686274509804,0.1693117814143111,381.6125,376.805,380.2973549730228,394.8526651683863,368.3723348316137,-0.5247866944878865,-0.0347009676533386,-0.4900857268345479,-0.0208062418725617,-0.0327552986512523,14.914785714285715,25.07142845142858,2.1385766269387756,17.331214085714283,20.38000013142859,3.162950072122449,0.0,0.4,0.0,0.0,3.903700113296509,3.952500104904175,3.825000047683716,3.8513998985290527,0,57.360321423083256,0.25193500792099,3.875600099563599,3.998800039291382,-0.006865577176776,0.2937998467544511,237.945,-0.1556756575303408,-0.0361297478059685,0,0,1,0,0,9,11,45,-0.5000000000000004,0.8660254037844384,-0.7485107481711011,0.6631226582407952,14.149999618530272,-0.0774844203158191,15.147499799728394,0.0,1450.0520617961884,-0.5308820601472592,384.5,373.0,25.631213885714285,68.11142697714288,21.69976023771178,34.899768752961535,1507.885398175068,1409.0739704710768,24.70285692599786,1466.504316163529,27.622250799396255,0.2987255230714971,0.3058861037615914,0.37210786595142253,0.8027927984800158,0.03187250996015936,0.03700119120285188,0.05838327311491935,0.5459184249269224,1.4197489477281526,0.6106778708377836,0.22201825243454204,0.18389077600958267,1.2073375575379428,-0.04742005627142998,0.0,0.04224917517874905,-0.04742005627142998,0.0,0.8349333836278137,0.1228174411934373,0.04224917517874905,0.0
2015-11-09 00:00:00+00:00,366.75,383.5,366.5,376.5,1247513,40.19607843137256,0.1697807110129002,377.9375,377.85,377.9535904845025,386.3868459729368,369.4881540270632,-2.013465496595529,-0.7715105189925626,-1.2419549776029666,-0.0258964143426294,-0.0418027433050294,17.0319285,7.974285854285726,2.132614919755102,16.649785514285714,47.997142822857164,2.01049681844898,0.0,0.2,0.6000000000000001,0.6,3.8705999851226807,3.8705999851226807,3.744400024414064,3.766299962997437,0,35.23691824926965,0.2415319468322675,3.8513998985290527,3.781899929046631,0.0017410902110938,0.2380382591789787,237.945,-0.1556756575303408,-0.0361297478059685,0,0,1,0,0,10,11,46,-0.5000000000000004,0.8660254037844384,-0.6631226582407955,0.7485107481711007,16.520000457763672,0.1548571986722421,15.234999895095823,1.0,1381.29051142931,0.32978467863972083,376.5,384.5,27.226214385714286,31.48857216514288,21.373955416845583,35.74476062843868,1538.5336746245325,1353.4322947889868,46.27534495888638,1432.4187942698413,35.102461960613525,0.3078709157222283,0.335561105644199,0.3850434153301401,0.7995745296994922,0.046353101567825496,0.04068096018223654,0.0587912059710884,0.788435836921972,2.0825573905518637,0.5755602401656268,0.22841012215540116,0.18933621691340524,1.2063730532660648,0.0009596051689126917,0.0,0.3313645773456877,0.0009596051689126917,0.0,0.3104577268663318,0.35817769578798053,0.3313645773456877,1.0
2015-11-16 00:00:00+00:00,360.0,367.75,356.0,367.0,1272741,30.198019801980195,0.1758521800590914,373.575,378.46,370.9848773194116,391.0506221183408,356.0993778816592,-5.386435124047068,-3.379584914399514,-2.0068502096475545,-0.0184049079754601,-0.0444591904445919,14.136214251428571,16.125713745714297,2.1334409641224488,13.394071257142857,11.98857126514288,2.208429814693878,0.0,1.0,0.2,0.0,3.7976999282836914,3.8622000217437744,3.703299999237061,3.84060001373291,0,43.04243163082344,0.1984910800021734,3.766299962997437,3.7925000190734863,-0.0036574153107562,0.2332567001009628,237.838,-0.0449683750446516,0.1705744357355598,0,0,1,0,0,11,11,47,-0.5000000000000004,0.8660254037844384,-0.5680647467311559,0.8229838658936564,18.15999984741211,0.0946495689682332,16.02999997138977,1.0,1382.6160049438477,-0.3207731560309684,366.75,376.5,30.57549957142857,18.237142793714305,20.85912418073573,34.21210325016153,1532.9719980815128,1319.0914101442625,53.47014698431261,1412.497678539444,21.074689851810348,0.21881671476510184,0.32980888831850547,0.3704071577092421,0.5907464375442811,0.03263888888888889,0.03696579639730914,0.05634617716047739,0.5792563886520189,2.0639115759055033,0.690726005214753,0.18851138161209183,0.18998142821278635,0.9922621040533023,-0.01731349248301428,0.0,0.16580225653350852,-0.01731349248301428,0.0,0.5288864533337891,0.3053112901327023,0.16580225653350852,0.0
2015-11-23 00:00:00+00:00,367.25,367.5,358.25,360.0,983235,33.54037267080744,0.1678709055872968,369.5,378.295,368.2128186217035,386.575682925448,352.42431707455205,-4.369277111230872,-4.411655710440462,0.0423785992095897,0.0201388888888889,-0.0329163923633969,7.811928631428572,44.679998953714296,1.6843356382857142,14.251928585714285,42.297141539428594,2.128536507081633,0.0,4.4,0.0,0.0,3.82509994506836,3.8261001110076895,3.688100099563599,3.699599981307984,0,32.361449917273234,0.1632042089768102,3.84060001373291,3.902299880981445,0.0193762093272903,0.1653259614743671,237.838,-0.0449683750446516,0.1705744357355598,0,0,1,0,0,12,11,48,-0.5000000000000004,0.8660254037844384,-0.4647231720437684,0.88545602565321,15.619999885559082,-0.1506692276857537,16.112499952316284,1.0,1358.6780931353571,1.9825893077736818,360.0,366.75,20.629785700000003,63.14285615428574,20.432853497185963,34.73371862366263,1472.1340092576752,1314.1843263946762,39.48742071574973,1390.9698443778093,0.9881335374441562,0.18669822792538235,0.25005829931721674,0.3448664486983937,0.5413638329167322,0.02518720217835262,0.03436248616273837,0.052916170483254046,0.47598299704044983,1.485601906857474,0.3245207588822846,0.15208262498723493,0.20466313466408287,0.7430875023290137,0.03196700787927642,1.0,0.7002209855117543,0.03196700787927642,1.0,0.08719698125696011,0.21258203323128566,0.7002209855117543,2.0
2015-11-30 00:00:00+00:00,365.0,367.25,358.75,367.0,417357,48.0,0.1669956097094347,366.3125,376.715,366.6824920460045,380.241714849295,352.383285150705,-3.6497352759708974,-4.083203156647346,0.4334678806764485,0.0048176187198898,-0.0394736842105263,6.337642796571429,24.374285825714296,1.145624954734694,1.5319286592857142,92.14856953714289,1.3968233694081633,0.0,4.8,0.0,0.0,3.7286999225616455,3.910500049591065,3.690900087356568,3.841399908065796,0,54.237626571802416,0.1762318637841554,3.699599981307984,3.84470009803772,-0.016513341793199,0.1675792716248832,237.838,-0.0449683750446516,0.1705744357355598,0,0,1,0,0,13,11,49,-0.5000000000000004,0.8660254037844384,-0.3546048870425359,0.9350162426854148,16.1299991607666,0.0321287030227905,16.607499837875366,1.0,1402.1109664440155,-1.6063658042752484,367.25,360.0,22.44478565714286,35.39714274857145,19.21343899151498,38.437902553564584,1416.6988212490025,1345.6489667272624,17.762463630435036,1395.4262932042918,32.56152606896133,0.21809721365659765,0.24906794087567227,0.34137731873212634,0.6388743343519899,0.023287671232876714,0.031867874765620606,0.0510240373205611,0.45640580188730945,0.6122823076560175,-0.38791263576042384,0.21985359905338764,0.21002413683547697,1.046801533852251,-0.01416970099235848,0.0,0.1886991422878351,-0.01416970099235848,0.0,0.4896227527861098,0.3216781049260551,0.1886991422878351,0.0
2015-12-07 00:00:00+00:00,368.5,376.5,361.25,365.25,35402,58.17307692307692,0.1799690702884609,364.3625,375.26,367.7891763383471,372.9747235653103,355.75027643468974,-1.137388489683019,-2.651113754969138,1.5137252652861188,0.0095890410958903,-0.0160213618157543,6.450499945142857,21.845714348571438,0.7816838245306122,3.003357138571429,49.72000075714287,0.9810002012857143,0.0,5.6,0.0,0.0,3.8671000003814697,3.898900032043457,3.7204999923706055,3.750999927520752,0,42.16386867145271,0.1830780118583057,3.841399908065796,3.780100107192993,0.0271791518459429,0.1980855296375014,237.838,-0.0449683750446516,0.1705744357355598,0,0,0,0,0,0,12,50,-2.4492935982947064e-16,1.0,-0.2393156642875578,0.970941817426052,15.84000015258789,-0.0181424440884134,16.43749976158142,1.0,1382.243473291397,2.762883559638942,365.0,367.25,23.8633573,17.98571409714287,18.16762725906701,39.16577985702125,1416.9540103907948,1345.8702585165138,17.77093796857029,1390.153165239134,50.53800885107284,0.21027453790102177,0.24363047723146222,0.3272710089590921,0.6425088862735672,0.041383989145183174,0.03377017060262537,0.04886484171609186,0.8469070853960018,0.054517090180724655,-0.25408633112680395,0.23149168017628746,0.21692757065313942,1.0671380719745158,0.052997005081627746,1.0,0.8698745764163287,0.052997005081627746,1.0,0.03230014495571063,0.09782527862796064,0.8698745764163287,2.0
2015-12-14 00:00:00+00:00,381.75,381.75,367.25,369.0,139926,61.328125,0.1801688070783345,367.6375,373.905,370.72583666324726,379.6489802541886,355.6260197458114,1.377407167303886,-0.5975634039854267,1.9749705712893129,0.0359565807327,0.0545580110497236,11.939071411428571,9.87142847142858,0.9936336507346938,9.390499874285714,25.559999697142874,0.8184024484897959,0.0,2.4000000000000004,0.4,0.0,3.759900093078613,3.918800115585327,3.7170000076293945,3.812700033187866,0,57.965782871491946,0.1920625727964814,3.750999927520752,3.766900062561035,-0.0013054601612242,0.1859883265238371,237.336,-0.2110680379081464,0.5017975786678841,0,0,0,0,0,0,12,51,-2.4492935982947064e-16,1.0,-0.1205366802553236,0.992708874098054,22.729999542236328,0.3611472217059132,17.579999685287476,1.0,1455.498237669468,0.0805220217857264,368.5,365.0,16.736928442857145,12.760000308571447,17.601360976177897,38.287987588642,1482.149479877636,1317.1159053924828,41.25839362128828,1416.2911942112678,72.7057296450981,0.2168974861737735,0.28052930851595514,0.3308643431304086,0.6555480640982935,0.03798297314996726,0.03209614491905372,0.04570366865777253,0.8310703703827075,0.22265928956400588,0.36888855202149395,0.22799769501690226,0.20432699987458383,1.1158470686613948,0.016809748522723433,1.0,0.5226064335639028,0.016809748522723433,1.0,0.16931533054324507,0.3080782358928521,0.5226064335639028,2.0
2015-12-21 00:00:00+00:00,372.0,379.5,362.5,378.25,842083,53.90625,0.2109099108119855,370.4625,372.03,371.79467695241374,381.48314450316616,359.4418554968338,1.2345728182156677,0.7261527232620952,0.5084200949535724,-0.0255402750491159,0.0212765957446807,4.977642814857142,36.34571438685715,0.9698087649795919,11.400499860714286,29.58571371142859,1.0129911189591836,0.0,5.8,0.0,0.0,3.883500099182129,4.035299777984619,3.847500085830689,3.978399991989136,0,60.24184329284998,0.2024252297503415,3.812700033187866,3.761199951171875,0.0012859994112135,0.1929258211212653,237.336,-0.2110680379081464,0.5017975786678841,0,0,0,0,0,0,12,52,-2.4492935982947064e-16,1.0,6.432490598706546e-16,1.0,18.700000762939453,-0.1951620530658254,18.34999990463257,1.0,1479.9647970199587,0.3396679790294964,381.75,368.5,22.989071142857142,2.4571428571428675,17.201305420341534,37.72655056430565,1520.9130901785443,1338.9956470338752,45.47936078616721,1441.7606353347442,87.66160439056664,0.21384147806380202,0.2183798436091064,0.33098968190385636,0.6460668815206404,0.0456989247311828,0.0347081520875125,0.04624918788205336,0.9881019957951727,1.3056544304380178,0.37825918310314804,0.26020843332895427,0.2117414502044841,1.2288969438373778,-0.04669339968930242,0.0,0.04374405080832037,-0.04669339968930242,0.0,0.8298648852215282,0.1263910639701514,0.04374405080832037,0.0
2015-12-28 00:00:00+00:00,361.0,374.5,360.5,372.0,378221,42.78846153846154,0.2168641978635929,370.4875,370.78,369.2562028944499,381.2461868207636,359.72881317923645,-1.11083165994836,0.0781865925925535,-1.1890182525409136,-0.0360480640854472,-0.0136612021857923,4.769071403114286,33.05714265828572,0.8350259086122449,5.536214272857142,70.50571492228573,0.9830730125306123,0.0,5.4,0.0,0.0,4.011799812316895,4.012899875640869,3.875099897384644,3.908200025558472,0,63.326756418688426,0.2041303466590481,3.978399991989136,3.7383999824523926,0.0259986110927268,0.2059690122105684,237.336,-0.2110680379081464,0.5017975786678841,0,0,0,0,0,0,12,53,-2.4492935982947064e-16,1.0,0.1205366802553231,0.992708874098054,16.90999984741211,-0.1006184107724823,18.545000076293945,1.0,1410.8602092266085,2.8109291471808264,372.0,381.75,15.566214085714284,2.440000022857151,16.448718894697382,39.84133536159469,1519.8936884996408,1344.389670104075,43.87600459889145,1429.40046489149,52.343211533863744,0.282547266345207,0.24109386485103573,0.30786879096658115,0.917752190082675,0.038781163434903045,0.037426944338822585,0.04498517110184463,0.8620875249363577,0.5973839762146249,0.47585504262748773,0.22147019354249894,0.21114300667788213,1.048910814229636,-0.016126015114634185,0.0,0.17417810548862192,-0.016126015114634185,0.0,0.5140714721791043,0.3117504223322738,0.17417810548862192,0.0
2016-01-04 00:00:00+00:00,351.5,364.0,350.5,361.0,491353,29.126213592233,0.2028593016976515,368.7625,369.27,365.3836936122686,383.9797642607325,353.54523573926747,-3.420297349762848,-1.4759095978479224,-1.9443877519149253,-0.0356652949245541,-0.0343406593406593,-1.3852142822857143,40.44571377142858,0.6095430848979592,3.2197857185714285,81.6171424937143,0.690378452122449,0.0,7.0,0.4,0.4,3.8554000854492174,4.0594000816345215,3.8359999656677246,3.949100017547608,0,57.16183619502056,0.1984065232914122,3.908200025558472,3.7558999061584473,-0.0012274540414461,0.1900045386795127,237.336,-0.2110680379081464,0.5017975786678841,0,0,0,0,0,0,1,1,0.4999999999999999,0.8660254037844387,0.120536680255323,0.992708874098054,20.700000762939453,0.2022285832413422,19.76000022888184,1.0,1388.1086561679842,0.0883226337635364,361.0,372.0,17.331214085714283,20.38000013142859,15.595239334947323,42.53654872495725,1517.00091964174,1350.2150304002698,41.69647231036754,1412.8837414020877,51.54690930421624,0.27171288212575745,0.23547474991709158,0.27137402012574297,1.001248653011703,0.03840682788051209,0.04045077566834966,0.04112437003200238,0.9339187083337054,0.7924457887170215,0.5080898506724713,0.19468484245558945,0.2084016082586149,0.9341810494676501,0.01188629302691191,0.0,0.461157087137585,0.01188629302691191,0.0,0.2068014111311718,0.3320415017312432,0.461157087137585,2.0
2016-01-11 00:00:00+00:00,351.75,357.75,348.5,352.75,790903,19.463087248322157,0.1829062847529821,363.975,366.66,360.75121388272345,382.7155414740049,345.2344585259952,-4.641874030881695,-3.471510684027763,-1.1703633468539318,0.0007112375533429,-0.0537995965030262,0.5190713717142857,8.562856994285719,0.6609730694693878,-0.6394999828571429,58.254284617142865,0.6263144701020408,0.0,7.0,1.2,0.0,4.037099838256836,4.068699836730957,3.99239993095398,3.993200063705444,0,47.93649540761624,0.1938556182492603,3.949100017547608,3.807800054550171,-0.0002278816909699,0.1951320521633532,237.336,-0.2110680379081464,0.5017975786678841,0,0,0,0,0,0,1,2,0.4999999999999999,0.8660254037844387,0.2393156642875577,0.970941817426052,24.299999237060547,0.1603425818215157,20.15250015258789,1.0,1404.6081224083898,0.1882798688111564,351.5,361.0,16.649785514285714,47.997142822857164,14.547836798314776,43.55059620187245,1501.9627287148817,1339.8081636965887,40.53864125457328,1409.5734938046085,30.842762686389847,0.2694206378445344,0.23296925982719577,0.2703022531878583,0.9967383723209482,0.026297085998578537,0.03743339503902874,0.03993074975566012,0.6585671336957462,1.2511021647829086,0.48534230756225744,0.15473040756096737,0.20853819772262186,0.7419762989752716,0.03556429332415645,1.0,0.7365696252673212,0.03556429332415645,1.0,0.0739037454695352,0.18952662926314368,0.7365696252673212,2.0
2016-01-18 00:00:00+00:00,363.25,363.75,349.5,352.0,858556,48.38709677419355,0.16595901714247,360.6875,364.995,360.2554076974635,374.9720840719056,346.40291592809444,-2.9674227418250325,-3.5665010092454708,0.5990782674204382,0.0175070028011203,-0.0371106693174287,-3.5109284891428567,7.908571291428579,0.6594106533877551,-2.7759286092857143,25.66571385142859,0.6190210356938775,0.0,6.6,1.4000000000000001,1.0,4.050300121307373,4.055399894714356,3.966799974441528,4.004300117492676,0,69.22681764861672,0.1807344421627592,3.993200063705444,3.876300096511841,-0.0120230024113039,0.188920626288706,236.525,-0.3417096437118738,0.7295197860415881,0,0,0,0,0,0,1,3,0.4999999999999999,0.8660254037844387,0.3546048870425356,0.9350162426854148,27.020000457763672,0.1061010305238964,22.232500076293945,2.0,1454.5620176792145,-0.8605905974185162,351.75,351.5,13.394071257142857,11.98857126514288,13.430174513953457,42.39673282442446,1471.2511308779494,1357.818371863149,28.358189753700167,1427.5689033544509,41.976862108231686,0.2333775140291322,0.21618678350850187,0.27474321153059295,0.8494386603206711,0.03922918100481762,0.03768263660999881,0.03979598887462952,0.9857569131108491,1.3176102120177962,0.46051822624463756,0.1565563460757415,0.20677644881842247,0.7571284805356834,0.03955182954404446,1.0,0.7733967484589053,0.03955182954404446,1.0,0.06136474512306139,0.16523850641803328,0.7733967484589053,2.0
2016-01-25 00:00:00+00:00,369.75,372.5,364.0,364.0,983133,77.03703703703704,0.153516130973506,360.2375,364.79,363.6241576161514,372.6910716712315,347.7839283287685,0.5683908345299074,-1.4072625215371308,1.9756533560670384,0.0178940123881623,0.009556313993174,-2.1523571274285715,3.882857278571435,0.6484796639591837,-7.2566427697142855,5.468571337142874,0.7115963592653062,0.0,7.0,0.4,0.0,4.0524001121521,4.166900157928467,3.99810004234314,4.089499950408936,0,56.46357592432968,0.163468677919199,4.004300117492676,3.913000106811523,-0.0003994378872733,0.1614861137465204,236.525,-0.3417096437118738,0.7295197860415881,0,0,0,0,0,0,1,4,0.4999999999999999,0.8660254037844387,0.4647231720437685,0.8854560256532099,24.14999961853028,-0.1122929851709795,24.042500019073486,1.0,1512.0926066637041,0.3017658549845438,363.25,351.75,14.251928585714285,42.297141539428594,12.095541140813603,40.01427079298694,1551.5245058932842,1328.1611955663625,55.84082758173043,1461.378384678152,84.49485468239244,0.263086862468051,0.2287760962161336,0.27713504130709116,0.9493092311030933,0.022988505747126436,0.033140552813187535,0.038692195277865674,0.5941379040567967,1.40669839823336,0.39688738749530994,0.10498899865806385,0.1777407222497592,0.5906862052899307,-0.01862927502704037,0.0,0.15690174135176735,-0.01862927502704037,0.0,0.5452418581394721,0.2978564005087605,0.15690174135176735,0.0
2016-02-01 00:00:00+00:00,371.25,372.5,365.0,369.25,890094,78.6764705882353,0.1503925145854975,362.3125,365.645,365.9742603204952,377.34043451514674,347.28456548485326,1.739002271980553,0.4556847978538463,1.2833174741267066,0.0040567951318457,0.0341225626740946,6.153357142857144,2.085714365714293,0.887535819877551,2.0297857431428574,6.177143157142871,0.6906840046122449,0.0,5.8,0.0,0.0,4.087200164794922,4.118800163269043,3.962599992752075,3.997100114822388,0,43.76903321974493,0.1581840026745724,4.089499950408936,3.950000047683716,-0.0155286705175553,0.17210915823438,236.525,-0.3417096437118738,0.7295197860415881,0,0,0,0,0,0,2,5,0.8660254037844386,0.5000000000000001,0.5680647467311558,0.8229838658936564,19.979999542236328,-0.1895526139934213,23.862499713897705,1.0,1483.9234176278117,-1.2111574080436562,369.75,363.25,1.5319286592857142,92.14856953714289,11.44613756677033,37.83123030035185,1555.6380454213286,1371.9550367682314,45.920752163274265,1470.3963978580161,81.48629129664468,0.1966134947331,0.2296885833802324,0.2414544072209551,0.8142882495008524,0.020202020202020204,0.029424724166610967,0.03574451264680573,0.5651780666268188,1.2140269132253894,0.39215017358716864,0.11978834158795244,0.18239541301560566,0.656750808805676,-0.04831233486380615,0.0,0.040480325928925906,-0.04831233486380615,0.0,0.8409905438914118,0.11852913017966228,0.040480325928925906,0.0
2016-02-08 00:00:00+00:00,362.25,373.75,361.5,371.25,996923,40.67796610169491,0.1377631687107306,365.925,366.03,366.5681169504177,377.5361334956874,354.3138665043126,0.9715026400595548,1.2193305674736694,-0.2478279274141146,-0.0242424242424242,0.0262039660056656,2.4647856260000003,21.017142857142865,0.9599349154285715,9.555499937714288,9.782857297142872,0.9773493279183674,0.0,5.8,0.0,0.0,3.958600044250488,4.013999938964844,3.8350000381469727,3.8984999656677246,0,34.86221481310437,0.1612231098453426,3.997100114822388,4.041500091552734,-0.0173364784452096,0.1657881301263573,236.525,-0.3417096437118738,0.7295197860415881,0,0,0,0,0,0,2,6,0.8660254037844386,0.5000000000000001,0.6631226582407952,0.7485107481711011,26.0,0.2633647877121695,24.28749990463257,2.0,1412.2316125631332,-1.3919382008090861,371.25,369.75,3.003357138571429,49.72000075714287,11.324160945540909,36.021657848531916,1551.0822706261322,1380.3225566407993,42.68992849633318,1447.1304837400633,51.83835457015815,0.2701000591655914,0.25625367974461444,0.2479172745545702,1.089476514922615,0.033816425120772944,0.02850664361466314,0.03483455366877416,0.9707721745079908,1.3279799751260752,0.4766675154686662,0.14809939633285354,0.18495292748718037,0.800740979543073,0.008044095583946476,0.0,0.4139171762015929,0.008044095583946476,0.0,0.24008660157477496,0.3459962222236322,0.4139171762015929,2.0
2016-02-15 00:00:00+00:00,358.75,363.25,358.25,362.25,813869,29.245283018867923,0.1251036176640799,366.7125,365.69,364.3937920367305,375.3868344960524,358.03816550394754,-0.9367449048459092,0.257405814000529,-1.1941507188464384,-0.0191387559808612,0.0020949720670391,-4.295214238285714,2.1800000057142928,0.9465973295510205,3.5183570405714284,37.05428571657144,0.9248314313469387,0.0,6.8,0.0,0.0,3.8935000896453857,4.008399963378906,3.864799976348877,3.9681999683380127,0,37.62149602529061,0.1635701616992892,3.8984999656677246,4.005899906158447,0.0031600510906846,0.1660894511062482,236.916,0.1653102209068668,1.3730868138309926,0,0,0,0,0,0,2,7,0.8660254037844386,0.5000000000000001,0.7485107481711011,0.6631226582407953,25.39999961853028,-0.0233473790154842,23.88249969482422,2.0,1423.591738641262,0.1506948881615932,362.25,371.25,9.390499874285714,25.559999697142874,10.820560693607396,36.088279001308656,1553.7143979200766,1362.2052898278787,47.87727702304951,1437.714985700543,40.82371396665293,0.26884312821624307,0.2537479681734762,0.2471252260421263,1.0878821302184396,0.013937282229965157,0.02603468286094046,0.03355985992636162,0.4152960741667619,1.0701524187036333,0.4374782159360012,0.15729699810269177,0.18691813885514913,0.8415287604019016,0.03683303901383894,1.0,0.7486926670376032,0.03683303901383894,1.0,0.06967762289955243,0.18162971006284445,0.7486926670376032,2.0
2016-02-22 00:00:00+00:00,367.5,369.25,359.0,359.75,1035896,43.11926605504587,0.1181373004775995,366.3,365.285,364.98369912212166,374.7831101547002,357.81688984529984,-0.0290549614418296,-0.1527617649193099,0.1237068034774802,0.024390243902439,0.0013623978201635,8.790500006,3.622857245142863,1.1704045999591837,-3.3152142071428576,5.491428613714299,0.9744752317959183,0.0,4.2,0.4,0.4,3.995300054550171,4.067500114440918,3.9416000843048096,4.01639986038208,0,55.59058775738951,0.1811755260516926,3.9681999683380127,4.153500080108643,-0.0048518727533607,0.1729684539079731,236.916,0.1653102209068668,1.3730868138309926,0,0,0,0,0,0,2,8,0.8660254037844386,0.5000000000000001,0.8229838658936564,0.5680647467311559,19.3799991607666,-0.2705075958474754,22.6899995803833,1.0,1476.0269486904144,-0.6504974962429368,358.75,362.25,11.400499860714286,29.58571371142859,9.908575216139639,34.11428865372192,1521.4930198997222,1376.3938388615884,36.27479525953343,1453.0397708964915,38.981282324039356,0.27077530518066373,0.2385962205378728,0.25493610972457137,1.062130017014477,0.027891156462585033,0.023767077952493942,0.03355670491594576,0.831164687379201,1.3423176572857447,0.24703693083364028,0.16314415561441567,0.18704640423614802,0.8722121526929915,-0.05047706246491568,0.0,0.03647915491139896,-0.05047706246491568,0.0,0.8549361904039576,0.1085846546846434,0.03647915491139896,0.0
2016-02-29 00:00:00+00:00,353.5,367.25,352.5,367.0,588903,35.294117647058826,0.1250482177804997,363.275,363.37,361.6877119132427,374.3011650537045,352.24883494629546,-2.276690323884281,-1.036207578418503,-1.2404827454657783,-0.038095238095238,-0.0328317373461012,8.823357022857143,10.688571960000008,1.6482270473061225,11.541928495714286,8.445714637142867,1.4146670292244903,0.0,4.6,0.4,0.0,3.9435999393463135,4.003900051116943,3.916800022125244,3.9646999835968018,0,57.8822642627018,0.1857433507232678,4.01639986038208,4.066999912261963,-0.0020395899925657,0.1802207045831184,236.916,0.1653102209068668,1.3730868138309926,0,0,0,0,0,0,2,9,0.8660254037844386,0.5000000000000001,0.8854560256532099,0.4647231720437686,20.549999237060547,0.0586193406577131,22.832499504089355,1.0,1401.5214442014694,-0.3692692201634368,367.5,358.75,5.536214272857142,70.50571492228573,10.013952847079938,32.45825162039424,1494.4267828429713,1362.2590892051683,33.04192340945074,1432.4324402184827,30.379795406845673,0.27239808170428836,0.26310228569166716,0.2375651475218329,1.1466247178071736,0.04172560113154172,0.027514497029377,0.03308224958184655,1.2612681739078695,0.777023189056329,0.5685113439288573,0.1433942156274742,0.17282983626649837,0.8296843324524208,-0.04537742700066327,0.0,0.04658057314565005,-0.04537742700066327,0.0,0.8203722210177067,0.1330472058366434,0.046580573145650055,0.0
2016-03-07 00:00:00+00:00,355.0,358.5,351.75,353.5,21105,34.0,0.1075375966981683,359.4,361.665,358.79903283015483,369.0168711402621,349.7831288597379,-2.941234948411477,-2.2831595745317146,-0.6580753738797624,0.0042432814710042,-0.0366350067842605,9.409071402857142,6.600000337142864,1.9732972309795918,14.358356949999997,22.962858305714303,1.7473176396734693,0.0,4.2,0.0,0.0,4.012400150299072,4.014100074768066,3.650500059127808,3.768800020217896,0,30.953188759070716,0.1889704099414217,3.9646999835968018,3.886199951171875,0.0032337087709594,0.1755039857379658,236.916,0.1653102209068668,1.3730868138309926,0,0,0,0,0,0,3,10,1.0,6.123233995736766e-17,0.9350162426854148,0.3546048870425355,17.350000381469727,-0.1692683754366397,20.669999599456787,1.0,1337.9240071773531,0.15806065618907322,353.5,367.5,3.2197857185714285,81.6171424937143,10.294236982752201,31.845645600092315,1524.1391609114303,1295.3929084438191,57.18656311690274,1394.629067002031,31.597761443475463,0.2911048163231441,0.26183441387295625,0.24504775032383339,1.1879513444172916,0.019014084507042252,0.027276909890381413,0.03212276613963834,0.5919190926832616,0.029094852320360597,0.5684970202451122,0.20163806617319324,0.1795092093922495,1.1232741519118832,-0.020930184951698405,0.0,0.14227652336916832,-0.020930184951698405,0.0,0.5735889524289087,0.284134524201923,0.14227652336916832,0.0
2016-03-14 00:00:00+00:00,366.75,367.75,354.25,355.0,165341,60.215053763440864,0.1139486815105948,359.925,361.675,360.4763379729623,370.4782484398722,349.3717515601278,-0.2663876293010503,-1.601182121273058,1.3347944919720076,0.0330985915492958,0.0180430256766135,16.4862142,11.842857192571435,2.229709299102041,12.875499997142857,13.745714760000013,1.9463428901836735,0.0,0.4,0.4,0.0,3.781899929046631,3.797800064086914,3.571700096130371,3.571700096130371,0,15.696051215278416,0.1995170094657491,3.768800020217896,3.987499952316284,-0.0072175441250666,0.1978044301554309,237.111,0.0823076533454925,1.0177997801654737,0,0,0,0,0,0,3,11,1.0,6.123233995736766e-17,0.970941817426052,0.239315664287558,16.920000076293945,-0.0250961696924201,18.549999713897705,1.0,1309.9210102558136,-0.8040620658521525,355.0,353.5,-0.6394999828571429,58.254284617142865,10.460770080454825,30.677908126537975,1529.0350894813776,1233.6616156811476,73.84336845005747,1360.7458443035441,23.993289324664886,0.26807931727390566,0.26325117717258195,0.24313558509878114,1.1025918157519896,0.03680981595092025,0.027875588056410872,0.03217522052626108,1.1440420270144285,0.23990814652561535,-0.027878993042757278,0.24314729877798427,0.19762332100904142,1.2303572535515055,0.021432911325693693,1.0,0.5797252368299913,0.021432911325693693,1.0,0.1392365351920935,0.2810382279779152,0.5797252368299913,2.0
2016-03-21 00:00:00+00:00,369.5,372.0,365.75,367.75,618341,87.95180722891567,0.105289915081288,360.575,363.12,363.5837856307946,372.6799141826988,348.4700858173012,1.7622258408725884,0.3428153923363441,1.4194104485362442,0.0074982958418541,0.0109439124487005,11.237642831428571,19.579999330285723,2.3544171294285716,14.002642687142856,32.89142828457144,2.3092531320204084,0.0,3.0,0.0,0.0,3.659899950027466,3.846999883651733,3.599299907684326,3.6210999488830566,0,25.469567735560062,0.235461747386509,3.571700096130371,4.024600028991699,-0.0117735150245101,0.1984397666379716,237.111,0.0823076533454925,1.0177997801654737,0,0,0,0,0,0,3,12,1.0,6.123233995736766e-17,0.992708874098054,0.120536680255323,13.789999961853027,-0.2045526696482431,17.15249991416931,0.0,1337.9964311122894,-1.2596591557965024,366.75,355.0,-2.7759286092857143,25.66571385142859,10.689277990563731,30.82071587866917,1424.393077806336,1269.2883685671268,38.77617730980229,1351.6460790270423,14.458350152133264,0.28563186160485005,0.26771432627460917,0.24432933591959144,1.1690444327504206,0.016914749661705007,0.02847108154275884,0.03142733251133836,0.5382176254833668,0.9112751959247948,0.04516127122083094,0.23587251091953848,0.1996402358115148,1.1814877804860622,0.01998535821627212,1.0,0.56199630059098,0.01998535821627212,1.0,0.14813955966738843,0.2898641397416315,0.56199630059098,2.0
2016-03-28 00:00:00+00:00,370.5,372.0,366.0,369.0,548537,85.22727272727272,0.0779250491821673,362.9375,364.23,365.631195475089,376.37730243440166,349.49769756559834,2.3811254726244897,1.4535433933700992,0.9275820792543904,0.0095367847411445,0.0421940928270041,13.163357225714284,15.997142667428577,2.592016781877551,7.644071430000001,32.608570401714296,2.464458371142857,0.0,2.0,0.0,0.0,3.612499952316284,3.715800046920776,3.573699951171875,3.683500051498413,0,42.998561962189584,0.2558014806741818,3.6210999488830566,3.951900005340576,0.0001380791156018,0.2452656720781318,237.111,0.0823076533454925,1.0177997801654737,0,0,0,0,0,0,3,13,1.0,6.123233995736766e-17,1.0,-1.6081226496766366e-16,15.239999771118164,0.0999798462010744,15.825000047683716,1.0,1364.736769080162,-0.06849974178531251,369.5,366.75,-7.2566427697142855,5.468571337142874,10.492813051172522,30.936061331768858,1382.407409651452,1292.881699161357,22.381427622523756,1356.8823550482905,37.43831729763318,0.25236338622008103,0.25669722513481136,0.23489239103872428,1.0743786734015142,0.016194331983805668,0.026131716647002968,0.029919394032137375,0.5412651925289296,0.8523002669609582,0.05557744725734435,0.24465525813834915,0.19935256955327024,1.2272490212396439,-0.07822613579342363,0.0,0.009365556896202797,-0.07822613579342363,0.0,0.9593519363361229,0.03128250676767428,0.009365556896202797,0.0
2016-04-04 00:00:00+00:00,354.5,374.0,347.25,370.5,1363741,33.557046979865774,0.1446118121983419,364.4375,363.735,363.0339782205857,377.5150772342527,351.35992276574734,-0.837573279765536,0.8619812442733129,-1.6995545240388488,-0.0431848852901484,0.0021201413427562,14.35621421142857,25.217142691428577,2.804273275346939,13.419785657142857,43.30285638571429,2.6061007696326532,0.0,1.6,0.0,0.0,3.6405999660491934,3.6772000789642334,3.5297000408172607,3.5485999584198,0,40.13352682740469,0.2494728054376978,3.683500051498413,3.796099901199341,0.0017117866400947,0.2661022823256566,237.111,0.0823076533454925,1.0177997801654737,1,0,0,1,0,0,4,14,0.8660254037844387,-0.4999999999999998,0.992708874098054,-0.1205366802553228,14.119999885559082,-0.0763313112797918,15.017499923706056,0.0,1257.978685259819,0.08887101066397748,370.5,369.5,2.0297857431428574,6.177143157142871,10.68164999349319,31.733919077184694,1408.9565911718005,1226.3598566822416,45.649183622389714,1317.320887132902,28.91479726625461,0.31731375243717924,0.27986473317131777,0.268569168999215,1.1814972723959019,0.07545839210155147,0.03287827484100492,0.0320603691927705,2.3536337997701247,2.1040646786421777,0.04874361900300479,0.25153759976187434,0.2042517061046693,1.2315078891820583,0.017009957785964813,1.0,0.5251033475938616,0.017009957785964813,1.0,0.1679120394726248,0.30698461293351365,0.5251033475938616,2.0
2016-04-11 00:00:00+00:00,356.75,362.75,353.5,354.5,1142280,35.59322033898306,0.1874726483584086,364.1375,362.76,361.492245157016,377.3278822618066,350.94711773819336,-1.3360738439107536,-0.5580176995689465,-0.778056144341807,0.0063469675599436,-0.0158620689655172,10.980499968571428,16.35142879028572,2.9887979951020407,14.524071324285714,44.2028572937143,2.9790824442857144,0.0,3.2,0.0,0.0,3.618000030517578,3.704900026321411,3.504300117492676,3.586199998855591,0,47.74820210013251,0.256011351559067,3.5485999584198,3.614000082015991,-0.0106236291172688,0.2420875096775273,237.111,0.0823076533454925,1.0177997801654737,1,0,0,2,0,0,4,15,0.8660254037844387,-0.4999999999999998,0.970941817426052,-0.2393156642875575,16.260000228881836,0.141115894235823,14.852499961853027,1.0,1279.376849591732,-1.1446705650723725,354.5,370.5,9.555499937714288,9.782857297142872,10.929548143866901,32.53836670405757,1409.5136011738157,1210.5307663481856,49.745708706407555,1302.143272116434,41.653324142641374,0.3185915333764643,0.291159346957011,0.2698139337656535,1.1807823158805184,0.02592852137351086,0.03426116221429864,0.03209743515252841,0.807806392387227,1.7410198656237477,-0.0006486174200766923,0.23850518716001748,0.19727355225115786,1.2090073522186708,0.05153611456563212,1.0,0.8613807582691249,0.05153611456563212,1.0,0.0346629564747661,0.103956285256109,0.8613807582691249,2.0
2016-04-18 00:00:00+00:00,381.0,384.0,356.75,357.0,1548832,56.45161290322581,0.2215388106426238,365.675,363.05,366.718021479156,382.7607743228854,348.5892256771146,2.9635117898081376,0.7583829624137197,2.205128827394418,0.0679747722494743,0.0339213025780189,20.906214342857144,7.820000023428577,3.773975817142857,13.39692848857143,26.377143253714298,3.132666181836735,0.0,0.0,1.0,0.4,3.487299919128418,3.6013998985290527,3.4463999271392822,3.5309998989105225,0,38.35614981710359,0.2387222376549954,3.586199998855591,3.6205999851226807,-0.0265258844948465,0.2639516792548456,238.132,0.4306000143392774,0.8525362211427412,1,0,0,3,0,0,4,16,0.8660254037844387,-0.4999999999999998,0.9350162426854148,-0.3546048870425354,13.350000381469728,-0.1971917047752685,14.742500066757202,0.0,1345.310961484909,-3.0831884638239275,356.75,354.5,3.5183570405714284,37.05428571657144,11.088733972557517,32.14086841693865,1414.3090701869019,1209.3925625214092,51.22912691637311,1319.4103478638242,51.65613984795242,0.36313992473401624,0.3107166832385469,0.2779601250687437,1.306446065167605,0.07152230971128609,0.04120366096637181,0.03450916707644888,2.0725591210952743,2.173274814590329,-0.07953868867448834,0.1690422776350309,0.1867212903146076,0.9053186612893697,-0.0017273879892940602,0.0,0.30229998095336336,-0.0017273879892940602,0.0,0.3399245196899028,0.35777549935673386,0.30229998095336336,1.0
2016-04-25 00:00:00+00:00,377.0,402.0,368.5,380.0,987798,63.10679611650486,0.2665887094343105,368.875,365.11,372.6292580096615,393.231183695574,344.518816304426,4.841778935335299,3.689809248700391,1.1519696866349078,-0.010498687664042,0.0189189189189189,20.73764282857143,24.348571396000004,3.638129613469388,23.74621445714286,16.188571436571443,4.06718749,0.0,0.0,0.4,0.0,3.608299970626831,3.6122000217437744,3.5030999183654785,3.562299966812134,0,45.66282738291446,0.2382991247303372,3.5309998989105225,3.6772000789642334,0.016706267953491,0.2275234004180891,238.132,0.4306000143392774,0.8525362211427412,1,0,0,4,0,0,4,17,0.8660254037844387,-0.4999999999999998,0.8854560256532099,-0.4647231720437685,14.079999923706056,0.0532389318905228,14.452500104904177,0.0,1342.9870874881744,1.2400267810098224,381.0,356.75,-3.3152142071428576,5.491428613714299,11.905345616724315,31.11168796659238,1395.314476233788,1217.5123156785294,44.45054013881468,1328.8410437135644,44.46331328835409,0.35759597352270106,0.30917631034077636,0.27718773975401345,1.2900857770231362,0.08885941644562334,0.05559259432315548,0.03688293844147089,2.4092275753559473,1.2992354579672698,-0.0677047493627921,0.1636447022609404,0.18475047341298517,0.8857606174438766,-0.002484659927900923,0.0,0.29437426753121493,-0.002484659927900923,0.0,0.34847097540431693,0.35715475706446814,0.29437426753121493,1.0
2016-05-02 00:00:00+00:00,390.25,392.0,374.0,377.25,302871,67.97385620915033,0.2670721071611538,375.4,367.32,378.1329183897423,399.58427066029446,351.2157293397055,6.171885531779935,4.974272400508179,1.1976131312717566,0.0351458885941644,0.1024011299435028,15.059071334285715,49.31428595771429,2.944911178612245,21.184071385714287,70.40285694514287,3.2404699306734694,0.0,1.0,0.0,0.0,3.549799919128418,3.552299976348877,3.412899971008301,3.432800054550171,0,43.53677396151771,0.2335934059213493,3.562299966812134,3.5864999294281006,0.0106961865317149,0.2345116771123247,238.132,0.4306000143392774,0.8525362211427412,1,0,0,5,0,0,5,18,0.4999999999999999,-0.8660254037844387,0.8229838658936565,-0.5680647467311557,14.68000030517578,0.0417306986636176,14.59250020980835,0.0,1339.6502212882042,0.6390186388322125,377.0,381.0,11.541928495714286,8.445714637142867,12.50397308569141,33.646602094240805,1390.2742408494237,1263.3883190770862,31.721480443084392,1333.1647147434205,93.91272547711642,0.34929347581837505,0.2908594093887529,0.2621522838453117,1.3324067117432237,0.04612427930813581,0.0615785837880215,0.03729000374937931,1.236907007278954,0.3941379862292206,-0.04742007311786688,0.16908457365714347,0.1897737517514129,0.8909797228904043,-0.039482652854787026,0.0,0.06156427343955867,-0.039482652854787026,0.0,0.7727899999730071,0.1656457265874342,0.06156427343955867,0.0
2016-05-09 00:00:00+00:00,367.75,393.5,367.0,390.25,20618,40.23323615160351,0.2841075741903455,378.9875,368.675,376.125707491544,395.15233757066994,362.8226624293301,1.789843518290695,3.760701961925124,-1.970858443634429,-0.0576553491351697,0.0151828847481021,20.54192862857143,29.86571415771429,3.3782736344897963,14.77121402857143,107.9942855537143,2.7818224773673466,0.0,0.0,0.0,0.0,3.496900081634521,3.664099931716919,3.473900079727173,3.499000072479248,0,37.20876896762236,0.2286836056522113,3.432800054550171,3.6826000213623047,-0.013569838021265,0.235639974907581,238.132,0.4306000143392774,0.8525362211427412,1,0,0,6,0,0,5,19,0.4999999999999999,-0.8660254037844387,0.7485107481711013,-0.663122658240795,14.56999969482422,-0.0075214447132862,14.170000076293944,0.0,1286.7572766542435,-1.7875838164657774,390.25,377.0,14.358356949999997,22.962858305714303,12.650246694909477,38.44322683356168,1384.7613468985116,1272.591426559254,28.04248008481442,1314.6017395077497,52.964317490044344,0.2375112836759039,0.2822899257701973,0.265834140116893,0.8934566291481553,0.07205982324949015,0.06089887001760924,0.03860804867529468,1.8664451340466197,0.028346124353531517,-0.047066994371136,0.16624884203792978,0.17694861193070302,0.9395317139177071,0.08093330967603185,1.0,0.9643142398921457,0.08093330967603185,1.0,0.00818961153042833,0.027496148577425994,0.9643142398921457,2.0
2016-05-16 00:00:00+00:00,394.0,394.25,367.0,367.75,319579,57.014925373134325,0.3061815692866593,381.1875,371.55,379.047122413012,396.5445445005342,365.8304554994658,3.238590013250075,2.773031919900493,0.465558093349582,0.071380013596193,0.0409511228533685,18.15192855714286,46.68285818314286,3.5177022791836734,20.22978567857143,32.82285793657144,3.9990827389387755,0.0,0.0,0.0,0.0,3.5139000415802,3.5302000045776367,3.422499895095825,3.5302000045776367,0,47.811007461047694,0.1922737378087607,3.499000072479248,3.4725000858306885,-0.0096984072302439,0.2111959418806353,239.261,0.4741067979104008,1.125110418894426,1,0,0,7,0,0,5,20,0.4999999999999999,-0.8660254037844387,0.6631226582407952,-0.7485107481711012,14.68000030517578,0.0075214447132861,14.50250005722046,0.0,1390.8988018035889,-1.4439475209347907,367.75,390.25,12.875499997142857,13.745714760000013,13.139249209984442,38.08062238859457,1425.196779791537,1254.9499138255685,42.56171649149213,1345.1205644260856,64.01019744966088,0.33855471527224285,0.32491141754485314,0.2891990984375058,1.1706630670523057,0.06916243654822335,0.06954565305255174,0.0401271123309607,1.7235832656472352,0.4411432296111529,0.44770322003747964,0.1645906454584027,0.1774802919486811,0.9273741573078603,0.017267474295691754,1.0,0.5283131080790792,0.017267474295691754,1.0,0.16612074437012625,0.3055661475507946,0.5283131080790792,2.0
2016-05-23 00:00:00+00:00,397.75,400.5,385.5,392.5,941278,61.67664670658683,0.3018541793654522,384.5,375.1,385.6021930553962,403.43409622881126,365.5659037711888,5.831862132947606,4.496253268374821,1.3356088645727846,0.0095177664974619,0.0699394754539342,21.246214285714284,10.56571425285715,3.893615424489796,15.991214042857141,90.73143046857143,3.3478449773469388,0.0,0.0,0.0,0.0,3.4955999851226807,3.612799882888794,3.476799964904785,3.557300090789795,0,57.600016689316455,0.1708535991684097,3.5302000045776367,3.524399995803833,0.0151559448832541,0.1933222529785537,239.261,0.4741067979104008,1.125110418894426,1,0,0,8,0,0,5,21,0.4999999999999999,-0.8660254037844387,0.5680647467311558,-0.8229838658936564,15.81999969482422,0.0747888990740931,14.9375,1.0,1414.916111111641,1.0414876904150092,394.0,367.75,14.002642687142856,32.89142828457144,13.323246941137521,41.47744871633501,1471.979568621684,1244.1316368071548,56.96198295363231,1373.038783100308,69.50473238463812,0.31168275296816933,0.31954988722334526,0.2892967957584394,1.077380554379235,0.03771213073538655,0.06278361725737183,0.04009237747370442,0.9406307060192156,1.260195903256768,0.5492312266980746,0.1588177730025407,0.17687480902870445,0.8979105893912841,0.05276453654966429,1.0,0.8685532223385848,0.05276453654966429,1.0,0.03266543832863316,0.0987813393327821,0.8685532223385848,2.0
2016-05-30 00:00:00+00:00,412.75,413.5,394.5,397.25,729344,78.125,0.2798696568572437,388.65,378.125,392.4712280437281,414.7718803224576,362.5281196775424,8.329647745813759,6.186591807169653,2.143055938644106,0.0462610899873257,0.0665374677002583,26.3633572,33.22285782571429,4.42755858244898,24.387642685714287,22.71428603085716,4.083489945918367,0.0,0.0,0.6000000000000001,0.0,3.5662999153137207,3.624200105667114,3.539599895477295,3.6089000701904297,0,64.8314402906156,0.1630103938839217,3.557300090789795,3.479700088500977,-0.0010114586273331,0.1702600439184864,239.261,0.4741067979104008,1.125110418894426,1,0,0,9,0,0,5,22,0.4999999999999999,-0.8660254037844387,0.464723172043769,-0.8854560256532096,13.119999885559082,-0.1871371682556911,14.547499895095823,0.0,1489.5735039710999,-0.5752526606437107,397.75,394.0,7.644071430000001,32.608570401714296,14.037078924658603,40.266922091465474,1563.1588368384892,1227.9140099317974,83.81120672667295,1419.6526714486247,79.31519458983891,0.3319532652764114,0.33402209499804647,0.3002077601672627,1.1057450814529601,0.04603270745003028,0.054218275458253216,0.04107915854627701,1.120585179278226,0.9804961861026111,0.47263855732809956,0.16312783919827878,0.17778510680887882,0.9175562168887467,0.010921968838935925,0.0,0.449200491359313,0.010921968838935925,0.0,0.2148223750419124,0.3359771335987746,0.449200491359313,2.0
2016-06-13 00:00:00+00:00,430.0,439.25,420.0,426.25,1473515,74.71264367816092,0.2288553007644262,410.6875,389.26,412.1322954302344,438.0379907105324,383.3370092894676,11.93707088289159,10.829496930684217,1.1075739522073729,0.0064365125804564,0.1161583387410771,29.434785857142856,7.3428570342857205,5.642291618367347,25.2997859,31.439999645714302,4.888134251020409,4.4,0.0,0.4,0.0,3.4837000370025635,3.509500026702881,3.335700035095215,3.415800094604492,0,31.12951079749241,0.1597991241342506,3.524499893188477,3.477099895477295,-0.0156521976792708,0.1423711898306537,240.229,0.4045790998115084,1.019322554193569,0,0,0,0,0,0,6,24,1.2246467991473532e-16,-1.0,0.2393156642875576,-0.970941817426052,20.96999931335449,0.4293533184851771,15.889999628067017,1.0,1468.7940406799316,-1.9697988677385883,427.25,412.75,14.524071324285714,44.2028572937143,15.430864236905782,42.34655731120935,1548.9717167554504,1390.591400808274,39.59507898679404,1459.9947970410242,75.62472919691945,0.2846058548893612,0.2608155079213772,0.29161990698762597,0.9759479319152182,0.044767441860465114,0.05193985847388248,0.04330787509046842,1.0337018713092947,1.8942684980956028,0.6394544810076533,0.15170026928616193,0.17764786965725535,0.853937967505408,-0.02120924295930926,0.0,0.14058228024887465,-0.02120924295930926,0.0,0.5769980621979997,0.2824196575531257,0.14058228024887465,0.0
2016-06-20 00:00:00+00:00,421.25,439.0,420.5,429.5,1003228,59.32203389830508,0.2217915356445767,419.425,396.395,418.9756465578368,443.7171364794952,395.1328635205048,10.39344542455973,11.181129977780287,-0.7876845532205596,-0.0203488372093023,0.080128205128205,30.50478562857143,19.397142055714294,6.028056729795919,31.772642914285715,12.208570931428579,6.114594664897959,3.6,0.0,0.0,0.0,3.47790002822876,3.5102999210357666,3.3703999519348145,3.412800073623657,0,32.487542975048044,0.162741269750846,3.415800094604492,3.5608999729156494,0.0058429290334495,0.1620319537517483,240.229,0.4045790998115084,1.019322554193569,0,0,0,0,0,0,6,25,1.2246467991473532e-16,-1.0,0.120536680255323,-0.992708874098054,18.3700008392334,-0.1323738672576149,16.52749991416931,1.0,1437.6420310139654,0.17971380353344157,430.0,427.25,13.39692848857143,26.377143253714298,16.48517253867223,40.402171093158984,1534.3066266624342,1416.6194508524527,29.42179395249538,1451.053690630201,57.14081127998748,0.22564736227277127,0.2739459474791452,0.29207912645488726,0.7725555649457467,0.04391691394658754,0.04689075395355532,0.04449361977769679,0.9870382381929572,1.2803829606357517,0.6520461474664901,0.14328362044112342,0.17648796952928106,0.811860506439484,-0.09754553949095379,0.0,0.003585458653249488,-0.09754553949095379,0.0,0.9841292113728679,0.012285329973882604,0.003585458653249488,0.0
2016-06-27 00:00:00+00:00,385.25,422.25,373.5,420.5,973182,29.36893203883496,0.3444525419596586,415.6875,398.41,407.0370644521802,450.77118754251126,380.6038124574888,-2.1584692457824417,4.484391466782518,-6.64286071256496,-0.085459940652819,-0.0563380281690141,30.009071228571425,22.408570550000007,6.042903848163265,30.970499757142857,43.58856973714287,5.951704817346939,3.6,0.0,0.0,0.0,3.390399932861328,3.44320011138916,3.3152999877929688,3.3677000999450684,0,37.26561054074117,0.1642193767589502,3.412800073623657,3.58270001411438,-0.014082259112057,0.1604094006742717,240.229,0.4045790998115084,1.019322554193569,0,0,0,0,0,0,6,26,1.2246467991473532e-16,-1.0,-3.216245299353273e-16,-1.0,23.850000381469727,0.2610652884168575,19.210000038146973,1.0,1297.4064635038376,-1.8128050110172085,421.25,430.0,23.74621445714286,16.188571436571443,17.419709778573562,40.607745199222464,1609.5198665178539,1245.3226907634019,91.04929393861302,1389.5947997796557,7.2401867099021615,0.4090826662830655,0.3583587486829676,0.3264711834545566,1.2530436819075985,0.12654120700843607,0.06465656920816523,0.04912985887207995,2.57564715545879,1.2439208825099182,0.6005089714221599,0.13131944865435408,0.1743881040170047,0.7530298116622159,-0.12101421261686374,0.0,0.0011117465899252287,-0.12101421261686374,0.0,0.9950367091465545,0.0038515442635202613,0.0011117465899252287,0.0
2016-07-04 00:00:00+00:00,353.0,398.25,352.0,383.0,265232,16.952789699570815,0.3447724458212091,406.575,396.91,393.52003936874326,460.8596057465128,352.2903942534872,-10.591167528729102,-2.6544213337822087,-7.936746194946894,-0.081924577373212,-0.1499096929560506,23.80049997142857,33.58571309428572,5.169176674204081,30.166928128571435,61.68856898857145,5.752159423755102,0.0,0.0,0.0,0.0,3.387700080871582,3.3926000595092773,3.1907999515533447,3.230600118637085,0,22.061218670819716,0.1863787202755341,3.3677000999450684,3.5801000595092773,0.0091578806951401,0.1678055608531641,240.229,0.4045790998115084,1.019322554193569,0,1,0,0,1,0,7,27,-0.4999999999999997,-0.8660254037844388,-0.1205366802553228,-0.992708874098054,14.770000457763672,-0.4791861057927989,19.49000024795532,0.0,1140.401841878891,0.5112089697025016,385.25,421.25,21.184071385714287,70.40285694514287,18.242110962444393,41.9677983469224,1636.5350427757562,1035.5871457625567,150.23697425329993,1289.91761661935,0.0,0.4281438350488632,0.4580862305060732,0.3823533053703447,1.1197597034935245,0.13101983002832862,0.0816539937238249,0.054983986261998116,2.382872088889658,0.3513385649352456,0.5710099356799319,0.11367935396382221,0.17726763013638347,0.6412865533515386,-0.0059781484745234925,0.0,0.25943496063725585,-0.0059781484745234925,0.0,0.3891010276757705,0.35146401168697367,0.25943496063725585,0.0
2016-07-11 00:00:00+00:00,343.75,354.75,333.0,348.0,13949,13.953488372093034,0.356408235542042,385.225,393.11,373.2499493672918,456.1422794621852,314.3077205378148,-17.71880788133734,-12.081330381736551,-5.637477499600788,-0.0262039660056657,-0.1940211019929659,29.339071571428573,36.29999977428572,4.279620629795919,22.2076428,68.39142679428574,4.816785452204082,2.6,0.0,0.0,0.0,3.2885000705718994,3.363100051879883,3.254800081253052,3.2976999282836914,0,41.451437556563626,0.1981981086265641,3.230600118637085,3.395900011062622,0.0076750674332362,0.1938957736137202,240.229,0.4045790998115084,1.019322554193569,0,1,0,0,2,0,7,28,-0.4999999999999997,-0.8660254037844388,-0.2393156642875574,-0.970941817426052,13.539999961853027,-0.086949862869314,17.632500410079956,0.0,1133.584350347519,0.3629276435121116,353.0,385.25,14.77121402857143,107.9942855537143,18.49795172615766,43.67254856933294,1542.0881800558182,962.4291633162883,144.9147541848825,1227.3843101106177,0.0,0.39759927020300667,0.4575422916931301,0.3740437560666745,1.0629752619166317,0.06327272727272727,0.0819036240233089,0.056753064802505235,1.114877519727517,0.019818954018435083,0.571810511717371,0.17752795837715607,0.18069066029630437,0.9824965400041854,0.031900412387705135,1.0,0.6995215616924831,0.031900412387705135,1.0,0.08746237477740176,0.21301606353011515,0.6995215616924831,2.0
2016-07-18 00:00:00+00:00,357.0,374.5,339.75,343.0,298993,37.188208616780045,0.4157800201783335,366.65,390.775,367.0064889135703,412.8234145426604,320.4765854573396,-12.937397613328985,-13.567857012064088,0.6304593987351037,0.0385454545454544,-0.1604938271604938,28.264785600000003,27.882857220000012,5.079314677142857,28.250500199999998,55.73714344571431,4.472860763142856,1.6,0.0,0.0,0.0,3.305799961090088,3.308900117874145,3.211999893188477,3.276599884033203,0,38.69606827043979,0.1873900968561327,3.2976999282836914,3.461199998855591,-0.0190430549472339,0.1993555363211133,241.018,0.3284366167281893,0.9973264945230876,0,1,0,0,3,0,7,29,-0.4999999999999997,-0.8660254037844388,-0.3546048870425356,-0.9350162426854148,12.4399995803833,-0.084731211086988,16.15000009536743,0.0,1169.7461585998535,-2.232742111451579,343.75,353.0,20.22978567857143,32.82285793657144,19.127148401889425,44.450909529099484,1338.037808198498,1032.5315989665526,76.37655230798639,1204.329049506312,10.628964368636531,0.4875920246938678,0.46533123197413334,0.37460448802002055,1.3016181793626214,0.09733893557422969,0.09241792276606182,0.05953373152463962,1.6350213018938744,0.43374706615464315,0.512188156382562,0.16215992681012115,0.18069137828349044,0.8974413686816392,-0.06950787518791013,0.0,0.014408924597931576,-0.06950787518791013,0.0,0.9385085461845165,0.04708252921755191,0.014408924597931576,0.0
2016-07-25 00:00:00+00:00,334.75,356.5,326.75,356.5,487092,45.01347708894879,0.3839368992870222,351.7,386.81,354.9296544557548,383.82172571889726,319.5782742811027,-14.503583542275637,-14.018223155614294,-0.4853603866613412,-0.0623249299719887,-0.1355713363460297,31.271928571428568,33.41428577542858,4.889232502040817,28.814071614285716,61.408571177142875,5.068565834897959,4.6,0.0,0.0,0.0,3.24810004234314,3.289599895477295,3.22979998588562,3.251499891281128,0,43.812674627779714,0.1838599087821681,3.276599884033203,3.336999893188477,0.0086437049232396,0.1878808672110254,241.018,0.3284366167281893,0.9973264945230876,0,1,0,0,4,0,7,30,-0.4999999999999997,-0.8660254037844388,-0.464723172043768,-0.8854560256532101,12.869999885559082,0.03398195913618,13.40499997138977,0.0,1088.4395886063576,0.5359338755957708,357.0,343.75,15.991214042857141,90.73143046857143,19.75211118978596,45.54495221607003,1200.284160469073,1065.8018092472375,33.62058780545884,1157.9732651463303,12.8556809979885,0.4823670985590602,0.42665913221300494,0.38376307408317145,1.2569398114762875,0.0888722927557879,0.1014089985279019,0.06302664193707691,1.4100747862113026,0.6835179313441102,0.36323580501085523,0.15956294486085573,0.16665291571904406,0.957456607331688,-0.02847187050544664,0.0,0.1021469890190772,-0.02847187050544664,0.0,0.6623073420440303,0.2355456689368925,0.1021469890190772,0.0
2016-08-01 00:00:00+00:00,325.75,338.5,325.5,333.5,450761,35.0,0.3654408993328323,341.9375,380.755,345.75986758609537,363.7488170770093,320.1261829229907,-13.565549826493168,-13.871706536589532,0.3061567100963653,-0.0268857356235997,-0.0919860627177699,28.184785657142857,11.602857642571443,4.915318280816327,30.6397858,61.52285792800003,4.953068770408164,1.2000000000000002,0.0,0.0,0.0,3.283400058746338,3.288599967956543,3.226599931716919,3.24620008468628,0,38.55964943659463,0.1504843162791956,3.251499891281128,3.205899953842163,-0.0052453598182292,0.1784125277374049,241.018,0.3284366167281893,0.9973264945230876,0,1,0,0,5,0,8,31,-0.8660254037844385,-0.5000000000000004,-0.5680647467311556,-0.8229838658936566,12.4399995803833,-0.0339819591361801,12.822499752044678,0.0,1057.4496775865557,-0.8529725985511094,334.75,357.0,24.387642685714287,22.71428603085716,20.45454180979977,46.57578484264616,1211.1715995092663,1013.4382880608763,49.433327862097535,1117.7638301224204,23.288762784976583,0.4462630936947924,0.4134088934657946,0.38456223666124384,1.1604443690695931,0.039907904834996163,0.08408233809321392,0.0631815463812807,0.6316385211241804,0.620117553259498,0.3754421736527423,0.16055736830398587,0.1470278850173383,1.0920197713845534,-0.02783297993894318,0.0,0.10511417528389921,-0.02783297993894318,0.0,0.6551261234359427,0.2397597012801581,0.10511417528389921,0.0
2016-08-08 00:00:00+00:00,325.25,328.75,319.5,325.25,583308,30.12048192771084,0.3263181239710077,337.475,373.09,337.1662268807905,364.04412533477387,310.9058746652262,-12.62086262157112,-13.404374901947834,0.7835122803767138,-0.0015349194167306,-0.0700500357398141,28.903357314285717,9.285714291428585,4.6457102861224495,27.626928628571427,14.145714465142884,4.7113907500000005,2.8000000000000003,0.0,0.4,0.4,3.2569000720977783,3.2881999015808105,3.1398000717163086,3.1607000827789307,0,33.09188448267713,0.119600219445059,3.24620008468628,3.3610999584198,-0.0109373937813674,0.1401442275295747,241.018,0.3284366167281893,0.9973264945230876,0,0,0,0,0,0,8,32,-0.8660254037844385,-0.5000000000000004,-0.663122658240795,-0.7485107481711013,11.5,-0.0785700182105824,12.31249976158142,0.0,1028.0177019238472,-1.4221759948649293,325.75,334.75,25.091214314285715,84.16000205371431,20.91727644326891,44.48352223764595,1208.095704815684,963.7308585426227,61.091211568265344,1081.865378842991,20.328154700821642,0.2719851495280457,0.3602319366813557,0.38158473185546243,0.7127778438034844,0.02843966179861645,0.06356630444727149,0.06375779198812628,0.4460577515503564,0.8044025438243637,0.4931516365351719,0.12186248451433143,0.14754561667783808,0.8259308476856105,0.013307703652177816,0.0,0.4788589077462733,0.013307703652177816,0.0,0.19538606092931518,0.32575503132441147,0.4788589077462733,2.0
2016-08-15 00:00:00+00:00,326.5,329.0,312.0,325.25,617882,42.6829268292683,0.2362558328341256,328.85,364.085,331.6183187470874,341.6771915128612,316.0228084871389,-10.198655328443692,-11.903677087332696,1.7050217588890035,0.0038431975403536,-0.0731014904187367,29.2090714,27.11999917714287,4.450428081632653,26.80621461428571,28.04285667714288,4.666923989795919,3.0,0.0,0.6000000000000001,0.0,3.16729998588562,3.191699981689453,3.1012001037597656,3.190500020980835,0,35.22579047431532,0.1102647873225746,3.1607000827789307,3.2483999729156494,-0.0082550779859037,0.1071658345208481,240.628,-0.1618136404749948,0.8271388704987004,0,0,0,0,0,0,8,33,-0.8660254037844385,-0.5000000000000004,-0.7485107481711011,-0.6631226582407952,11.8100004196167,0.0265996303706924,12.15499997138977,0.0,1041.6982568502426,-0.6636941581153752,325.25,325.75,25.2997859,31.439999645714302,21.29720793817322,43.42283413696833,1105.8546093107714,1001.9480031727302,25.976651534510278,1065.7985300458918,8.802935418826124,0.29186864992208117,0.36208008342861536,0.3801761133181985,0.7677195700104342,0.05206738131699847,0.061325235256125724,0.06555144445478592,0.794297880192909,0.8480265172811765,0.48207345638250637,0.09437116581603731,0.1446272773925432,0.6525128661225446,0.02515253781923299,1.0,0.6242499977563801,0.02515253781923299,1.0,0.11840447020687249,0.25734553203674737,0.6242499977563801,2.0
2016-08-22 00:00:00+00:00,333.25,334.75,324.25,326.75,412164,65.78947368421052,0.1584503482328476,327.55,354.515,331.67089744630323,337.4649010665895,317.6350989334105,-5.422883904926096,-8.537847326344446,3.1149634214183504,0.0206738131699846,-0.0052238805970149,26.833357114285715,42.9342867657143,3.913869661632653,26.965499899999998,70.69428376571432,4.280486181836735,0.8,0.0,0.0,0.0,3.185100078582764,3.2441000938415527,3.155100107192993,3.2044999599456787,0,41.23577533302992,0.1222508790207458,3.190500020980835,3.2685999870300293,0.0162733924866218,0.1208430824187344,240.628,-0.1618136404749948,0.8271388704987004,0,0,0,0,0,0,8,34,-0.8660254037844385,-0.5000000000000004,-0.8229838658936564,-0.5680647467311559,12.270000457763672,0.0382106302904753,12.005000114440918,0.0,1067.8996116518974,1.7891528891371749,326.5,325.25,31.772642914285715,12.208570931428579,21.66290419377495,45.18228250011323,1083.8271394733504,1013.7054845329211,17.530413735107306,1066.6389626882942,39.76111688216341,0.2781986831255096,0.38837804286828004,0.3665728646511208,0.7589178096995863,0.03150787696924231,0.04815902353512825,0.06335391869817046,0.4973310671758261,0.6052043308339832,0.4099221078495771,0.10085572186602246,0.13623965583390646,0.7402816297933266,-0.04711717542917726,0.0,0.04286623222915713,-0.04711717542917726,0.0,0.832835637176504,0.12429813059433888,0.04286623222915713,0.0
2016-08-29 00:00:00+00:00,311.75,333.0,310.75,333.0,489483,36.0,0.1620122283230433,324.9375,343.495,327.3113073099549,335.8737687277972,314.0012312722028,-6.275883048302489,-6.483391966467845,0.207508918165356,-0.0645161290322581,-0.0680119581464873,27.297643,28.80000026714287,3.7865122853061224,23.93407137142857,81.30000380571431,3.7143066748979594,0.4,0.0,0.0,0.0,3.1988000869750977,3.286799907684326,3.184400081634521,3.2641000747680664,0,66.05038595681387,0.1280524405086673,3.2044999599456787,3.281899929046631,-0.0103689178274096,0.1285862214200658,240.628,-0.1618136404749948,0.8271388704987004,0,0,0,0,0,0,8,35,-0.8660254037844385,-0.5000000000000004,-0.8854560256532096,-0.4647231720437691,12.9399995803833,0.0531659606145071,12.130000114440918,0.0,1017.5831983089447,-0.875078142265965,333.25,326.5,30.970499757142857,43.58856973714287,21.80943110846228,47.51245806821653,1082.3366177601306,995.2627666073354,21.76846278819883,1047.0166569365545,33.3376328156001,0.22360540319379058,0.3890297033761825,0.3694207113043537,0.6052865751663382,0.07137129109863673,0.04465882320369801,0.06562605718442675,1.0875448455270733,0.7549172149388615,0.42693456598525853,0.12274416172959748,0.13927776230363872,0.8812903861070064,0.012748277011374931,0.0,0.4718831562878362,0.012748277011374931,0.0,0.19982094184299878,0.32829590186916496,0.4718831562878362,2.0
2016-09-05 00:00:00+00:00,316.5,317.75,301.0,311.75,172377,40.99099099099099,0.1927424976479668,321.875,336.2,321.2195683894089,340.3151592641338,303.4348407358662,-7.767933237824479,-7.3824457503885315,-0.3854874874359479,0.000790513833992,-0.0132501948558066,26.121928571428572,13.805714511428585,3.642843202857143,27.89478588571428,44.179999834285745,3.7050196444897954,1.2000000000000002,0.0,0.0,0.0,3.229700088500977,3.278599977493286,3.201200008392334,3.256099939346313,0,63.26758413856126,0.1292462703815891,3.2641000747680664,3.1868999004364014,0.0110283845965737,0.1284599046445688,240.628,-0.1618136404749948,0.8271388704987004,0,0,1,0,0,1,9,36,-1.0,-1.8369701987210294e-16,-0.9350162426854148,-0.3546048870425359,11.979999542236328,-0.0770847021682337,12.25,0.0,1030.555630803108,1.264652100132365,311.75,333.25,30.166928128571435,61.68856898857145,22.20203464247854,47.29746076280164,1082.2002182517197,996.6681305553769,21.383021924085675,1040.432246483176,51.22996524807737,0.22648339400499848,0.36023467924269104,0.3570032470417049,0.6344014782434908,0.05292259083728278,0.04726176040415534,0.06469607124072659,0.8180184923467619,0.29742212418788444,0.3742161547081861,0.12298213494387038,0.13809134455114605,0.8905853327575295,0.045268359760460175,1.0,0.8195672001869464,0.045268359760460175,1.0,0.04682336117317158,0.13360943863988206,0.8195672001869464,2.0
2016-09-12 00:00:00+00:00,329.25,330.5,312.5,316.0,8480,46.72131147540984,0.2242575849490417,322.4125,330.95,322.89088249028293,341.7177181383901,303.1072818616099,-2.874868528333252,-5.501737534833094,2.6268690064998417,0.0402843601895734,0.0257009345794392,26.381928514285715,41.61142911800002,3.9346312669387755,25.421928599999998,31.251429133714314,3.854947303061224,1.2000000000000002,0.0,0.0,0.0,3.2671000957489014,3.302999973297119,3.1635000705718994,3.271699905395508,0,60.57970994461776,0.1378348315126327,3.256099939346313,3.138999938964844,0.000890997610295,0.1197464227392364,240.628,-0.1618136404749948,0.8271388704987004,0,0,1,0,0,2,9,37,-1.0,-1.8369701987210294e-16,-0.970941817426052,-0.2393156642875577,15.15999984741211,0.2354218156724157,13.087499856948853,1.0,1077.207193851471,0.2509134015044948,316.5,311.75,22.2076428,68.39142679428574,22.409769736512185,46.262232915763754,1105.7936338133625,990.8291834943482,28.74111257975355,1055.142225430494,63.041162402901996,0.2499280641580336,0.2715228357338084,0.3686106455188939,0.6780272366413538,0.05466970387243736,0.05250776881891952,0.0629865856120673,0.8679577510292279,0.015981777757925895,0.2864305993227589,0.05555562980748203,0.13721003765678189,0.40489476358502,0.022356612955343413,1.0,0.5909346826340381,0.022356612955343413,1.0,0.13379293426820887,0.2752723830977529,0.5909346826340381,2.0
2016-09-19 00:00:00+00:00,337.25,340.0,317.5,329.25,566425,68.88888888888889,0.2645409300872184,322.175,329.505,325.75084351324983,342.35126275973266,301.99873724026736,0.5062414431612297,-2.5086803737099523,3.014921816871182,0.0242976461655277,0.0158132530120482,24.973357314285717,42.71714323428573,3.185794004489796,23.569785885714285,109.82857328800003,3.6129398595918367,0.0,0.0,0.0,0.0,3.243299961090088,3.3643999099731445,3.243299961090088,3.265500068664551,0,54.53241668443928,0.1624565268660685,3.271699905395508,3.2379000186920166,0.0175134403517479,0.1439165041291928,240.849,0.0918430107884393,1.0628745027610351,0,0,1,0,0,3,9,38,-1.0,-1.8369701987210294e-16,-0.992708874098054,-0.1205366802553235,15.529999732971191,0.0241132498171487,13.902499675750732,1.0,1101.2898981571198,1.6595010243863506,329.25,316.5,28.250500199999998,55.73714344571431,22.484609488073612,50.36328713332739,1135.165451368821,978.1525091915006,39.253235544330146,1073.6012945211444,62.45691347939555,0.2533398559579124,0.2788129013678463,0.3722856747924618,0.6804985158082075,0.06671608598962195,0.05543750975344421,0.06401617594614159,1.0421752718250328,1.0416398483215508,0.30255896464517185,0.06068169773869996,0.12543098405314262,0.483785512478601,-0.03112448162412751,0.0,0.0906087954559406,-0.03112448162412751,0.0,0.6913042957616987,0.2180869087823607,0.0906087954559406,0.0
2016-09-26 00:00:00+00:00,329.0,342.25,328.5,336.0,662660,60.79295154185022,0.2718714021679701,324.8625,327.685,329.79038407040235,348.61144734514323,301.1135526548568,2.327587293211081,0.7903580561144329,1.5372292370966485,-0.0244625648628613,0.017001545595054,26.8290714,32.420000305714304,3.44981187877551,25.789785685714286,75.78571394857146,3.2272968497959185,1.0,0.0,0.2,0.0,3.2711000442504883,3.27209997177124,3.179500102996826,3.2432000637054443,0,47.37877112661571,0.1707439455757343,3.265500068664551,3.228300094604492,-0.0104489246793366,0.1696224062989852,240.849,0.0918430107884393,1.0628745027610351,0,0,1,0,0,4,9,39,-1.0,-1.8369701987210294e-16,-1.0,-1.8369701987210294e-16,14.5,-0.0686249705396812,14.292499780654907,0.0,1067.0128209590912,-1.1367354787220993,337.25,329.25,28.814071614285716,61.408571177142875,22.697846662114948,52.00344370205281,1127.8031518389396,1010.2296200464556,29.393382948120983,1070.9659050963232,70.94763529683803,0.2778492482337121,0.27095401333153335,0.3706021709258769,0.749723726772358,0.04179331306990881,0.05749459697357752,0.06250285043716253,0.6686624064497956,1.1506829238730303,0.27389059297449364,0.07122130626160514,0.12006601648847179,0.593184503098747,0.05705457616101861,1.0,0.8911681217184111,0.05705457616101861,1.0,0.02652643703621347,0.08230544124537542,0.8911681217184111,2.0
2016-10-03 00:00:00+00:00,346.0,347.75,325.0,329.25,868107,74.42922374429224,0.2432242859954065,331.275,327.035,331.9786661021212,346.6003316269509,315.94966837304906,2.793427479689456,1.6529610344348653,1.1404664452545905,0.0516717325227964,0.112540192926045,19.9719288,24.071428880000013,3.146893168979592,25.32335702857143,54.28857218857146,3.4228716604081635,0.0,0.0,0.8,0.8,3.2416000366210938,3.261199951171875,3.211199998855591,3.25979995727539,0,51.88099784039503,0.1681725659174693,3.2432000637054443,3.253200054168701,0.0081112657298961,0.1714006085858981,240.849,0.0918430107884393,1.0628745027610351,0,0,1,0,0,5,10,40,-0.8660254037844386,0.5000000000000001,-0.992708874098054,0.1205366802553232,13.56999969482422,-0.0662871980687547,14.68999981880188,0.0,1127.890785217285,0.7192835622011707,329.0,337.25,30.6397858,61.52285792800003,22.867234427692786,52.15087134634434,1147.6376195801577,1039.0627295123259,27.143722516957922,1093.735857144708,79.33738018208324,0.2437293558645219,0.2556705409092239,0.357746527854021,0.6812906068261547,0.0657514450867052,0.056370627771191215,0.06233230086408662,1.0548533204564465,1.4389058370440853,0.17482234122863355,0.036969799179626235,0.11912675318679121,0.31033999573762827,-0.03026321334254789,0.0,0.09422028253127182,-0.03026321334254789,0.0,0.682039555148139,0.22374016232058921,0.09422028253127182,0.0
2016-10-10 00:00:00+00:00,339.75,349.25,338.5,345.0,652771,52.631578947368425,0.2424884549750071,335.35,327.875,335.8303343004948,351.00113078148496,319.6988692185151,4.012178396657703,3.0916260706116905,0.9205523260460122,0.0089086859688196,0.0389908256880733,20.767642857142857,22.24285717428573,2.665904908979592,20.011928914285715,41.885714914285735,2.8889142934285714,0.0,0.0,0.2,0.2,3.2088000774383545,3.259399890899658,3.1891000270843506,3.219300031661988,0,41.68538261509932,0.1702282931449598,3.25979995727539,3.214900016784668,0.0001533842908163,0.1705095823625635,240.849,0.0918430107884393,1.0628745027610351,0,0,1,0,0,6,10,41,-0.8660254037844386,0.5000000000000001,-0.970941817426052,0.2393156642875573,13.380000114440918,-0.0141003881045586,14.244999885559082,0.0,1093.7571857571604,-0.07650458170680931,346.0,329.0,27.626928628571427,14.145714465142884,22.683021168763297,51.48860318943734,1147.5734561427334,1047.4018889025947,25.042891810034636,1093.744388589689,55.395398952044914,0.2965192180107296,0.25705462023667736,0.35595892237689264,0.8330152470981464,0.03164091243561442,0.052114292090857536,0.06202873994909802,0.5101007591089545,1.1084860944447128,0.17652286592289496,0.05467142787971002,0.11816889142926548,0.46265495590170735,0.03634333134008161,1.0,0.7440577018786426,0.03634333134008161,1.0,0.07128165128048593,0.18466064684087147,0.7440577018786426,2.0
2016-10-17 00:00:00+00:00,354.0,358.75,336.5,343.0,1009601,69.37984496124031,0.2554659125465459,340.475,330.075,340.91327575667714,356.0338018752003,324.91619812479973,5.533383434708071,4.200707427594983,1.332676007113088,0.0419426048565121,0.0727272727272727,20.496214428571427,8.98857133714287,2.66244757155102,19.35549998571429,35.20285696857146,2.7948380526122447,0.0,0.2,0.6000000000000001,0.0,3.203000068664551,3.224100112915039,3.155900001525879,3.20199990272522,0,43.35854527196165,0.1358312519912807,3.219300031661988,3.299799919128418,-0.0024509434564755,0.1590289219283908,241.428,0.2403995864628916,1.4637836474815646,0,0,1,0,0,7,10,42,-0.8660254037844386,0.5000000000000001,-0.9350162426854148,0.3546048870425355,16.209999084472656,0.1918672160151979,14.414999723434448,1.0,1133.507965564728,-0.48549393211044156,339.75,346.0,26.80621461428571,28.04285667714288,22.468342382760135,50.437909884865356,1167.7776874424464,1043.3066913066857,31.117749033940175,1109.6498193797047,59.5297497085691,0.285432072373043,0.252945759389444,0.34902271967458653,0.8178036789729063,0.06285310734463277,0.053750972785296613,0.06286975994382814,0.9997349664360113,1.6745801113952663,0.120517517661082,0.046900611429621285,0.11349635859273494,0.41323446742086745,-0.032556921103953806,0.0,0.08487772062136155,-0.032556921103953806,0.0,0.7063756720529071,0.20874660732573136,0.08487772062136155,0.0
2016-10-24 00:00:00+00:00,348.25,359.25,346.25,354.25,751118,51.91489361702128,0.2598830079607616,344.075,333.03,345.385980216413,362.6123733449092,325.5376266550908,5.503869530350983,5.34905353657797,0.1548159937730124,-0.0162429378531073,0.0341499628804751,17.230499785714287,16.837143165714302,2.3563051563265307,21.993357,18.619999900000025,2.4632377614285708,0.0,0.0,0.0,0.0,3.203900098800659,3.2046000957489014,3.115900039672852,3.148900032043457,0,38.12552846390633,0.1223290227355905,3.20199990272522,3.2170000076293945,0.007743812103325,0.1266844343961619,241.428,0.2403995864628916,1.4637836474815646,0,0,1,0,0,8,10,43,-0.8660254037844386,0.5000000000000001,-0.8854560256532101,0.464723172043768,13.020000457763672,-0.2191416073294906,14.044999837875366,0.0,1096.604436159134,0.5339816238696083,354.0,339.75,26.965499899999998,70.69428376571432,22.437698164517546,48.385141498745014,1154.2744726397077,1071.6057137094458,20.667189732565454,1104.4316660914765,58.61895690002816,0.3099336396797529,0.27072193981803133,0.34776577454103996,0.8912137233074392,0.03732950466618808,0.04787365652060985,0.06163500638837218,0.6056541695546709,1.2773759371337043,0.1565207790242808,0.0596371138348733,0.11106208482229195,0.5369709074036227,0.036198355111393576,1.0,0.7426748279714894,0.036198355111393576,1.0,0.07176302062639735,0.18556215140211318,0.7426748279714894,2.0
2016-10-31 00:00:00+00:00,354.75,358.5,347.25,348.25,790712,58.525345622119815,0.2495822502485781,349.8,335.67,348.904834926433,361.43660286844846,338.1633971315516,5.190976035486472,5.282798088977897,-0.0918220534914251,0.018664752333094,0.0774487471526195,18.133357214285716,16.09428599428573,2.1204828946938776,18.509785392857143,35.002857962285745,2.3742434093877547,0.0,0.4,0.0,0.0,3.1243999004364014,3.204699993133545,3.098099946975708,3.2030999660491943,0,50.07463921414427,0.1227591555534046,3.148900032043457,3.259299993515014,0.003117037227594,0.1174860459029289,241.428,0.2403995864628916,1.4637836474815646,0,0,1,0,0,9,10,44,-0.8660254037844386,0.5000000000000001,-0.822983865893657,0.5680647467311548,17.059999465942383,0.2702498388199429,14.917499780654907,1.0,1136.2997129559517,0.07130413629650839,348.25,354.0,23.93407137142857,81.30000380571431,22.18428443731365,47.52176836736055,1161.025935547044,1069.0587146714429,22.991805218900303,1117.1788848372669,52.79397585597273,0.29875608492564204,0.2762750929902115,0.3570031232013518,0.8368444339594686,0.03171247357293869,0.04585748862121582,0.06098225797399587,0.5200277822802779,1.4275968684340332,0.14492297777748833,0.09882897643673215,0.10778683999743795,0.9168927048065815,-0.015062771586861534,0.0,0.18195788233022422,-0.015062771586861534,0.0,0.5007846441916627,0.31725747347811306,0.18195788233022422,0.0
2016-11-07 00:00:00+00:00,346.25,354.75,344.25,354.75,902493,40.963855421686745,0.229559969689516,350.6,337.495,348.38692024426075,360.3554303367314,340.84456966326866,2.413105361939301,3.870119297430739,-1.4570139354914375,-0.0239605355884425,0.0168869309838473,19.41049985714286,5.808571462285728,2.04875062,18.331928671428567,27.894286190857176,2.0906618700000004,0.0,0.0,1.4000000000000001,0.0,3.1979000568389893,3.2604000568389893,3.173500061035156,3.232300043106079,0,54.725870633200906,0.1101142628723645,3.2030999660491943,3.2272000312805176,0.0118712764224024,0.1288613983698548,241.428,0.2403995864628916,1.4637836474815646,0,0,1,0,0,10,11,45,-0.5000000000000004,0.8660254037844384,-0.7485107481711011,0.6631226582407952,18.709999084472656,0.092321580594617,16.249999523162842,1.0,1119.18388992548,0.9467280557773483,354.75,348.25,27.89478588571428,44.179999834285745,21.935745355643647,46.25547919468291,1157.7002481885854,1085.0977541140612,18.150623518630997,1117.9808868725522,59.52557833191559,0.2497226138942867,0.24737479895097508,0.3567328040867883,0.7000270343325706,0.03032490974729242,0.038772181553333264,0.06030265776403111,0.5028784110506699,1.6443659758453675,0.12958373491576552,0.10351218775936104,0.10955757890260624,0.944819877803085,0.021527870147467265,1.0,0.5808816037575036,0.021527870147467265,1.0,0.1386684698673377,0.28044992637515864,0.5808816037575036,2.0
2016-11-14 00:00:00+00:00,337.25,356.5,335.5,346.0,1118315,40.17857142857142,0.231189669227989,350.075,340.34,346.72334229643155,360.9330554623396,339.2169445376604,0.1855732438784798,2.2828141578847565,-2.0972409140062767,-0.0329749103942652,-0.0350500715307582,14.080499828571428,3.402857125714301,1.9570908128571427,18.25335697142857,8.388571325714306,2.0166242383673465,0.0,0.4,1.6,1.6,3.2007999420166016,3.4941000938415527,3.1619999408721924,3.390000104904175,0,76.8019551004651,0.1624537859617993,3.232300043106079,3.177299976348877,-0.0080422946436942,0.1098574504773342,241.729,0.1246748513014317,1.6359875209176034,0,0,1,0,0,11,11,46,-0.5000000000000004,0.8660254037844384,-0.6631226582407955,0.7485107481711007,14.479999542236328,-0.2562897360094261,15.81749963760376,0.0,1143.277535378933,-0.9289043156708519,346.25,354.75,25.421928599999998,31.251429133714314,21.69817191150074,43.81245288055591,1165.4189118816255,1082.2638753281237,20.788759138375475,1128.0995462751046,54.14638523491509,0.22592123058794183,0.24878905948288776,0.325669571397396,0.693713025387726,0.06226834692364715,0.04489766845093981,0.05708901475979167,1.0907236055554994,2.011010146356848,0.12100679570647048,0.17728105455020277,0.13463664331070246,1.3167369374600344,0.034708855406773376,1.0,0.7281868449914575,0.034708855406773376,1.0,0.07688501782515356,0.19492813718338897,0.7281868449914575,2.0
2016-11-21 00:00:00+00:00,349.75,350.0,335.75,337.0,868745,46.0,0.2271068316107038,347.5,342.84,345.6245522911533,359.02000548255074,335.97999451744926,-0.2352308629296544,0.3749604313129069,-0.6101912942425614,0.0370644922164566,-0.0035612535612535,11.936214257428572,4.731428902857151,1.883577357632653,11.908357141571429,6.931428737142889,1.9347580042040815,0.0,3.4,2.8,0.0,3.439300060272217,3.4516000747680664,3.336699962615967,3.382299900054932,0,67.95396618054441,0.2202662028106983,3.390000104904175,3.1391000747680664,-0.0016505472483712,0.2192350003011812,241.729,0.1246748513014317,1.6359875209176034,0,0,1,0,0,12,11,47,-0.5000000000000004,0.8660254037844384,-0.5680647467311559,0.8229838658936564,12.420000076293944,-0.1534602726958943,15.667499542236328,0.0,1182.9593900442126,-0.2897295761385517,337.25,346.25,23.569785885714285,109.82857328800003,21.066570958602078,41.43303196807766,1199.4092472537404,1091.451016898548,26.9895575887981,1150.0434837827477,85.80619816950366,0.22352794455825148,0.24177542389863255,0.2563543177597066,0.8719491748458997,0.0407433881343817,0.040475724608889596,0.05257519266509432,0.774954466536598,1.4818127018901217,0.1397503802738787,0.173943735116823,0.11459205285364772,1.5179387715445598,0.007827074507488652,0.0,0.4112873041352194,0.007827074507488652,0.0,0.24207190209537932,0.34664079376940127,0.4112873041352194,2.0
2016-11-28 00:00:00+00:00,348.5,353.0,346.0,349.5,773344,49.77375565610859,0.2204717488727229,347.025,344.815,346.9895531138538,357.35495134253085,336.6950486574691,0.8093466339002475,0.5397278257424079,0.2696188081578397,0.0086830680173661,-0.0155367231638418,8.606214342857143,21.96857224857144,1.2164506862448978,4.894785713714286,19.862858308571457,1.7353080761836739,0.0,4.6,0.0,0.0,3.387500047683716,3.462399959564209,3.3271000385284424,3.4210000038146973,0,69.57837917625265,0.2293665116167581,3.382299900054932,3.165299892425537,-0.0147037996043144,0.2257380195263428,241.729,0.1246748513014317,1.6359875209176034,0,0,1,0,0,13,11,48,-0.5000000000000004,0.8660254037844384,-0.4647231720437684,0.88545602565321,13.149999618530272,0.057113646966506,14.6899995803833,0.0,1192.218501329422,-1.5950548117328718,349.75,337.25,25.789785685714286,75.78571394857146,20.023229975060932,40.04140786101274,1227.81419430604,1091.0054640329836,34.202182568264085,1166.9134908014173,81.01415357801312,0.1519343375374214,0.2396092274191166,0.25616628456679413,0.5931082299268112,0.020086083213773313,0.03702704031840664,0.05041586046214662,0.39840794237311444,1.2388537738316001,0.48199376141711175,0.13507987133913885,0.11150222677755754,1.2114543639928743,0.018611638369833816,1.0,0.5450231961730615,0.018611638369833816,1.0,0.1570184286606295,0.29795837516630896,0.5450231961730615,2.0
2016-12-12 00:00:00+00:00,354.5,355.0,344.25,348.25,10558,54.54545454545455,0.2632544503355887,345.0625,346.8,346.7398577314886,358.4306426101134,331.6943573898866,1.310692057007202,0.129810297229896,1.180881759777306,0.0143061516452074,0.0403521643433602,-1.372357082857143,10.128571332857156,0.9356979154693877,3.1433571685714283,34.1314284914286,1.0949229823673468,0.0,7.0,0.0,0.0,3.420099973678589,3.461400032043457,3.3364999294281006,3.377000093460083,0,49.18649636179988,0.2900194940390513,3.4746999740600586,3.3956000804901123,-0.0278974293401288,0.3122257799374109,241.729,0.1246748513014317,1.6359875209176034,0,0,0,0,0,0,12,50,-2.4492935982947064e-16,1.0,-0.2393156642875578,0.970941817426052,12.640000343322754,0.0403606019686766,12.587500095367432,0.0,1197.1465331315994,-2.914417785314312,349.5,348.5,20.011928914285715,41.885714914285735,18.29756725032016,39.6005423600449,1223.0811723004751,1170.284860419137,13.199077970334516,1190.4053037653077,80.47191893091431,0.13083027311139162,0.19642146770737892,0.22207577885482488,0.5891244326364538,0.030324400564174896,0.04155711901755306,0.045339687886443894,0.6688267010539913,0.017660816639640427,0.39174063931491465,0.1999769374542934,0.12262286119215729,1.630829024880014,0.00042788676029892336,0.0,0.3255007798442982,0.00042788676029892336,0.0,0.31617756016210063,0.35832165999360116,0.3255007798442982,1.0
2016-12-19 00:00:00+00:00,353.25,363.0,351.5,355.25,433083,66.17647058823529,0.2297024186542824,348.525,348.12,349.9005756686921,362.8565074317168,334.19349256828315,2.629529260758204,1.6622321186193074,0.9672971421388968,-0.0035260930888575,0.0328947368421053,-6.2309285494285716,7.440000132857157,0.7462016804489796,-2.1337856485714286,18.157142837142885,0.9119103351428572,0.0,7.0,0.0,0.0,3.337100028991699,3.406599998474121,3.3020999431610107,3.390399932861328,0,48.52371133502248,0.2530252855202521,3.377000093460083,3.4323999881744385,0.0009777327495874,0.2553170870983788,241.353,-0.1555460867334934,1.6925371625037933,0,0,0,0,0,0,12,51,-2.4492935982947064e-16,1.0,-0.1205366802553236,0.992708874098054,11.710000038146973,-0.0764232350130546,12.410000085830688,0.0,1197.6587762832642,0.2533193616922334,354.5,349.5,19.35549998571429,35.20285696857146,16.979415450391674,38.2170972295351,1219.7225447580047,1180.9931810811333,9.68234091921785,1193.3066927724904,64.9318446458616,0.13189905177578595,0.1744120174981803,0.21483340720552296,0.613959659961109,0.03255484784147204,0.03561441920111803,0.044972035036767694,0.7238907595786727,0.7255090866418379,-0.11180390156680153,0.12522666313789768,0.12251437356602443,1.0221384583011968,-0.05613380595490358,0.0,0.02774155207997305,-0.05613380595490358,0.0,0.8866218925194507,0.08563655540057627,0.02774155207997305,0.0
2016-12-26 00:00:00+00:00,345.75,353.75,345.5,353.25,385968,44.75524475524475,0.2298532216933574,348.0125,348.675,349.0948931860677,362.3114464095525,333.71355359044753,0.9330431476846002,1.5607681391817914,-0.6277249914971912,-0.0294736842105263,-0.014255167498218,5.874785692857143,8.879999901428587,0.7935905435836734,-5.852357039,16.571428800000028,0.6992422632734695,0.0,5.8,0.0,0.0,3.3631999492645264,3.376800060272217,3.259500026702881,3.2695000171661377,0,22.74541060006959,0.2450751962826517,3.390399932861328,3.390700101852417,0.0073119215656377,0.2509948042393006,241.353,-0.1555460867334934,1.6925371625037933,0,0,0,0,0,0,12,52,-2.4492935982947064e-16,1.0,6.432490598706546e-16,1.0,11.4399995803833,-0.0233272315953969,11.982500076293944,0.0,1130.429630935192,0.8867382432972635,353.25,354.5,21.993357,18.619999900000025,15.506397870430922,36.82060249214574,1259.3013747814744,1110.5199158605487,37.19536473023138,1168.155868037571,21.17831542005139,0.21424411626381423,0.2170107696215884,0.232366286982194,0.9220102874051117,0.02386117136659436,0.032237975847560565,0.044743110515166586,0.533292517192808,0.6574483404610959,0.011531967472588401,0.1725208309960708,0.1294996382107775,1.3322108081349435,0.013001064135263585,0.0,0.4750340810306046,0.013001064135263585,0.0,0.1978076684674071,0.3271582505019883,0.4750340810306046,2.0
2017-01-02 00:00:00+00:00,352.0,356.0,346.25,346.5,459620,49.425287356321846,0.2292331514877659,350.575,348.545,349.7786754227998,359.6276239291257,341.52237607087426,1.017047005066388,1.255836277988103,-0.2387892729217149,0.013678905687545,0.0452858203414996,4.448928550285714,15.279999760000013,1.1265994680408162,6.445464377428572,19.291428137142887,0.864160321955102,0.0,7.0,0.2,0.0,3.2697999477386475,3.293800115585327,3.2421000003814697,3.253200054168701,0,31.82015434837949,0.1876335896522058,3.2695000171661377,3.572999954223633,-0.0051252215236587,0.2384868053744011,241.353,-0.1555460867334934,1.6925371625037933,0,0,0,0,0,0,1,1,0.4999999999999999,0.8660254037844387,0.120536680255323,0.992708874098054,14.039999961853027,0.2047944466087744,12.457499980926514,0.0,1145.1264190673828,-0.35697606563237655,345.75,353.25,18.509785392857143,35.002857962285745,14.921821516043675,35.68968801762943,1237.4781113628776,1097.7025683458417,34.94388575425903,1158.944088449496,15.254905158196081,0.2200470951544961,0.201616514975428,0.23233659819244032,0.9471047066858916,0.027698863636363636,0.03376053193207863,0.04352468463113484,0.6363942095655647,0.7936022830439852,-0.04488890412464133,0.15754418256970118,0.12923783681615528,1.219025126546812,0.012981580677337012,0.0,0.4747911509332178,0.012981580677337012,0.0,0.1979622955307183,0.3272465535360639,0.4747911509332178,2.0
2017-01-09 00:00:00+00:00,360.0,362.75,351.5,352.0,892623,54.18994413407822,0.1856134245473336,353.5625,349.27,353.43929225445675,362.6322226210732,344.4927773789268,2.9028455815779357,2.0521462578834937,0.8506993236944416,0.0227272727272727,0.0271041369472182,-3.6614285714285715,8.445714662857156,0.8936482155510204,2.331642754285714,22.36285692571431,1.2488389670285713,0.0,7.0,0.0,0.0,3.28410005569458,3.2897000312805176,3.1893999576568604,3.2221999168396,0,24.74150043221374,0.1097260078732105,3.253200054168701,3.373699903488159,0.0002766982187476,0.1043941106538059,241.353,-0.1555460867334934,1.6925371625037933,0,0,0,0,0,0,1,2,0.4999999999999999,0.8660254037844387,0.2393156642875577,0.970941817426052,11.5600004196167,-0.194359496337391,12.1875,0.0,1159.991970062256,0.1832159086082534,352.0,345.75,18.331928671428567,27.894286190857176,14.109551918510904,34.829892463312326,1216.06300941447,1100.5403887595776,28.88065516372313,1159.3632410946,30.907944651490567,0.21194647193960495,0.1874618934035511,0.23029677708161939,0.9203188399866347,0.03125,0.029137856681720975,0.04351179078267273,0.7181959706996172,1.4798628368617357,-0.016091999102890598,0.12098072628292067,0.13018653749269513,0.9292874618224974,-0.015107146791076831,0.0,0.18162785464505452,-0.015107146791076831,0.0,0.5013393316851056,0.31703281366983993,0.18162785464505452,0.0
2017-01-16 00:00:00+00:00,358.5,360.0,352.0,359.25,767799,64.15094339622641,0.165898376936305,354.425,349.49,354.97221068327013,364.1069147737603,344.7430852262397,2.7580810707119667,2.499547221567637,0.2585338491443298,0.0013966480446927,0.0063157894736842,1.6885714285714286,18.400000558571442,0.8037680571428572,-4.74,22.01142951085717,0.743052738755102,0.0,5.6,0.0,0.0,3.193099975585937,3.230799913406372,3.156599998474121,3.186800003051758,0,31.600011867952134,0.1078722119748409,3.2221999168396,3.3657000064849854,0.0076325214888151,0.1178032393844156,241.432,0.0327321392317392,2.074622132966919,0,0,0,0,0,0,1,3,0.4999999999999999,0.8660254037844387,0.3546048870425356,0.9350162426854148,11.229999542236328,-0.0289621715554731,12.06749987602234,0.0,1142.4678010940552,0.7305200096497708,360.0,352.0,18.25335697142857,8.388571325714306,12.893451794736007,34.00289485347651,1168.793832267442,1120.214078312001,12.144938488860209,1152.605065094382,25.860272181987057,0.21225270896553464,0.1874858615043445,0.21540270819980264,0.9853761862403885,0.022315202231520222,0.02753601701519004,0.04105898633931691,0.5434911766255677,1.2442145285975459,-0.014384103133283026,0.10821075851468424,0.12758788704726168,0.8481271422994011,0.016291057336226045,1.0,0.5161326149437032,0.016291057336226045,1.0,0.17299431067176532,0.3108730743845315,0.5161326149437032,2.0
2017-01-23 00:00:00+00:00,369.5,370.0,358.5,359.0,1041218,78.2258064516129,0.1631506276345382,358.05,351.445,359.8876053507576,372.1246132040715,343.9753867959285,4.653331314056516,3.574828480013056,1.0785028340434597,0.0306834030683402,0.0549607423269093,7.732857142857142,24.32000071085716,0.6497534511836734,1.846428571428571,43.32285849085717,0.7881286259387755,0.0,4.6,0.0,0.0,3.2399001121521,3.241300106048584,3.1422998905181885,3.1422998905181885,0,29.24111867497028,0.1245093855190114,3.186800003051758,3.28629994392395,0.0,0.0990836357866995,241.432,0.0327321392317392,2.074622132966919,0,0,0,0,0,0,1,4,0.4999999999999999,0.8660254037844387,0.4647231720437685,0.8854560256532099,11.770000457763672,0.0469652321768151,12.150000095367432,0.0,1161.0798095464706,-0.0327321392317392,358.5,360.0,11.908357141571429,6.931428737142889,12.180740619038755,34.60418283008172,1171.6365647865787,1132.6964350985036,9.735032422018723,1155.9949628752177,73.32638560342099,0.22721049000889307,0.18478528519600862,0.21578121983594375,1.0529668877206737,0.03112313937753721,0.027249675322403077,0.03996901376632962,0.7786814999408544,1.576319524072345,-0.007556178550435997,0.08831266558382982,0.12926256461660385,0.6832036716409794,-0.04187514512598611,0.0,0.0550049111143635,-0.04187514512598611,0.0,0.7931071418597607,0.1518879470258759,0.05500491111436351,0.0
2017-01-30 00:00:00+00:00,357.75,371.0,355.75,369.25,775490,46.71532846715328,0.1526651089841977,361.425,353.37,360.8736100604283,370.8017629922389,352.0482370077611,2.9004179311165217,3.634073345306753,-0.7336554141902312,-0.0317997293640054,0.0272792534099066,2.5471428571428567,12.014286177142871,0.7783397964897959,8.774285714285712,49.091430074285746,0.6563926505510204,0.0,6.4,0.0,0.0,3.1614999771118164,3.1877999305725098,3.109600067138672,3.109600067138672,0,35.894942395898426,0.1387951560771335,3.1422998905181885,3.2523000240325928,-0.0166008186389357,0.1336273980324712,241.432,0.0327321392317392,2.074622132966919,0,0,0,0,0,0,1,5,0.4999999999999999,0.8660254037844387,0.5680647467311558,0.8229838658936564,11.880000114440918,0.0093023634029776,11.610000133514404,0.0,1112.4594240188599,-1.6928140031253092,369.5,358.5,4.894785713714286,19.862858308571457,11.96096933486114,35.53884394261101,1189.3813710586303,1098.6181313021905,22.690809939109915,1138.5807473326747,33.60454634240102,0.18401055366635477,0.1896005895671046,0.21910992543377597,0.8398092642493171,0.04262753319357093,0.031002947687798387,0.039366905232386305,1.0828263515679832,1.109605703575622,0.09932779153758077,0.023645485282678416,0.12948208626419194,0.18261586709588618,0.020008525304238134,1.0,0.5622814165004952,0.020008525304238134,1.0,0.1479934415964235,0.2897251419030813,0.5622814165004952,2.0
2017-02-06 00:00:00+00:00,363.75,369.75,357.75,358.5,799246,47.7124183006536,0.1523219435404209,363.3125,355.325,362.4898551718032,371.4831712345519,355.1418287654481,2.6120050176111818,3.0290873737857167,-0.4170823561745349,0.0167714884696017,0.0069204152249136,3.3642857142857143,1.5085714700000141,1.2623099017142856,1.5735714285714286,12.628571911428601,0.8901539981836735,0.0,6.4,0.4,0.0,3.125200033187866,3.1603000164031982,3.104599952697754,3.119499921798706,0,30.458655261186067,0.1448803903211788,3.109600067138672,3.197700023651123,-0.0211599118130158,0.1509459408443677,241.432,0.0327321392317392,2.074622132966919,0,0,0,0,0,0,2,6,0.8660254037844386,0.5000000000000001,0.6631226582407952,0.7485107481711011,11.369999885559082,-0.0438780258702924,11.5625,0.0,1134.7180965542793,-2.1487233205333194,357.75,369.5,9.47478576,39.0542867314286,11.290814631229546,34.06076187608311,1177.93587996346,1097.4266856433726,20.127298580021808,1137.0356870213168,38.191460125395444,0.19298654658428296,0.19655654858125865,0.21855179592991478,0.8830242594571373,0.032989690721649485,0.03206111310485556,0.037680585468987685,0.875508741596216,1.124860570424314,0.08138967577046882,0.048206536304287555,0.1298093827231866,0.37136400758831134,0.028199036630486063,1.0,0.6592495679884757,0.028199036630486063,1.0,0.10340491718504816,0.23734551482647614,0.6592495679884757,2.0
2017-02-13 00:00:00+00:00,375.5,376.75,362.5,363.75,1221055,65.03067484662577,0.1598395551069091,366.6375,358.06,366.2765255807941,375.4401237118592,357.8348762881408,3.9623179551261383,3.304754673504382,0.6575632816217567,0.0323024054982818,0.0481507327285415,6.902857142857143,12.240000008571442,1.3784872993469386,5.162142857142858,5.085714294285742,1.4189279361632654,0.0,4.2,0.0,0.0,3.114799976348877,3.1333000659942627,3.107100009918213,3.107100009918213,0,36.1139171888396,0.137926233734814,3.119499921798706,3.186800003051758,-0.0009612371922194,0.1393134363364032,242.839,0.5827727890254764,2.5000422090529995,0,0,0,0,0,0,2,7,0.8660254037844386,0.5000000000000001,0.7485107481711011,0.6631226582407953,11.06999969482422,-0.0267395785445562,11.522500038146973,0.0,1166.716053724289,-0.6788965082474163,363.75,357.75,3.1433571685714283,34.1314284914286,10.895416452256212,32.19140396758006,1193.9221883890216,1093.5645035329278,25.089421214023442,1148.9078337025057,59.97960634411484,0.21275407190058726,0.20401530660239556,0.2148849120954974,0.9900837612330792,0.03794940079893475,0.033400993264642506,0.037488389855438974,1.012297162462881,1.6535407266611526,0.07717775616427583,0.04977240232670288,0.12961549661597696,0.384000368676318,-0.022968897572182123,0.0,0.13028458467297943,-0.022968897572182123,0.0,0.5983139682116901,0.27140144711533043,0.13028458467297943,0.0
2017-02-20 00:00:00+00:00,368.25,380.0,368.0,375.0,809777,61.53846153846154,0.1603329819558994,368.05,360.56,368.6217758558145,378.9919521015002,357.1080478984998,3.834653969053079,3.828472943051736,0.0061810260013426,-0.0166889185580774,0.0054607508532422,14.040000000000001,2.825714334285726,2.025271415632653,12.276428571428571,22.971428511428602,1.4941033362857143,0.0,1.2,1.0,0.4,3.109999895095825,3.1152000427246094,3.041300058364868,3.095499992370605,0,42.33913144067832,0.1210908604878293,3.107100009918213,3.1949000358581543,-0.0069596989195522,0.1398758501044138,242.839,0.5827727890254764,2.5000422090529995,0,0,0,0,0,0,2,8,0.8660254037844386,0.5000000000000001,0.8229838658936564,0.5680647467311559,11.489999771118164,0.0372383527878499,11.452499866485596,0.0,1139.9178721904752,-1.2787426809806965,375.5,363.75,-2.1337856485714286,18.157142837142885,10.984514008331848,31.596566841376738,1183.0332990703582,1093.8724241735936,22.290218724191195,1145.3118490976938,41.84040669163471,0.2221376080670911,0.20760269212027768,0.20075820137489625,1.106493261450068,0.032586558044806514,0.035455264427299765,0.03583014550334405,0.9094729728919315,1.1009402443563845,0.08621092586029189,0.04812393934188233,0.1290451032296106,0.37292337646490475,-0.022008809939340512,0.0,0.1358211859153466,-0.022008809939340512,0.0,0.5867243942071079,0.27745441987754554,0.1358211859153466,0.0
2017-02-27 00:00:00+00:00,360.25,372.75,359.5,368.5,981646,46.02272727272727,0.1655769696861177,368.2875,361.955,367.390681713015,379.37361625801657,357.2013837419835,1.0530787274972226,2.701209050377516,-1.6481303228802933,-0.0217243720298709,-0.0096219931271477,11.044285714285715,13.820000291428585,2.0012181688979593,15.452857142857143,7.1885714171428745,2.1569416295102037,0.0,3.4,0.0,0.0,3.0855000019073486,3.1119000911712646,3.0504000186920166,3.094599962234497,0,45.68069108080039,0.1095216382528372,3.095499992370605,3.176100015640259,0.0025877086701445,0.1129687753341714,242.839,0.5827727890254764,2.5000422090529995,0,0,0,0,0,0,2,9,0.8660254037844386,0.5000000000000001,0.8854560256532099,0.4647231720437686,12.09000015258789,0.0509016053071273,11.50499987602234,0.0,1114.8296363949776,-0.32400192201102634,368.25,375.5,-5.852357039,16.571428800000028,11.272794210559287,30.021857459168103,1181.8091851662089,1096.2816442658018,21.381885225101797,1133.1189640166074,51.11651796435707,0.21933017801408758,0.21066129536659836,0.197586180470229,1.1100481136465599,0.03678001387925052,0.03658663932764243,0.036087100575525846,1.0192008529548109,1.3054220683520357,0.6620555822402744,0.03653471157996303,0.12797476575875283,0.28548369288675424,0.04319074356766639,1.0,0.803692934252469,0.04319074356766639,1.0,0.05168411497435366,0.14462295077317733,0.803692934252469,2.0
2017-03-06 00:00:00+00:00,372.75,378.75,361.25,361.5,73375,47.368421052631575,0.1788942941022864,370.5,363.85,369.5017980943456,380.033873129224,360.966126870776,2.0588061850069157,2.062730500277396,-0.0039243152704808,0.0346981263011796,0.0142857142857142,11.671428571428573,15.445714408571444,1.8500664379591836,6.007142857142857,36.50857178857145,1.8484950878775508,0.0,2.8000000000000003,0.0,0.0,3.1075000762939453,3.157099962234497,3.077399969100952,3.119999885559082,0,51.576913407428734,0.1055249234298532,3.094599962234497,3.122499942779541,0.0111456579725426,0.0979889682186889,242.839,0.5827727890254764,2.5000422090529995,0,0,0,0,0,0,3,10,1.0,6.123233995736766e-17,0.9350162426854148,0.3546048870425355,11.239999771118164,-0.072899853145309,11.47249984741211,0.0,1162.9799573421478,0.5317930082287836,360.25,368.25,6.445464377428572,19.291428137142887,10.933074768403388,30.44035515783929,1194.0832122416512,1098.1385475842937,23.986166164339338,1145.0633613468235,60.702437223904525,0.2161667694550963,0.1947492492708791,0.20101118446394947,1.0753966714717718,0.046948356807511735,0.037450804050430594,0.0352918630486698,1.3302880451475863,0.10405371284564385,0.08751536045902387,0.03688105864366662,0.12885037867375168,0.2862316444931277,-0.04057782210356908,0.0,0.0584755771770861,-0.04057782210356908,0.0,0.7822609588718714,0.1592634639510425,0.0584755771770861,0.0
2017-03-13 00:00:00+00:00,354.5,373.25,353.5,373.0,16966,36.15023474178405,0.1806237353005515,368.5,365.12,366.0216859866128,381.8100674205239,355.18993257947614,-1.3758332459005371,0.658008246825662,-2.033841492726199,-0.0489604292421194,-0.0405953991880919,4.981428571428571,9.88285731428573,2.6257429659183673,12.57642857142857,22.205715045714314,2.0821966914285714,0.0,4.6,0.0,0.0,3.137399911880493,3.194000005722046,3.109999895095825,3.1475000381469727,0,58.41935168463444,0.1381525540213808,3.119999885559082,3.1287999153137207,-0.0110287098193241,0.1267739393191536,243.603,0.3146117386416458,2.737958171489318,0,0,0,0,0,0,3,11,1.0,6.123233995736766e-17,0.970941817426052,0.239315664287558,11.350000381469728,0.0097389534346866,11.542500019073486,0.0,1115.7887635231018,-1.4174827205740557,372.75,360.25,2.331642754285714,22.36285692571431,11.039097594405014,29.909088053831226,1179.1679764668609,1087.5901382584905,22.89445955209255,1133.3535222173348,32.70460996214244,0.26139220229737414,0.21668882476992446,0.2053107850102204,1.2731537193860751,0.05571227080394922,0.04199532006689054,0.036211001355557854,1.5385450093317599,0.025380837856373486,0.2647065379386386,0.04529212812015079,0.12704301953106392,0.35651013902400835,0.005547967850956015,0.0,0.3840006631498043,0.005547967850956015,0.0,0.2635887908213994,0.3524105460287963,0.3840006631498043,2.0
2017-03-20 00:00:00+00:00,363.5,370.75,353.0,354.0,665533,46.91943127962085,0.1957822969592916,365.7,365.835,364.9461840316304,378.2431885479505,353.15681145204945,-1.1080924926875468,-0.7655512172546642,-0.3425412754328826,0.0253878702397742,-0.0267737617135207,9.362857142857143,7.257142431428585,1.9552313245714286,2.4499999999999997,18.268571554285742,2.5076592491020406,0.0,3.6,0.0,0.0,3.1521999835968018,3.177999973297119,3.078900098800659,3.0866000652313232,0,47.73773366676184,0.1558861965571457,3.1475000381469727,3.087500095367432,-0.0138198316998289,0.1498912051774907,243.603,0.3146117386416458,2.737958171489318,0,0,0,0,0,0,3,12,1.0,6.123233995736766e-17,0.992708874098054,0.120536680255323,11.34000015258789,-0.0008814657817505,11.505000114440918,0.0,1121.979123711586,-1.696594908624536,354.5,372.75,-4.74,22.01142951085717,10.484962265733724,29.158086989344422,1174.781500583925,1083.0072399019816,22.943565170485808,1128.8037628150353,42.916311487722666,0.2354393792273233,0.21428364158896246,0.19696431566559874,1.195340214181966,0.04883081155433287,0.04417160221797016,0.03706691825462756,1.3173687125864462,1.0050361062648623,0.11222300045037922,0.08307540540633203,0.12727848039396306,0.6527057725872618,-0.013996126131535003,0.0,0.19003137741113518,-0.013996126131535003,0.0,0.48745421052926324,0.32251441205960163,0.19003137741113518,0.0
2017-03-27 00:00:00+00:00,355.75,364.0,354.25,363.5,675605,33.33333333333333,0.1918411983731018,363.6375,365.775,362.00909792253816,377.5955904666709,349.6794095333291,-2.48746778580977,-1.6112125377662847,-0.8762552480434851,-0.0213204951856946,-0.0226648351648351,12.322857142857144,11.9400003177143,2.42862527755102,13.244285714285713,18.131428133714312,2.047973193632653,0.0,2.6,0.0,0.0,3.0708999633789062,3.146899938583374,3.053499937057495,3.1096999645233154,0,46.453420083265165,0.1662562207005641,3.0866000652313232,3.06030011177063,-0.0105383993468174,0.1635173322870322,243.603,0.3146117386416458,2.737958171489318,0,0,0,0,0,0,3,13,1.0,6.123233995736766e-17,1.0,-1.6081226496766366e-16,12.5,0.0973923325529272,11.607500076293944,0.0,1106.2757623791695,-1.3684516733233858,363.5,354.5,1.846428571428571,43.32285849085717,10.662983133382241,28.4466896438199,1176.7520888137324,1076.7597146642702,24.99809353736559,1119.792562640689,46.35183316607173,0.22942630890126944,0.21393732342337826,0.19675320939991928,1.1660612700569797,0.027406886858749122,0.04313566798075868,0.03692101711020039,0.7423110623912534,1.0380289764043589,0.1106007241159538,0.08661306779013556,0.12692438140113896,0.6823989213893393,0.03775384865204656,1.0,0.757255714969318,0.03775384865204656,1.0,0.06675164383892843,0.17599264119175362,0.757255714969318,2.0
2017-04-03 00:00:00+00:00,367.75,371.75,355.0,356.0,904553,67.72151898734177,0.159860273504498,360.7875,365.39,361.87807937582807,370.3355433378288,351.2394566621713,-1.0948583065134585,-1.8043907591531363,0.709532452639678,0.0337315530569219,-0.0186791194129419,12.954285714285716,37.46857077028573,1.6774606971428572,12.191428571428572,43.885715348000026,2.250646468102041,0.0,1.2,0.0,0.0,3.121700048446656,3.1747000217437744,3.096299886703491,3.121799945831299,0,45.48405030154183,0.1645874260913205,3.1096999645233154,3.154599905014038,-0.0090912450741718,0.1706559050161742,243.603,0.3146117386416458,2.737958171489318,1,0,0,1,0,0,4,14,0.8660254037844387,-0.4999999999999998,0.992708874098054,-0.1205366802553228,12.380000114440918,-0.0096463678077893,11.892500162124634,0.0,1148.0419300794601,-1.223736246058826,355.75,363.5,8.774285714285712,49.091430074285746,10.761592516482004,29.442755818283135,1158.795513595062,1087.2472762515968,17.88705933586628,1131.0923096161976,43.262119388916844,0.2532667211342079,0.22960902077213655,0.20308835901185945,1.2470764444389144,0.045547246770904146,0.04488911455908941,0.03608496210256325,1.2622220308622258,1.4129984491512602,0.08271757725278871,0.08690301629837259,0.09599840186964832,0.9052547287592014,0.005281155889523603,0.0,0.38084994513293907,0.005281155889523603,0.0,0.26618648510272874,0.35296356976433224,0.38084994513293907,2.0
2017-04-10 00:00:00+00:00,367.0,369.75,357.25,367.0,894955,57.41935483870968,0.1660222834009674,361.1875,365.185,362.3471954940411,369.7282305864003,352.6467694135997,-0.2559535268873674,-0.9696424009256226,0.7136888740382552,-0.0020394289598911,0.0251396648044692,15.935714285714285,33.074284042285726,2.4543694488979595,14.59,69.75713986800002,1.8277936952448979,0.0,0.0,0.0,0.0,3.113300085067749,3.1524999141693115,3.071799993515014,3.144700050354004,0,63.58272491115342,0.1453654811738539,3.121799945831299,3.1912999153137207,-0.0082623088837737,0.1533841516661495,243.603,0.3146117386416458,2.737958171489318,1,0,0,2,0,0,4,15,0.8660254037844387,-0.4999999999999998,0.970941817426052,-0.2393156642875575,14.050000190734863,0.1265401328547238,12.567500114440918,0.0,1154.1049184799194,-1.1408426270190157,367.75,355.75,1.5735714285714286,12.628571911428601,11.008586547676714,32.04368382149068,1177.4213100797751,1087.7795572452924,22.410438208620693,1140.2973531616863,77.47746239386389,0.20820555734230098,0.20396371605389058,0.19507320316335133,1.0673200792973705,0.0340599455040872,0.0423114322984045,0.03575078997104852,0.9527044298776364,1.3951494061898582,0.03166519225457829,0.08611246065686166,0.09773091345329375,0.8811178449369239,-0.0016800126322098485,0.0,0.30279982276547673,-0.0016800126322098485,0.0,0.33939322711624176,0.3578069501182815,0.30279982276547673,1.0
2017-04-17 00:00:00+00:00,366.5,373.0,362.25,366.0,905487,62.57309941520468,0.1526823695151355,362.3,365.58,364.2998794945466,371.61128347770045,352.9887165222996,1.1355965563751056,0.0882810976216929,1.0473154587534126,0.0194714881780251,0.0013661202185792,20.187142857142856,25.58285686342858,3.411295366122449,20.575,60.61999736457145,2.9514383651428573,0.0,0.0,0.0,0.0,3.1282999515533447,3.1517999172210693,3.099299907684326,3.143699884414673,0,54.45349752857695,0.1202623984348845,3.144700050354004,3.11929988861084,0.0010181204611475,0.1344186320637833,243.801,0.0812797871947212,2.3806124334402767,1,0,0,3,0,0,4,16,0.8660254037844387,-0.4999999999999998,0.9350162426854148,-0.3546048870425354,14.65999984741211,0.0425002766948646,13.397500038146973,0.0,1152.1660076379776,0.020532258920028787,367.0,367.75,5.162142857142858,5.085714294285742,11.625774512342733,33.887316953302346,1185.5911963030821,1094.7031129851812,22.722020829475245,1145.0448149522028,73.05347899204789,0.136218238998447,0.19998941264025819,0.1944699937110996,0.7004588697432734,0.029331514324693043,0.037035281002553266,0.03621306152659451,0.8099703529194501,1.3971769830496097,0.058580466291412975,0.08107662767606598,0.09458071377835776,0.8572214763979018,-0.018815077596131546,0.0,0.1556767233214881,-0.018815077596131546,0.0,0.5475443906583344,0.29677888602017755,0.1556767233214881,0.0
2017-04-24 00:00:00+00:00,359.25,368.0,354.25,366.5,906230,39.50617283950616,0.1530200164201647,362.35,364.775,362.3366971866189,371.3870582079972,353.31294179200285,-0.7616155142335401,-0.1092183023111993,-0.6523972119223408,-0.019781718963165,0.0070077084793271,19.37,19.3399998417143,3.6241210469387752,21.7,55.64571404228574,3.340634008367347,0.0,0.0,0.0,0.0,3.140199899673462,3.1545000076293945,3.077899932861328,3.1468000411987305,0,58.51817580964974,0.1051318390562967,3.143699884414673,3.138099908828736,0.0004135658453562,0.1055109311411745,243.801,0.0812797871947212,2.3806124334402767,1,0,0,4,0,0,4,17,0.8660254037844387,-0.4999999999999998,0.8854560256532099,-0.4647231720437685,10.84000015258789,-0.3018796759621807,12.982500076293944,0.0,1130.487914800644,-0.0399232026591012,366.5,367.0,12.276428571428571,22.971428511428602,12.275724543804493,35.29108450743031,1167.751474564193,1124.6489109348076,10.775640907346267,1139.2220548915793,66.94433437431829,0.15929641759440272,0.19279997249179437,0.19321863742998935,0.8244360454501268,0.038274182324286705,0.03492395515654403,0.035408601830219426,1.0809286313681934,1.3306573254540823,0.11480116232236279,0.02563354834889265,0.08898081608943645,0.28807946021008896,0.03740598676101614,1.0,0.754044236362235,0.03740598676101614,1.0,0.067843360798306,0.17811240283945895,0.754044236362235,2.0
2017-05-01 00:00:00+00:00,369.25,370.5,355.5,359.25,570809,52.19512195121951,0.1796355773948786,363.325,363.51,362.52978368240406,371.873776459205,354.77622354079494,-0.1695555817367449,-0.3946634594702047,0.2251078777334598,0.0278357689631176,0.0328671328671328,14.407142857142857,25.825714360000013,3.26379778122449,17.332857142857144,32.84857090857145,3.546103758265306,0.0,2.2,0.0,0.0,3.123500108718872,3.208699941635132,3.109499931335449,3.176100015640259,0,61.19257876031556,0.0957970383054331,3.1468000411987305,3.147700071334839,-9.530833731657484e-05,0.0946805193211968,243.801,0.0812797871947212,2.3806124334402767,1,0,0,5,0,0,5,18,0.4999999999999999,-0.8660254037844387,0.8229838658936565,-0.5680647467311557,10.109999656677246,-0.0697180110142235,12.414999961853027,0.0,1172.7749307751656,-0.09081062092637869,359.25,366.5,15.452857142857143,7.1885714171428745,12.601991163098214,35.13350298492329,1186.9905266834307,1117.7763591634225,17.30354188000206,1152.6432052450139,67.1835688077091,0.1778019132940253,0.20482285932354738,0.20274925435018054,0.8769546654775173,0.040622884224779957,0.0375671546297502,0.03592352601324968,1.130815301973531,0.8050313383265625,0.03019892865113754,0.029333932043928042,0.08219617165253695,0.35687706477570497,-0.03336568637879844,0.0,0.08178900995261801,-0.03336568637879844,0.0,0.7146923949213995,0.20351859512598253,0.08178900995261801,0.0
2017-05-08 00:00:00+00:00,356.75,369.75,356.5,367.25,16427,45.9349593495935,0.212708388398937,362.875,362.885,361.91522598148697,371.8567065546405,353.89329344535946,-0.6570134021992544,-0.2983914041561806,-0.3586219980430738,-0.03385240352065,-0.011088011088011,18.031428571428574,51.114284802857156,2.9053584984897958,13.203571428571431,76.9628568057143,2.9737685806734695,0.0,0.4,0.0,0.0,3.175100088119507,3.1958000659942627,3.135999917984009,3.1777000427246094,0,61.08512816395344,0.0898486905567099,3.176100015640259,3.1414999961853027,-0.0015729809117737,0.0902728075298133,243.801,0.0812797871947212,2.3806124334402767,1,0,0,6,0,0,5,19,0.4999999999999999,-0.8660254037844387,0.7485107481711013,-0.663122658240795,9.770000457763672,-0.0342084861649504,11.34500002861023,0.0,1133.6444902420044,-0.2385778783720912,369.25,359.25,6.007142857142857,36.50857178857145,12.640802793128746,37.83217097336142,1186.2856871043762,1108.2509846235196,19.508675620214188,1145.04371924381,40.260135482442585,0.19281079625849487,0.2145907292053637,0.20953149946540245,0.920199528703016,0.03714085494043448,0.03588587626365627,0.036152826368197805,1.0273289365784255,0.02386885223034316,0.054009861970819015,0.03177014268235215,0.08157406854074868,0.3894637028168454,0.03083391730903995,1.0,0.6881953497396478,0.03083391730903995,1.0,0.09181304496706535,0.21999160529328687,0.6881953497396478,2.0
2017-05-15 00:00:00+00:00,367.75,371.75,357.25,358.25,212466,51.985559566787,0.2212973962758959,361.55,362.15,362.34766185692615,368.9334808509123,354.1665191490877,0.0755852441275237,-0.3400411143050505,0.4156263584325743,0.0308339173090399,-0.0087601078167115,23.768571428571427,20.091427977142867,4.2849021179591835,20.25,79.89714094857146,3.5571520540408166,0.2,0.0,0.0,0.0,3.196500062942505,3.1975998878479004,3.094899892807007,3.1777000427246094,0,60.48820089113538,0.0952308683622883,3.1777000427246094,3.142400026321411,-0.0022632274994154,0.0897907399022187,244.524,0.2965533365326678,2.199689878417299,1,0,0,7,0,0,5,20,0.4999999999999999,-0.8660254037844387,0.6631226582407952,-0.7485107481711012,10.420000076293944,0.0644105307383968,10.285000085830688,0.0,1168.599190711975,-0.5228760864742078,356.75,369.25,12.57642857142857,22.205715045714314,13.13171874195915,40.546040004020135,1196.176498843855,1106.5767644210396,22.399933605703822,1154.465907831076,55.951884584063045,0.2209373579552217,0.202967146170318,0.19379187620590546,1.1400753781841722,0.03942895989123046,0.03695967914108492,0.03693121579442961,1.067632038825464,0.3126596658935946,0.19638130243792304,0.02916402319481126,0.0592394498953099,0.49230737833111526,0.04397426553857242,1.0,0.8098003270607075,0.04397426553857242,1.0,0.04979736092768791,0.14040231201160458,0.8098003270607075,2.0
2017-05-22 00:00:00+00:00,375.0,377.5,364.25,367.25,823053,59.48275862068966,0.2293589478716031,364.3125,362.7,365.70253592559857,374.81422291638887,353.8107770836112,2.2737027944362467,0.9120772150101724,1.3616255794260743,0.0197144799456152,0.0504201680672269,21.237142857142857,50.168571648571444,4.596990808163265,24.834285714285716,46.91142817714288,4.400124415918368,0.2,0.0,0.0,0.0,3.104700088500977,3.4052000045776367,3.088900089263916,3.2532999515533447,0,59.28738410378506,0.1389073268279027,3.1777000427246094,3.14709997177124,0.0122534196950413,0.1057377409655032,244.524,0.2965533365326678,2.199689878417299,1,0,0,8,0,0,5,21,0.4999999999999999,-0.8660254037844387,0.5680647467311558,-0.8229838658936564,10.93000030517578,0.0477842864622817,10.30750012397766,0.0,1219.9874818325043,0.9287886329714623,367.75,356.75,2.4499999999999997,18.268571554285742,13.886723062754413,40.95671020873774,1244.6865944173037,1102.816452363521,35.46753551344572,1180.6745374316474,76.67481162767288,0.2544634536825808,0.19336441181705202,0.20437565544200284,1.2450770649835106,0.035333333333333335,0.03816004294281298,0.0373129392792781,0.9469456051000463,1.1796395852665598,0.08974671872457186,0.07256601898066867,0.07116828301372159,1.0196397287016228,-0.025191439502851076,0.0,0.11820158353685824,-0.025191439502851076,0.0,0.6247061300911692,0.2570922863719726,0.11820158353685824,0.0
2017-05-29 00:00:00+00:00,374.25,375.75,368.75,374.75,527770,66.50943396226415,0.2300995381084482,366.325,363.63,367.5226046984535,377.25191028713584,355.39808971286413,2.5947965976615137,1.799554178645555,0.795242419015959,0.0046979865771812,0.0338397790055249,21.38714285714286,35.55428609142858,3.5565402224489797,18.428571428571427,123.24571524000002,4.067327164489796,0.0,0.0,0.0,0.0,3.265500068664551,3.289999961853028,3.1777000427246094,3.1777000427246094,0,47.935540147641525,0.161402835430419,3.2532999515533447,3.1810998916625977,0.0185993417230153,0.1584908991971818,244.524,0.2965533365326678,2.199689878417299,1,0,0,9,0,0,5,22,0.4999999999999999,-0.8660254037844387,0.464723172043769,-0.8854560256532096,9.8100004196167,-0.1081090137577241,10.232500314712524,0.0,1189.254240989685,1.563380835768862,375.0,367.75,13.244285714285713,18.131428133714312,14.179745537968415,46.26567827527079,1250.4002125990887,1105.3424892889957,36.26443082752324,1184.1064188548626,55.27484194547045,0.265240901280422,0.20885448506650212,0.20870922191204191,1.2708632907633175,0.018704074816299265,0.03424602144121549,0.03668564302009306,0.5098471275965805,0.7767343220407467,0.4460744241828149,0.12347085929596027,0.07937595161606995,1.5555195399480133,0.01908540465263342,1.0,0.5508907241779822,0.01908540465263342,1.0,0.15390837071247193,0.2952009051095458,0.5508907241779822,2.0
2017-06-05 00:00:00+00:00,373.0,376.5,366.25,373.5,976969,55.38461538461538,0.2040490578523896,368.125,364.58,369.009283921048,378.7284999188175,357.5215000811825,2.3691986856725293,2.1335767211893564,0.2356219644831729,-0.0033400133600534,0.041899441340782,26.27857142857143,7.988571442857156,5.039205848163265,24.231428571428573,35.46000017142859,4.036376093265305,0.6000000000000001,0.0,0.0,0.0,3.255199909210205,3.291899919509888,3.218800067901612,3.2492001056671143,0,66.74583744619304,0.2075852813122226,3.1777000427246094,3.184900045394897,-0.0297020603003501,0.1891772447367485,244.524,0.2965533365326678,2.199689878417299,1,0,0,10,0,0,6,23,1.2246467991473532e-16,-1.0,0.3546048870425358,-0.9350162426854148,10.06999969482422,0.0261583600733765,10.30750012397766,0.0,1211.9516394138336,-3.266759366567678,374.25,375.0,12.191428571428572,43.885715348000026,14.82824121754649,45.56853775244226,1243.8920152141945,1151.0042612598045,23.22193848859746,1195.244507078451,78.01213243565302,0.24766361764982237,0.2041753626447532,0.2085940432476925,1.1872995121089918,0.027479892761394103,0.03161742314853832,0.03694387754658675,0.7438278585798959,1.4160376791029048,0.422445653015205,0.13952394879535124,0.08542015115144233,1.633384284396136,-0.010862065669832943,0.0,0.21532801107930785,-0.010862065669832943,0.0,0.4484595443126388,0.33621244460805333,0.21532801107930785,0.0
2017-06-12 00:00:00+00:00,377.25,391.75,371.25,372.0,1817082,52.01793721973095,0.1891920404201578,373.6375,367.12,374.3502950606812,386.0434355489259,361.23156445107406,4.575816168785195,3.5454886874080485,1.0303274813771468,0.0113941018766756,0.0464632454923716,29.542857142857144,2.7828572014285813,6.247867395102041,29.695714285714285,7.022857171428596,5.617690806530612,3.2,0.0,0.8,0.4,3.29259991645813,3.309799909591675,3.1777000427246094,3.1777000427246094,0,39.15410000023588,0.2153305679712716,3.2492001056671143,3.138999938964844,6.156572049044743e-05,0.2082807166037709,244.524,0.2965533365326678,2.199689878417299,0,0,0,0,0,0,6,24,1.2246467991473532e-16,-1.0,0.2393156642875576,-0.970941817426052,11.460000038146973,0.129302038190269,10.567500114440918,0.0,1198.787341117859,-0.29039676448362306,373.0,374.25,14.59,69.75713986800002,15.787433028396025,43.08171965044138,1232.3075873352493,1177.6827643416916,13.65620574838947,1196.6616406942144,62.7934074794958,0.20641699414979264,0.19537162119196835,0.208471738240422,0.9901437287883263,0.054340622929092114,0.03505737674626984,0.0381047517241645,1.4260848374399226,2.4935095516866315,0.49064265318335315,0.16506469583796562,0.09024815718692693,1.8290088428729487,0.029412887213969396,1.0,0.6727488939019773,0.029412887213969396,1.0,0.0979118763006558,0.22933922979736687,0.6727488939019773,2.0
2017-06-19 00:00:00+00:00,375.25,385.0,370.0,379.25,1157099,57.142857142857146,0.2049628125451532,376.2,368.645,376.2802292963513,388.13027991915294,364.26972008084704,3.5383069816221564,3.831402831271614,-0.2930958496494575,-0.005301524188204,0.0252732240437159,29.345714285714283,17.720000010000014,6.27192114122449,31.790714285714284,9.845714440000014,6.428587352653062,3.6,0.0,0.0,0.0,3.316699981689453,3.3313000202178955,3.27020001411438,3.288599967956543,0,53.94862430066604,0.2550338813755221,3.1777000427246094,3.193349957466125,-0.0254467870643167,0.227113682764076,244.733,0.0854721826896387,1.8748777208413612,0,0,0,0,0,0,6,25,1.2246467991473532e-16,-1.0,0.120536680255323,-0.992708874098054,10.369999885559082,-0.0999457034096321,10.427500009536743,0.0,1234.0471379756927,-2.6301508891213086,377.25,373.0,20.575,60.61999736457145,16.819902786932687,40.93746124976774,1247.313949624121,1169.706230124414,19.401929874926683,1211.6158396068058,56.901817683361706,0.20479102456962753,0.2033576658974857,0.19854399418971763,1.0314641603276047,0.039973351099267154,0.035166254987877184,0.03797204261944931,1.052704511390906,1.5473268671658447,0.42487740483801856,0.19870804032669095,0.10322032120585171,1.9250862500180188,-0.027915159126922773,0.0,0.10472829192169696,-0.027915159126922773,0.0,0.6560538921460289,0.2392178159322741,0.10472829192169696,0.0
2017-06-26 00:00:00+00:00,359.0,377.5,356.5,376.25,1009402,35.573122529644266,0.2146346661811953,374.15,368.35,371.0509975097252,391.1959132315265,357.10408676847345,-1.6725636059922522,1.2687616950634106,-2.941325301055663,-0.0433044636908727,-0.027758970886933,26.107142857142858,20.657143812857157,5.714357130204081,26.552142857142858,44.14000029428574,5.897743716530612,1.6,0.0,0.0,0.0,3.2809998989105225,3.344000101089477,3.278899908065796,3.3415000438690186,0,55.890005716109776,0.2433787615547031,3.288599967956543,3.2734999656677246,0.0045716047822739,0.2454630502620522,244.733,0.0854721826896387,1.8748777208413612,0,0,0,0,0,0,6,26,1.2246467991473532e-16,-1.0,-3.216245299353273e-16,-1.0,9.899999618530272,-0.0463822925974197,10.449999809265137,0.0,1199.5985157489777,0.37168829553775135,375.25,377.25,21.7,55.64571404228574,17.44778924307528,41.14407667199471,1243.9834829848144,1178.208834143367,16.4436622103618,1206.8089100636746,54.89924382503841,0.18779294865176382,0.21822147914600432,0.20393282343928362,0.9208568599998143,0.0584958217270195,0.039798752666614416,0.03924734916971781,1.4904396872682653,1.3311153396496613,0.4361282847444991,0.19185378543997164,0.10538328531162838,1.8205331772235993,0.040352064318985414,1.0,0.7803321819418437,0.040352064318985414,1.0,0.0591001514547826,0.16056766660337363,0.7803321819418437,2.0
2017-07-03 00:00:00+00:00,378.0,385.25,356.25,361.25,632724,47.6,0.2133159109752593,372.6,368.74,369.02242216410247,393.2221648769603,351.97783512303977,-1.525387269141106,-1.2560775361822754,-0.2693097329588307,0.052924791086351,0.0140845070422535,27.91857142857143,26.754286542857155,5.270392911836735,23.21,46.56857398285717,5.657276314897959,2.0,0.0,0.0,0.0,3.2948999404907227,3.324199914932251,3.2727999687194824,3.3015999794006348,0,46.96421518438843,0.2144997141865292,3.3415000438690186,3.249000072479248,0.0005388434138691,0.2220569667961099,244.733,0.0854721826896387,1.8748777208413612,0,1,0,0,1,0,7,27,-0.4999999999999997,-0.8660254037844388,-0.1205366802553228,-0.992708874098054,11.220000267028809,0.1251632052856613,10.737499952316284,0.0,1248.00479221344,-0.0315878413027287,359.0,375.25,17.332857142857144,32.84857090857145,17.819544775780102,41.494044240437454,1269.744649518289,1170.4742440096957,24.817601377148303,1223.2872629235808,63.73150103594556,0.20455017387384525,0.22330980958964583,0.20870404252118646,0.9800967992851047,0.07671957671957672,0.05140185304726991,0.04118585796574991,1.862764596423622,0.8680575181877579,0.33605119311963977,0.1719119534809579,0.10770056984376106,1.5962026734707178,-0.002516657384386889,0.0,0.2940420544155477,-0.002516657384386889,0.0,0.3488342968595021,0.3571236487249501,0.2940420544155477,1.0
2017-07-10 00:00:00+00:00,391.75,392.25,374.75,379.5,16774,63.8655462184874,0.2341266634433325,372.625,370.555,374.0998199250724,393.4016949400906,351.84830505990936,2.7316196904413914,0.2862429566290062,2.445376733812385,0.0573549257759784,0.0155541153596889,30.287142857142857,16.68000009142858,5.380540447755102,28.02857142857143,50.12285810857145,5.231776286734694,3.8,0.0,0.0,0.0,3.296999931335449,3.3289999961853027,3.1777000427246094,3.1777000427246094,0,34.927143451946975,0.2128494130273418,3.3015999794006348,3.2595999240875244,-0.0003331354815689,0.2146310365411619,244.733,0.0854721826896387,1.8748777208413612,0,1,0,0,2,0,7,28,-0.4999999999999997,-0.8660254037844388,-0.2393156642875574,-0.970941817426052,11.109999656677246,-0.0098523511445089,10.649999856948853,0.0,1244.8639917373657,-0.1187857308465287,378.0,359.0,13.203571428571431,76.9628568057143,18.47819165660535,42.05074190934933,1275.9776926701377,1187.2795261676004,22.174541625634337,1231.9179544490949,68.99981944322526,0.2036064440412065,0.21379187311836456,0.2040989559378163,0.9975868476631095,0.04467134652201659,0.054840143799394406,0.04179009738961041,1.068945482851822,0.024336730159938855,0.4194116849749447,0.21131287514683159,0.12639494369520038,1.671845821126764,-0.04275686024250158,0.0,0.052757808728213965,-0.04275686024250158,0.0,0.8002476690454562,0.14699452222632986,0.052757808728213965,0.0
2017-07-17 00:00:00+00:00,375.0,394.5,360.0,393.25,264497,59.2485549132948,0.2822957008263908,371.175,371.64,373.7116891861029,393.2490977046788,349.10090229532125,0.8090454736412198,1.2597129257486863,-0.4506674521074667,-0.0427568602425015,-0.0118577075098814,29.315714285714286,25.611428285714297,5.163149663265306,29.740000000000002,27.005713837142878,5.396965691836734,2.8,0.0,0.0,0.0,3.2530999183654785,3.2537999153137207,3.1749000549316406,3.1777000427246094,0,31.377920122819617,0.1924381856458423,3.297300100326538,3.272599935531616,0.0031287054940012,0.2087698109068154,244.955,0.0907111014861072,1.633487955256463,0,1,0,0,3,0,7,29,-0.4999999999999997,-0.8660254037844388,-0.3546048870425356,-0.9350162426854148,9.81999969482422,-0.1234244814599893,10.512499809265137,0.0,1191.6375160217285,0.2221594479140128,391.75,378.0,20.25,79.89714094857146,19.20475993682436,41.08009493694891,1280.1185063176329,1161.933901543123,29.546151193627413,1215.8057790781484,34.76908510097675,0.25787997005874963,0.22517538228105152,0.21443146567121457,1.2026218131061792,0.092,0.06237201921357598,0.044551096695647885,2.0650440993194743,0.40480797956744274,-0.19393283788449192,0.19875598427195962,0.126385730858956,1.5726139904798866,0.006000000000000005,0.0,0.3893607660507781,0.006000000000000005,0.0,0.25922510081784594,0.35141413313137604,0.3893607660507781,2.0
2017-07-24 00:00:00+00:00,377.25,393.25,371.0,380.75,705784,49.59349593495935,0.3157622153259622,374.825,373.74,376.7465510480814,397.4832737299875,352.1667262700125,2.2920760931365862,1.858289795792816,0.4337862973437705,0.006,0.0399724328049619,30.72142857142857,32.39142892857144,5.033616584081633,29.652142857142856,56.099999762857166,5.016787574081633,4.0,0.0,0.0,0.0,3.1542999744415283,3.181999921798706,3.09470009803772,3.1777000427246094,0,36.069274847630965,0.1921062262391539,3.1777000427246094,3.333400011062622,-0.0101132709149989,0.1937448193044431,244.955,0.0907111014861072,1.633487955256463,0,1,0,0,4,0,7,30,-0.4999999999999997,-0.8660254037844388,-0.464723172043768,-0.8854560256532101,9.43000030517578,-0.0405249622818203,10.394999980926514,0.0,1198.787341117859,-1.1020381929859973,375.0,391.75,24.834285714285716,46.91142817714288,19.878784641361037,42.04912105474945,1280.3121414003701,1161.3346791448264,29.74436556388594,1208.9984038940327,49.63762055461104,0.2322735796056665,0.21597365639990884,0.20412521482148954,1.1378974833159061,0.058979456593770706,0.06617324031247669,0.04515265168496084,1.306223252247723,1.03032769265523,-0.44701885493176496,0.14541713814514726,0.1258595167595782,1.1553923798150676,-0.01722995361166335,0.0,0.166380784142055,-0.01722995361166335,0.0,0.5278455787216056,0.3057736371363393,0.166380784142055,0.0
2017-07-31 00:00:00+00:00,370.75,383.75,366.0,382.0,455737,38.37837837837838,0.3332594874985349,377.6,374.26,374.9734621655055,393.999133481661,361.200866518339,0.1189894649334064,1.0223502629313326,-0.903360797997926,-0.0172299536116633,0.0305767894371091,27.967142857142857,28.188572628571443,4.780512643265306,29.410714285714285,77.11428723428574,5.032334366938776,1.2,0.0,0.0,0.0,3.142699956893921,3.1777000427246094,3.1161000728607178,3.1777000427246094,0,50.0,0.2030680740700803,3.1777000427246094,3.2795000076293945,0.0188375972680764,0.2015174846685075,244.955,0.0907111014861072,1.633487955256463,0,1,0,0,5,0,7,31,-0.4999999999999997,-0.8660254037844388,-0.5680647467311556,-0.8229838658936566,10.260000228881836,0.0843567330432039,10.15499997138977,0.0,1178.132290840149,1.7930486253215325,377.25,375.0,18.428571428571427,123.24571524000002,20.493747844222536,44.31138984052598,1261.2902414527869,1145.4203284057642,28.967478261755634,1196.6519586724794,8.494288150116049,0.22089487473883895,0.1932903610351604,0.1936978596876915,1.140409417486101,0.04787592717464599,0.06404926140200198,0.044760834503495675,1.069593920885631,0.6446543860805473,-0.5089885848405086,0.11969518119871432,0.1251532119980935,0.9563891307611535,-0.011246888152137258,0.0,0.21209480433027084,-0.011246888152137258,0.0,0.4532232900821348,0.33468190558759436,0.21209480433027084,0.0
2017-08-07 00:00:00+00:00,372.25,372.5,361.25,369.25,610059,46.41509433962264,0.3193199871549645,373.3875,373.705,371.58992595789033,390.6391017563556,356.1358982436444,-1.8112433951314413,-0.8481705818130054,-0.963072813318436,0.0040458530006743,-0.0261608894702419,25.367142857142856,13.485714841142869,4.404723447755102,26.395714285714284,40.30857375371431,4.665907275714285,0.4,0.0,0.0,0.0,3.125699996948242,3.134299993515014,3.092400074005127,3.129300117492676,0,42.3699109138273,0.2092508536636083,3.1777000427246094,3.2869999408721924,0.0079301530491996,0.2034775981280469,244.955,0.0907111014861072,1.633487955256463,0,0,0,0,0,0,8,32,-0.8660254037844385,-0.5000000000000004,-0.663122658240795,-0.7485107481711013,9.93000030517578,-0.0326923532610066,9.860000133514404,0.0,1164.8819687366486,0.7023042034338528,370.75,377.25,24.231428571428573,35.46000017142859,20.874519872705875,44.05314364137684,1213.3661497847283,1153.353408573464,15.003185302816027,1183.9439626981473,7.58347285744064,0.1364150952823945,0.18653567050639586,0.19492822849449443,0.6998221311390317,0.03022162525184688,0.05474967110845602,0.04383037518837137,0.6895131110977544,0.8663468309896535,-0.5613149809619089,0.12088282628123385,0.12349054469868442,0.9788831751236895,-0.010448507715761668,0.0,0.21884234875178885,-0.010448507715761668,0.0,0.44335062589525864,0.3378070253529525,0.21884234875178885,0.0
2017-08-14 00:00:00+00:00,362.75,375.5,356.0,372.5,911127,44.59459459459459,0.2815194997393112,371.0375,373.03,368.62515338734426,387.35529380733976,354.7197061926603,-2.958968443591459,-1.9081457929244243,-1.0508226506670348,-0.025520483546004,-0.0068446269678302,26.292857142857144,12.16000005257144,4.207942553877551,24.168571428571425,25.448571973714312,4.2574711928571425,0.0,0.0,0.0,0.0,3.124300003051758,3.202699899673462,3.119999885559082,3.1777000427246094,0,56.8434307552855,0.142509326789861,3.129300117492676,3.2100000381469727,0.0057044419177586,0.2096321320875683,244.786,-0.0689922638852036,1.727978456372492,0,0,0,0,0,0,8,33,-0.8660254037844385,-0.5000000000000004,-0.7485107481711011,-0.6631226582407952,12.329999923706056,0.2164748021987975,10.487500190734863,0.0,1152.710690498352,0.6394364556610637,372.25,370.75,29.695714285714285,7.022857171428596,21.08703932792301,42.85284869507604,1213.0794433884578,1134.1767022080464,19.72568529510278,1171.4506538182293,13.43283582089552,0.1301289297469495,0.1793445778531195,0.1942075563976266,0.6700507717630295,0.053756030323914544,0.05656660786883562,0.04514783236162965,1.1906666523138398,1.2726122571094851,-0.5591539059631959,0.07826129750116066,0.12531673761819664,0.6245078889184059,-0.0379048931771192,0.0,0.06628270797743871,-0.0379048931771192,0.0,0.7586412628993894,0.1750760291231719,0.06628270797743871,0.0
2017-08-21 00:00:00+00:00,349.0,361.0,346.5,361.0,587035,37.72727272727272,0.2436166601533859,363.625,370.045,361.9194809769028,380.4753474898406,346.7746525101594,-5.820913758988297,-4.036228901878539,-1.7846848571097578,-0.0379048931771192,-0.0809743252139565,28.37714285714286,28.208571508571442,4.079813588979592,26.064999999999998,25.908571268571457,4.285266951428571,2.4000000000000004,0.0,0.0,0.0,3.187000036239624,3.2018001079559326,3.128499984741211,3.1777000427246094,0,65.98896780685573,0.1282332293115823,3.1777000427246094,3.1184000968933105,0.0012911009946376,0.1336655679437879,244.786,-0.0689922638852036,1.727978456372492,0,0,0,0,0,0,8,34,-0.8660254037844385,-0.5000000000000004,-0.8229838658936564,-0.5680647467311559,13.1899995803833,0.0674236239273927,11.427500009536743,0.0,1109.0173149108887,0.1981023633489636,362.75,372.25,31.790714285714284,9.845714440000014,21.408198080960233,41.7596695062693,1211.1211409044793,1091.2499915885398,29.9677873289849,1146.477318255293,0.0,0.11609124752242529,0.19507277126931702,0.1952237088439814,0.5946574945393952,0.04154727793696275,0.046476063456228164,0.04494783391993258,0.9243441801340372,0.8385324243440897,-0.4598001841438871,0.07826129750116066,0.12523552280254324,0.6249128801532224,-0.043005747393211724,0.0,0.05213935919859211,-0.043005747393211724,0.0,0.8022294858238042,0.14563115497760373,0.05213935919859211,0.0
2017-08-28 00:00:00+00:00,336.0,351.0,335.5,349.0,552885,18.00947867298578,0.210776414528303,355.825,366.165,353.4805362128478,378.1792648704191,333.4707351295809,-8.490152713407838,-6.483401636306544,-2.0067510771012937,-0.0372492836676218,-0.1022044088176352,24.78857142857143,28.265715247428584,4.181618716734694,28.749999999999996,60.14000057657146,4.0691823548979595,0.0,0.0,0.0,0.0,3.162800073623657,3.166599988937378,3.1333000659942627,3.158699989318848,0,59.43136623575721,0.0987996465990934,3.1777000427246094,3.152600049972534,0.0013856134569049,0.1118458092012705,244.786,-0.0689922638852036,1.727978456372492,0,0,0,0,0,0,8,35,-0.8660254037844385,-0.5000000000000004,-0.8854560256532096,-0.4647231720437691,11.31999969482422,-0.1528878890999324,11.69249987602234,0.0,1061.323196411133,0.2075536095756936,349.0,362.75,26.552142857142858,44.14000029428574,21.881862720898283,42.94549731725654,1216.020400513106,1027.946184765405,47.01855393692529,1112.415669517629,0.0,0.11396397517047771,0.18635152962968196,0.20622137937065607,0.5526292666258897,0.046130952380952384,0.0439063626136645,0.045551384263775835,1.0127231696536112,0.8095294850087176,-0.3684943678310487,0.08061558604839161,0.12520612988389895,0.6438628818294756,0.01799152056584008,1.0,0.5373244447272383,0.01799152056584008,1.0,0.16116625879710272,0.30150929647565894,0.5373244447272383,2.0
2017-09-04 00:00:00+00:00,340.0,345.5,328.5,335.5,312478,27.80487804878048,0.2222959909014556,350.2125,363.535,347.9500540402124,375.6276193087076,324.7973806912924,-8.573715693407394,-7.965687992065002,-0.6080277013423911,0.0036900369003689,-0.0646492434662998,25.952857142857145,10.022857326857157,3.9035844946938774,26.162142857142857,53.37143039885718,4.06750705755102,0.6000000000000001,0.0,0.0,0.0,3.165699958801269,3.1777000427246094,3.12280011177063,3.1777000427246094,0,47.33893071041989,0.0715852729903496,3.158699989318848,3.111500024795532,0.0038697880238329,0.0925587210390959,244.786,-0.0689922638852036,1.727978456372492,0,0,1,0,0,1,9,36,-1.0,-1.8369701987210294e-16,-0.9350162426854148,-0.3546048870425359,10.130000114440918,-0.1110697162582256,11.742499828338625,0.0,1080.4180145263672,0.4559710662684936,336.0,349.0,23.21,46.56857398285717,22.15800982646245,43.618138161230775,1180.3327622970903,1021.4018458762799,39.73272910520261,1099.6166075211245,15.568087364273524,0.17964242985636925,0.19683097254392798,0.2092491567665029,0.8585096544581645,0.05,0.044331177178735304,0.046584808547541184,1.073311039066805,0.47829215789772234,-0.4201971637269156,0.0840234238469627,0.1255451913382592,0.6692683029801875,0.016176470588235237,1.0,0.5147016433692053,0.016176470588235237,1.0,0.1738155277098535,0.31148282892094115,0.5147016433692053,2.0
2017-09-11 00:00:00+00:00,345.5,347.25,341.25,343.25,10780,46.53465346534653,0.2290656800618878,344.7375,362.14,346.6113794342784,360.16344789383305,329.31155210616697,-5.346058823128828,-6.812998183083263,1.4669393599544345,0.0161764705882352,-0.032890132960112,23.502857142857145,5.728571793142872,4.403714280408164,27.12,9.488571625142885,3.9708580869387755,0.2,0.0,0.8,0.6,3.13919997215271,3.1777000427246094,3.0787999629974365,3.1777000427246094,0,52.80639787344445,0.0969325312237847,3.1777000427246094,3.1735999584198,0.010025902575946,0.0768183775717639,244.786,-0.0689922638852036,1.727978456372492,0,0,1,0,0,2,9,37,-1.0,-1.8369701987210294e-16,-0.970941817426052,-0.2393156642875577,10.729999542236328,0.057542184422748,11.342499732971191,0.0,1097.8953647613525,1.0715825214798036,340.0,336.0,28.02857142857143,50.12285810857145,22.478138224755195,41.41623064277349,1128.8925194704166,1045.434425834454,20.86452340899062,1098.9281104172157,28.581013464379993,0.2105401203014611,0.16740978103194507,0.20964527012039644,1.004268353575863,0.017366136034732273,0.04176007933531238,0.04553940623306346,0.3813429655280419,0.01771430134869398,-0.46454999968198535,0.058181073752786874,0.12554562946143047,0.4634256833003028,-0.004404633981179407,0.0,0.27483432208195074,-0.004404633981179407,0.0,0.37057092978066064,0.3545947481373886,0.27483432208195074,0.0
2017-09-18 00:00:00+00:00,351.5,355.5,336.0,346.0,340088,62.109375,0.2179709523899318,342.4125,358.815,346.4051721555949,354.1758183199705,330.6491816800295,-2.695918759246922,-4.928820153616393,2.2329013943694718,0.0173661360347323,0.0028530670470756,27.542857142857144,7.251428593142872,4.3573480065306125,25.752142857142854,12.951429322285746,4.4638919497959195,2.4,0.0,0.6000000000000001,0.0,3.1015000343322754,3.143699884414673,3.08240008354187,3.1096999645233154,0,41.83405113326784,0.1547368128284846,3.1777000427246094,3.17330002784729,0.0255300654292007,0.1274632777510259,245.519,0.2994452297108596,1.9389742120581757,0,0,1,0,0,3,9,38,-1.0,-1.8369701987210294e-16,-0.992708874098054,-0.1205366802553235,10.149999618530272,-0.0555698460759966,10.582499742507936,0.0,1093.0595375299454,2.2535613132092105,345.5,340.0,29.740000000000002,27.005713837142878,22.689364330070532,39.579791847903316,1115.8235919816798,1050.5244646327192,16.324781837240195,1096.5806812623075,41.04523077512611,0.2119554750993035,0.16679121898408703,0.19938055802141338,1.0630698728701564,0.05547652916073969,0.04210417910267741,0.04628208847986145,1.1986606265245077,0.5696503821197408,-0.08726155596200565,0.07616732018275271,0.1294574294561409,0.5883580001484393,0.010867318312960839,0.0,0.44852450556975343,0.010867318312960839,0.0,0.21528363957964938,0.3361918548505972,0.44852450556975343,2.0
2017-09-25 00:00:00+00:00,353.75,356.25,346.5,351.0,613679,60.10638297872341,0.240510378292841,344.3125,356.2,348.3870741368288,358.22659262892887,330.3984073710712,-0.202763359686287,-2.305365103902845,2.102601744216558,0.0064011379800854,0.0343567251461989,29.45,26.154285440571442,3.961698292244898,27.304285714285715,24.820000279428598,4.354911677959184,4.0,0.0,0.0,0.0,3.1314001083374023,3.150099992752075,3.1171998977661133,3.123500108718872,0,47.33312911943554,0.1552586158460083,3.1096999645233154,3.1465001106262207,-0.0026975717324909,0.1537612005078668,245.519,0.2994452297108596,1.9389742120581757,0,0,1,0,0,4,9,39,-1.0,-1.8369701987210294e-16,-1.0,-1.8369701987210294e-16,10.210000038146973,0.0058939680082393,10.304999828338625,0.0,1104.938163459301,-0.5692024029599496,351.5,345.5,29.652142857142856,56.099999762857166,22.98710119356829,38.627547230582366,1114.7384539177513,1073.4170862207318,10.330341924254872,1099.9236741411048,90.92487552356738,0.18530455822798195,0.15471278175027264,0.1936715672457735,0.9567978991198403,0.02756183745583039,0.03930709100645094,0.04580313760563124,0.6017454890467356,0.9789504883274707,0.060845700521865255,0.08064392712377408,0.1297411917015867,0.621575305809641,0.006332402883056476,0.0,0.3933195426679366,0.006332402883056476,0.0,0.25604637049138984,0.3506340868406736,0.3933195426679366,2.0
2017-10-02 00:00:00+00:00,351.5,358.0,348.5,352.75,926899,64.02439024390245,0.214352869833365,348.525,353.405,350.2379984929677,359.10415029928214,337.9458497007178,0.8847004037723991,-0.3017592926943762,1.1864596964667753,-0.0063604240282685,0.0270270270270269,22.815714285714286,15.008571131428585,3.5842786187755102,29.51214285714286,40.82857063714289,3.887846813877551,0.4,0.0,0.0,0.0,3.157299995422364,3.1975998878479004,3.1530001163482666,3.1633999347686768,0,66.32494571121659,0.1603519147533117,3.123500108718872,3.1459999084472656,-0.0035154774926769,0.1541688515670318,245.519,0.2994452297108596,1.9389742120581757,0,0,1,0,0,5,10,40,-0.8660254037844386,0.5000000000000001,-0.992708874098054,0.1205366802553232,9.449999809265137,-0.0773529145907427,10.134999752044678,0.0,1111.9350770711899,-0.6509929789785496,353.75,351.5,29.410714285714285,77.11428723428574,23.408071623476328,38.76954874068305,1118.4539476113457,1085.4601237995487,8.24845595294931,1104.7282353131388,88.25933997771641,0.064255166206553,0.1548815249774133,0.18667005335141362,0.34421784110926323,0.02702702702702703,0.03548630593566587,0.045183040962421074,0.5981673758486454,1.3988900175302674,0.05178102414282842,0.09430882583275085,0.13157295982998965,0.7167796391204881,-0.008173003913277799,0.0,0.2389126381508807,-0.008173003913277799,0.0,0.41548163075976785,0.34560573108935144,0.2389126381508807,0.0
2017-10-09 00:00:00+00:00,349.5,351.75,346.0,351.5,724512,52.80898876404495,0.1807933316332623,349.725,350.995,349.9023452971508,359.06069832203553,340.3893016779645,0.1544005891580582,0.1053836317704575,0.0490169573876006,-0.0056899004267425,0.0152505446623094,21.91,41.0714292057143,2.9463034865306126,22.107142857142858,45.11999966857145,3.250338315836735,0.0,0.0,0.0,0.0,3.1533000469207764,3.186599969863892,3.119800090789795,3.1554999351501465,0,56.109084224220766,0.1454161504872301,3.1633999347686768,3.097599983215332,-0.005516828152084,0.1592566280284735,245.519,0.2994452297108596,1.9389742120581757,0,0,1,0,0,6,10,41,-0.8660254037844386,0.5000000000000001,-0.970941817426052,0.2393156642875573,10.329999923706056,0.0890375544238119,10.03499984741211,0.0,1102.8472273349762,-0.8511280449192595,351.5,353.75,26.395714285714284,40.30857375371431,23.32414073532578,39.17925525215972,1118.784575273559,1087.6054274241471,7.794786962352933,1103.975832121874,57.54875131283275,0.07359025166347513,0.15290766448442825,0.1700148659706226,0.43284595682198435,0.016452074391988557,0.02877672081406358,0.044238978015353835,0.37189083950741836,1.1016362334243959,0.035425474610062624,0.09157421626590505,0.12526317419214159,0.7310545141934048,-9.443537534581381e-05,0.0,0.3197933226694538,-9.443537534581381e-05,0.0,0.32185101987145986,0.35835565745908626,0.3197933226694538,1.0
2017-10-16 00:00:00+00:00,350.5,354.0,342.5,349.0,908911,46.84684684684685,0.142053891271937,350.775,349.38,349.8174034598874,355.44827226751926,346.1017277324807,0.058978805200752,-0.0090766543961406,0.0680554595968926,0.0028612303290413,-0.0119802677942212,17.82857142857143,44.70571525000001,2.0774183283265306,22.68285714285714,116.23428816000005,2.523635004612245,0.0,0.2,0.0,0.0,3.183300018310547,3.1874001026153564,3.128700017929077,3.146199941635132,0,47.03998942058626,0.0832856543648956,3.1554999351501465,3.1180999279022217,0.0009828686690184,0.1203388974586279,246.819,0.5294905893230117,2.2329638650032235,0,0,1,0,0,7,10,42,-0.8660254037844386,0.5000000000000001,-0.9350162426854148,0.3546048870425355,9.90999984741211,-0.0415079428013487,9.974999904632568,0.0,1102.7430795431137,-0.4312037224211718,349.5,351.5,24.168571428571425,25.448571973714312,23.282767600327805,44.15054769782684,1114.2807562590717,1096.9510174452187,4.332434703463212,1103.48273109037,67.25043061179915,0.05581460680926051,0.15305177025070388,0.16654525213533908,0.3351317599410549,0.03281027104136947,0.03186554781539101,0.044944287826607345,0.7300207730010537,1.3431003579661023,0.018580732546613153,0.09148135260865728,0.11964792474818874,0.7645878117427527,0.01637786396117158,1.0,0.5172164905399385,0.01637786396117158,1.0,0.17237423234829738,0.31040927711176414,0.5172164905399385,2.0
2017-10-23 00:00:00+00:00,351.25,351.75,343.0,350.25,848812,52.94117647058823,0.103962920210801,350.15,347.6,349.3506544989029,355.1955817047196,345.1044182952804,-0.2935797015558137,-0.1634842773703651,-0.1300954241854485,0.0021398002853068,-0.0063649222065064,20.405714285714286,17.371428591428586,2.7560833559591837,19.202142857142857,56.71142878857146,2.166051224285714,0.0,0.0,0.0,0.0,3.166800022125244,3.214400053024292,3.142800092697144,3.1909000873565674,0,59.62514916251588,0.0874678055277392,3.146199941635132,3.134500026702881,-0.0072206955651993,0.0852144103541736,246.819,0.5294905893230117,2.2329638650032235,0,0,1,0,0,8,10,43,-0.8660254037844386,0.5000000000000001,-0.8854560256532101,0.464723172043768,11.06999969482422,0.1106943862081928,10.18999981880188,0.0,1120.8036556839943,-1.2515601458429417,350.5,349.5,26.064999999999998,25.908571268571457,23.01950148786426,44.96092712303617,1126.8484319831723,1092.3160878334647,8.633086037426864,1110.4111009278197,73.16164924542714,0.06862721120542718,0.15997890768501202,0.16560624726965623,0.4143998683194783,0.02491103202846975,0.025752448388937026,0.044815844789961125,0.5558531047822364,1.2662821925467447,-0.023213701151941532,0.058341514634196436,0.11607756886171121,0.5026079558714908,0.006542519082355147,0.0,0.3958292211535127,0.006542519082355147,0.0,0.254050288369913,0.35012049047657434,0.3958292211535127,2.0
2017-10-30 00:00:00+00:00,348.75,355.25,347.25,351.0,857685,49.20634920634921,0.1223727979097466,349.4625,347.175,349.66457752981114,353.31256835237406,345.6124316476259,-0.0591405016010639,-0.0304291654188831,-0.0287113361821808,-0.0071174377224199,-0.0182969739619985,10.187142857142858,25.5342863017143,2.44982754677551,19.307142857142857,28.345715245142884,2.9236252091836734,0.0,3.8,0.0,0.0,3.236599922180176,3.296799898147583,3.215399980545044,3.234800100326538,0,58.15774054813637,0.1022470235266473,3.1909000873565674,3.1809000968933105,0.0081815561531513,0.0906176329939718,246.819,0.5294905893230117,2.2329638650032235,0,0,1,0,0,9,10,44,-0.8660254037844386,0.5000000000000001,-0.822983865893657,0.5680647467311548,10.5,-0.0528634619892463,10.452499866485596,0.0,1128.1365349888802,0.2886650259921183,351.25,350.5,28.749999999999996,60.14000057657146,22.779994479430623,43.8889779696237,1139.3670135479658,1087.8982352275164,12.86719458011238,1117.501274552244,73.42235900443985,0.0652288776709905,0.13228007426204058,0.1659728254295718,0.39300935904459766,0.022939068100358423,0.024827894517842636,0.04324576704852444,0.5304348693889664,1.3781429644667431,-0.12191398159507434,0.06415792894649486,0.11238949061275297,0.5708534035359419,0.01567916239741618,1.0,0.5084887142505473,0.01567916239741618,1.0,0.177415303540685,0.31409598220876767,0.5084887142505473,2.0
2017-11-06 00:00:00+00:00,348.0,352.0,345.25,348.0,956109,46.55172413793104,0.1219513042645549,349.1625,347.635,349.09968344489715,353.43688822979465,344.8881117702054,-0.3672402578089304,-0.2363928158746651,-0.1308474419342652,-0.0021505376344086,-0.0057142857142856,9.321428571428571,12.671429138285728,1.4792522815918367,8.290000000000001,45.265714921714306,2.0485246006938773,0.0,4.0,0.0,0.0,3.2871999740600586,3.3315000534057617,3.2423999309539795,3.29259991645813,0,68.37993382746559,0.1322329212335782,3.234800100326538,3.152400016784668,-0.0158560285029031,0.1217904456094246,246.819,0.5294905893230117,2.2329638650032235,0,0,1,0,0,10,11,45,-0.5000000000000004,0.8660254037844384,-0.7485107481711011,0.6631226582407952,9.399999618530272,-0.1106656084694062,10.21999979019165,0.0,1145.8247709274292,-2.1150934396133216,348.75,351.25,26.162142857142857,53.37143039885718,21.845156125918972,43.97779970846826,1160.0596164130995,1088.6944041586091,17.84130306362257,1128.8306731023183,99.75883809635465,0.07524733711587589,0.0671565304186053,0.1601922081216441,0.46973153876136375,0.01939655172413793,0.023301799457264814,0.04221692707976798,0.4594495258499822,1.5615070973920404,-0.46593817783152336,0.07155662950065736,0.1015498023819011,0.7046456100928323,-0.021361765775968045,0.0,0.13966342129958112,-0.021361765775968045,0.0,0.578858282959423,0.2814782957409959,0.13966342129958112,0.0
2017-11-13 00:00:00+00:00,342.25,349.75,340.75,347.75,1630797,29.0,0.1274314642679808,347.95,348.475,347.22627001100767,354.00370699846184,341.89629300153814,-1.5034197644599203,-0.7777035243332099,-0.7257162401267104,-0.016522988505747,-0.0297661233167966,5.975714285714285,10.900000181714299,1.2479298951020408,11.454285714285714,31.180001356571452,1.2987670287551019,0.0,6.8,0.0,0.0,3.247999906539917,3.2957000732421875,3.236999988555908,3.276400089263916,0,56.072879657968095,0.1426996563049334,3.29259991645813,3.1689999103546143,0.0085402453194844,0.1335835321073713,246.663,-0.0632042103727692,2.041128701976169,0,0,1,0,0,11,11,46,-0.5000000000000004,0.8660254037844384,-0.6631226582407955,0.7485107481711007,11.5,0.201637386675133,10.617499828338625,0.0,1121.3479305505753,0.9172287423212091,348.0,348.75,27.12,9.488571625142885,21.17477738968457,43.15213529866847,1152.396278995447,1105.6601670799926,11.684027978863607,1125.8375760816214,63.7694311306474,0.1116785570320358,0.08921262874394137,0.15771514005500248,0.7081029120733702,0.026296566837107377,0.025270697946288577,0.040606964335272375,0.6475874469244912,2.53477866342867,-0.250777927526693,0.07646002977941745,0.0981286136640225,0.7791817201187391,0.0012971345825623093,0.0,0.335114346267114,0.0012971345825623093,0.0,0.30685652291444027,0.3580291308184458,0.335114346267114,1.0
2017-11-20 00:00:00+00:00,345.0,345.25,336.25,342.0,1266912,48.88888888888889,0.1385416508250656,345.8,348.025,344.55996936608227,355.212477720786,336.387522279214,-2.2540096444132587,-1.9150872632226608,-0.3389223811905975,0.008035062089116,0.0014513788098693,9.40857142857143,17.257143411428583,1.1522645709795918,6.542142857142857,19.70000021428574,1.2848364344285714,0.0,3.6,0.0,0.0,3.27810001373291,3.313199996948242,3.2535998821258545,3.254499912261963,0,53.14592393311499,0.1472580726623107,3.248699903488159,3.170099973678589,-0.0008000594345782,0.143849220975786,246.663,-0.0632042103727692,2.041128701976169,0,0,1,0,0,12,11,47,-0.5000000000000004,0.8660254037844384,-0.5680647467311559,0.8229838658936564,10.649999618530272,-0.0767871790325247,10.512499809265137,0.0,1122.8024697303772,-0.0168017330850508,342.25,348.0,25.752142857142854,12.951429322285746,20.230736452101237,41.63909432548249,1152.027325389359,1107.0285277092719,11.249699420021834,1124.6235335411238,51.96144865352044,0.11121371330949727,0.08359946823425436,0.1403173837399207,0.7925867944471139,0.02608695652173913,0.02392603504236251,0.038075333325380496,0.6851404148560868,1.8766898047336473,-0.208331177807271,0.08375625881287077,0.0968612866382869,0.8647030518871247,-0.02463267396620461,0.0,0.12114479242053953,-0.02463267396620461,0.0,0.6181335745545413,0.26072163302491913,0.12114479242053953,0.0
2017-11-27 00:00:00+00:00,338.75,347.0,338.5,344.0,841265,36.090225563909776,0.1329787295026999,344.2125,347.95,343.8924278863087,352.5163909714274,335.9086090285725,-1.8910535900650984,-1.8331620178096664,-0.057891572255432,-0.0123906705539358,-0.0335235378031383,10.234285714285715,14.760000422285728,1.587952659714286,8.282857142857143,53.028573128000026,1.1796457194285714,0.0,3.0,0.0,0.0,3.253999948501587,3.263999938964844,3.212399959564209,3.232899904251098,0,38.6631376305957,0.1453695373894782,3.254499912261963,3.2311999797821045,-0.0049348518550371,0.153331093502736,246.663,-0.0632042103727692,2.041128701976169,0,0,1,0,0,13,11,48,-0.5000000000000004,0.8660254037844384,-0.4647231720437684,0.88545602565321,9.869999885559082,-0.0760600144861139,10.354999780654907,0.0,1095.1448425650594,-0.43028097513094077,345.0,342.25,27.304285714285715,24.820000279428598,19.459905528924196,42.373899409515886,1162.7177440939552,1079.8422627927655,20.71887032529745,1112.8320571506981,26.8567840222491,0.12835456265423245,0.10372589776022473,0.14372387727324262,0.8930635337618543,0.025092250922509225,0.023962278821170406,0.03709637854540513,0.6764068392209361,1.1744548445346008,0.1348225961118998,0.08681933765413943,0.07407473183522417,1.1720504925587865,0.009809177006780967,0.0,0.4354765071171985,0.009809177006780967,0.0,0.22435612628703722,0.34016736659576424,0.4354765071171985,2.0
2017-12-04 00:00:00+00:00,339.5,346.0,335.5,339.0,463398,46.45161290322581,0.142457239626014,342.2,346.905,342.5481456743752,349.7473941129999,334.65260588700005,-1.753851772835901,-1.9150629898885536,0.1612112170526525,0.0022140221402213,-0.0313837375178316,12.435714285714285,0.6514286000000105,1.763675530122449,10.977142857142857,0.9885714537143112,1.700471848530612,0.0,1.2000000000000002,3.6,1.4,3.2263998985290527,3.285799980163574,3.200700044631958,3.2574000358581543,0,46.135051088405135,0.1166225020869047,3.232899904251098,3.266200065612793,0.0039050273807205,0.1348311119718734,246.663,-0.0632042103727692,2.041128701976169,0,0,1,0,0,14,12,49,-2.4492935982947064e-16,1.0,-0.3546048870425359,0.9350162426854148,11.68000030517578,0.1683781616775783,10.924999952316282,0.0,1105.8873121738434,0.4537069484448192,338.75,345.0,29.51214285714286,40.82857063714289,18.91263051784153,39.70387825107708,1137.7166895394562,1084.8745879704716,13.21052539224617,1110.0541591599563,18.9596282943601,0.1323769798829942,0.10313225593006589,0.13105361331077536,1.0100978251404824,0.030927835051546393,0.025560032211408002,0.034042770297982444,0.9084990938116573,0.6380716438856302,-0.12097348924383049,0.0785490416538972,0.07483100857188625,1.0496855869794053,0.00041361592223876364,0.0,0.32534414121379146,0.00041361592223876364,0.0,0.3163318547965541,0.3583240039896544,0.32534414121379146,1.0
2017-12-11 00:00:00+00:00,336.5,343.0,336.0,339.75,18289,35.34482758620689,0.1448411478039366,340.4625,345.435,341.04524164710296,346.4609098771968,334.4640901228032,-1.9411219435684188,-1.859575587867508,-0.081546355700911,-0.0088365243004417,-0.014641288433382,3.2028571428571433,5.368571465714299,1.4815487033877552,11.14642857142857,2.451428654285733,1.6829861719183674,0.0,6.4,0.2,0.0,3.2425999641418457,3.3160998821258545,3.219300031661988,3.287800073623657,0,57.41231831015367,0.1111634136627593,3.2574000358581543,3.251300096511841,-0.0042275300607226,0.1194439351411793,246.663,-0.0632042103727692,2.041128701976169,0,0,0,0,0,0,12,50,-2.4492935982947064e-16,1.0,-0.2393156642875578,0.970941817426052,9.34000015258789,-0.2235717349503595,10.384999990463257,0.0,1106.3447247743604,-0.3595487956994908,339.5,338.75,22.107142857142858,45.11999966857145,18.41158523097618,37.3004944061228,1130.3700536713568,1084.7196209504636,11.412608180223307,1108.570385405718,31.391164286825173,0.11051933037340247,0.10194494512335564,0.13022872693555243,0.8486554732393378,0.020802377414561663,0.025841197349492744,0.03213391633902199,0.6473649436763722,0.026434047816733575,-0.17626822821825963,0.05774682050079343,0.07590164690938284,0.7608110659525651,0.03252087131036574,1.0,0.7060016803032744,0.03252087131036574,1.0,0.08501783109138437,0.20898048860534124,0.7060016803032744,2.0
2017-12-18 00:00:00+00:00,347.0,350.75,335.25,336.5,338203,65.92592592592592,0.1455483880312865,340.75,344.525,341.1538038107162,348.3761323578247,333.1238676421753,-0.66623674263883,-1.6368790032526446,0.9706422606138144,0.0312035661218423,0.0312035661218423,4.965714285714285,1.6685714128571565,1.203320457142857,3.7049999999999996,10.468571500000028,1.406720040653061,0.0,6.4,0.2,0.0,3.303400039672852,3.344399929046631,3.2785000801086426,3.2920000553131104,0,62.14821022218023,0.1096225775087049,3.287800073623657,3.2706000804901123,0.0001825397903916,0.1161188384137736,246.669,0.0024324685907517,2.202582938683184,0,0,0,0,0,0,12,51,-2.4492935982947064e-16,1.0,-0.1205366802553236,0.992708874098054,9.529999732971191,0.0201384210685139,10.105000019073486,0.0,1142.3240191936493,0.015821510448408297,336.5,339.5,22.68285714285714,116.23428816000005,17.46277328059062,35.56940260572779,1153.6120558803907,1071.2383934730658,20.593415601831182,1122.0718389208905,63.04274666581987,0.14755067759868973,0.12337473387947286,0.14030960948791563,1.0516077097008858,0.0446685878962536,0.02951560156132199,0.03197354937510237,1.3970477097096914,0.49301005552289917,0.570561698496737,0.05464892690086167,0.07585114868117489,0.7204758351888527,0.02858383529603792,1.0,0.6635582838162821,0.02858383529603792,1.0,0.10163470012673725,0.23480701605698062,0.6635582838162821,2.0
2018-01-01 00:00:00+00:00,350.75,354.25,350.0,352.0,362280,69.72477064220183,0.1477454445863644,344.55,344.8,346.8003618334567,357.48465357711945,331.6153464228806,2.652089101557237,1.444958865070705,1.2071302364865324,-0.0014234875444839,0.0346607669616518,-12.848571428571429,8.488571304285728,0.593387002122449,-4.446428571428571,15.331428265142883,0.8878924195918367,0.0,7.0,0.0,0.0,3.3355000019073486,3.336100101470948,3.2795000076293945,3.3076000213623047,0,51.21816796615389,0.1060711598949731,3.338000059127808,3.271199941635132,0.0093909222416834,0.1094596329299391,246.669,0.0024324685907517,2.202582938683184,0,0,0,0,0,0,1,1,0.4999999999999999,0.8660254037844387,0.120536680255323,0.992708874098054,11.039999961853027,0.1089903187853598,9.952499866485596,0.0,1160.1407074928284,0.9366597555775883,352.0,347.0,19.307142857142857,28.345715245142884,15.301239230390516,32.42840388768716,1205.1140571464975,1086.7786789904158,29.58384453902045,1149.9963900037694,82.32292379009937,0.13541635550223885,0.13872860679776194,0.1475639891695502,0.9176788123412555,0.012116892373485389,0.02511222945626031,0.0292327839422613,0.4144965547055776,0.5608618211289138,0.5113402657860747,0.06417677626461472,0.07191150819979093,0.8924408477417086,-0.034223332521390426,0.0,0.07862578082575651,-0.034223332521390426,0.0,0.7233553222886532,0.19801889688559032,0.07862578082575651,0.0
2018-01-08 00:00:00+00:00,347.25,354.75,346.75,351.25,887494,49.35064935064936,0.1377717931601181,347.2375,344.945,348.40291746836334,360.0586123173774,334.4163876826226,2.2007105797248414,2.2155476334734643,-0.0148370537486228,-0.0099786172487527,0.0235814296241709,-6.415714285714286,3.1571429108571563,0.41522980632653056,-13.918571428571427,12.757142779428596,0.49128597620408165,0.0,7.0,0.0,0.0,3.310800075531006,3.312700033187866,3.221400022506714,3.226599931716919,0,31.938941092116693,0.1081082445671847,3.3076000213623047,3.2871999740600586,-0.0010576049837349,0.1012957475938367,246.669,0.0024324685907517,2.202582938683184,0,0,0,0,0,0,1,2,0.4999999999999999,0.8660254037844387,0.2393156642875577,0.970941817426052,9.520000457763672,-0.1481301405059154,9.99749994277954,0.0,1120.4368262887,-0.1081929669642417,350.75,352.0,8.290000000000001,45.265714921714306,13.416090155618779,31.159290267799513,1196.492952252878,1102.445834641205,23.511779402918286,1138.1725645177419,55.72056726003755,0.20263586678721163,0.16329902261147927,0.14490860962483315,1.398370002501119,0.023038156947444204,0.02353429383543987,0.028307327892785374,0.8138581252218664,1.3427399902973884,0.452802564100394,0.11176459075814335,0.08391338693570681,1.3319040205674872,-0.010883644261566405,0.0,0.2151457691225727,-0.010883644261566405,0.0,0.44872642543569013,0.33612780544173715,0.2151457691225727,0.0
2018-01-15 00:00:00+00:00,346.25,350.5,345.5,347.5,671525,36.8421052631579,0.1380723058612976,349.4375,344.93,348.3164504881946,357.1679507257477,341.7070492742523,1.195363023411346,1.8255647856021051,-0.6302017621907592,-0.0142348754448398,0.0312732688011914,-0.32714285714285696,10.388571520000013,0.6489106571836735,-4.286428571428571,6.248571531428598,0.46759249571428574,0.0,6.0,0.0,0.0,3.2392001152038574,3.253900051116944,3.176100015640259,3.200700044631958,0,14.376318422505108,0.0978695159418512,3.226599931716919,3.340399980545044,-0.0020124798512311,0.102683322621444,246.524,-0.0587832277262334,2.1090824745684245,0,0,0,0,0,0,1,3,0.4999999999999999,0.8660254037844387,0.3546048870425356,0.9350162426854148,10.15999984741211,0.0650635302441503,10.15499997138977,0.0,1108.2423904538155,-0.1424647573968766,347.25,350.75,11.454285714285714,31.180001356571452,12.273992173228628,29.552147123517518,1204.369607096498,1077.5283654276682,31.710310417207406,1126.2004948921713,32.85384513769431,0.207490840593577,0.15919977452575565,0.1256827435963094,1.6509094100534558,0.01444043321299639,0.022261904995126817,0.026722801934387575,0.5403785068896167,1.006951002148842,0.5058546358511997,0.10283153329512588,0.0844323952632828,1.2179154789499327,0.014700764585854342,0.0,0.49625962709788696,0.014700764585854342,0.0,0.1846676303150849,0.3190727425870281,0.49625962709788696,2.0
2018-01-22 00:00:00+00:00,352.0,354.5,346.0,347.25,926333,52.68817204301075,0.100772513956387,350.925,345.22,349.6020659717691,355.19268765221733,346.6573123477827,1.5101444779647295,1.5304447584886842,-0.0203002805239547,0.0166064981949458,0.0129496402877697,2.7971428571428567,9.297142837142871,0.8133301883265306,-4.407857142857142,24.937143017142883,0.7347801694693877,0.0,6.0,0.0,0.0,3.213200092315674,3.2374000549316406,3.182800054550171,3.194700002670288,0,21.02642201573299,0.084648086391412,3.200700044631958,3.30679988861084,-0.004208949476505,0.084311671812811,246.524,-0.0587832277262334,2.1090824745684245,0,0,0,0,0,0,1,4,0.4999999999999999,0.8660254037844387,0.4647231720437685,0.8854560256532099,11.029999732971191,0.0821603819242474,10.4375,0.0,1124.5344009399414,-0.36211171992426666,346.25,347.25,6.542142857142857,19.70000021428574,11.197743830255353,29.254404923106254,1172.9426414585207,1083.734521129122,22.30203008234968,1125.5340573112794,19.62286628594981,0.1785316743119011,0.15658562024500883,0.12468246026757404,1.431890737557287,0.024147727272727272,0.01815773287042155,0.025430188298023938,0.9495689726730789,1.3279194910649768,0.474618205768732,0.10066207264082394,0.08402388519068799,1.1980172117988157,0.005234928576906217,0.0,0.38030506787331836,0.005234928576906217,0.0,0.2666382109425002,0.35305672118418147,0.38030506787331836,2.0
2018-01-29 00:00:00+00:00,358.75,359.25,349.5,351.75,1075204,73.0,0.1009952800794053,351.75,346.525,352.09972291347145,358.2611240845381,345.2388759154619,2.5027135231715647,1.9117547449367087,0.590958778234856,0.0191761363636364,0.0141342756183746,3.6257142857142854,16.45714344857144,1.0561398385714287,7.622857142857143,11.988571351428597,0.9482941807142857,0.0,5.6,0.2,0.2,3.200700044631958,3.2381999492645264,3.121500015258789,3.151000022888184,0,31.74272155373781,0.110644974047378,3.194700002670288,3.311100006103516,-0.0032501221578321,0.0761878696570482,246.524,-0.0587832277262334,2.1090824745684245,0,0,0,0,0,0,1,5,0.4999999999999999,0.8660254037844387,0.5680647467311558,0.8229838658936564,13.84000015258789,0.2269441521585701,11.137500047683716,0.0,1130.421258211136,-0.2662289880569766,352.0,346.25,8.282857142857143,53.028573128000026,10.96710597945547,28.140480176546404,1139.6807738545126,1102.1366640922838,9.386027440557228,1127.4889376712222,29.940214140560016,0.13659227057517073,0.15698754297143702,0.12254839545641438,1.1145985136767136,0.027177700348432057,0.020184182031017052,0.025920766513708927,1.0484909791980332,1.4320712985582986,0.46916705301807554,0.061598117459941246,0.08702503554398228,0.7078205713642481,0.020437942617921978,1.0,0.5675585884208918,0.020437942617921978,1.0,0.14530656080873297,0.28713485077037526,0.5675585884208918,2.0
2018-02-05 00:00:00+00:00,358.75,362.5,357.25,359.5,1117894,71.42857142857143,0.1035991876238538,354.0375,348.47,355.5584080330833,364.5534965867558,343.52150341324426,3.423269354873866,2.9042465386033043,0.5190228162705623,0.0,0.022079772079772,-0.09142857142857151,1.9685713971428713,1.3229910995510203,4.456428571428572,32.037144017142886,1.1776420527346938,0.0,6.8,1.6,0.0,3.1538000106811523,3.245500087738037,3.1438000202178955,3.215399980545044,0,50.39143932754058,0.1283388650963388,3.151000022888184,3.233099937438965,0.0013020482729615,0.1302037632806389,246.524,-0.0587832277262334,2.1090824745684245,0,0,0,0,0,0,2,6,0.8660254037844386,0.5000000000000001,0.6631226582407952,0.7485107481711011,37.31999969482422,0.9919664065872112,18.087499856948853,2.0,1153.5247430205345,0.18898805502238342,358.75,352.0,10.977142857142857,0.9885714537143112,10.5470622757118,28.391877843681662,1166.671538226414,1091.6898580862996,18.745420035028573,1137.9032598109472,78.78372091760019,0.16025047715308732,0.1479322680573909,0.12571791225327775,1.274682831857804,0.014634146341463415,0.020687632824612657,0.023878647372745112,0.6128546556460372,1.4156045565514652,0.4124618066128615,0.12079381719694525,0.08526347786595226,1.4167121263776157,0.04698546089041211,1.0,0.8319167585551797,0.04698546089041211,1.0,0.04313725110346532,0.124945990341355,0.8319167585551797,2.0
2018-02-19 00:00:00+00:00,367.5,368.75,364.75,366.5,810046,68.81720430107526,0.10699892256725,361.4,352.98,361.8793918828832,371.6769542898552,351.1230457101448,4.278136956370474,4.00470161705648,0.2734353393139939,0.0151933701657458,0.0455192034139402,5.8500000000000005,8.685714165714298,0.8989230100816327,-5.904285714285714,22.542857017142886,0.736297210122449,0.0,5.4,0.2,0.0,3.2939000129699707,3.2987000942230225,3.1916000843048096,3.228199958801269,0,61.37197078785133,0.1660195472500769,3.290800094604492,3.2051000595092773,0.0018858402164064,0.1522706633995875,247.867,0.5447745452775266,2.070507620275164,0,0,0,0,0,0,2,8,0.8660254037844386,0.5000000000000001,0.8229838658936564,0.5680647467311559,19.459999084472656,-0.27462189433275,24.05749988555908,1.0,1186.3634848594663,-0.3561905236368865,367.0,358.75,3.7049999999999996,10.468571500000028,8.832316874849916,26.737753047550765,1238.0918544647725,1100.9247059407203,34.29178713101308,1174.0442398084913,79.56932014647394,0.16711224059217972,0.18464527237019726,0.14778269061295132,1.1307970411899104,0.010884353741496598,0.0216358155135759,0.02326017932886508,0.4679391722744705,0.9737228171711318,0.3266250891764051,0.1393652772682904,0.0967048284412883,1.4411406865945204,0.0055166255845187084,0.0,0.38363003910450644,0.0055166255845187084,0.0,0.2638930954585961,0.3524768654368975,0.38363003910450644,2.0
2018-02-26 00:00:00+00:00,368.5,370.0,364.25,369.0,1363119,70.96774193548387,0.0991840237430007,364.4625,355.83,363.7703322865461,370.5350330708697,358.38996692913025,3.514494814289435,3.775460029864888,-0.2609652155754531,0.0027210884353741,0.0372976776917663,5.038571428571429,43.85999949942858,1.0759489795918369,6.806428571428571,26.374285195428598,1.0114178892244898,0.0,4.8,0.0,0.0,3.2332000732421875,3.2708001136779785,3.2255001068115234,3.2372000217437744,0,45.187259228532696,0.1517052498088765,3.228199958801269,3.146899938583374,0.000557760468091,0.1748078785063765,247.867,0.5447745452775266,2.070507620275164,0,0,0,0,0,0,2,9,0.8660254037844386,0.5000000000000001,0.8854560256532099,0.4647231720437686,15.800000190734863,-0.2083510776064839,24.547499895095825,1.0,1192.9082080125809,-0.4889984984684266,367.5,367.0,5.068571428571429,5.159999865714313,8.701614403661441,26.714303508704173,1230.9031772320116,1139.3568580742037,22.886579789451986,1181.589827090127,79.69707414898899,0.16898785127376237,0.17344690616282993,0.1465245628629335,1.1533072437743406,0.015603799185888738,0.019927029896208197,0.02321776556856009,0.6720626245960585,1.577982639075779,-0.1604664344892394,0.1386141264036703,0.09655453257028455,1.4356044025869574,0.030390407775965356,1.0,0.6834171350713274,0.030390407775965356,1.0,0.09367892482108882,0.22290394010758374,0.6834171350713274,2.0
2018-03-05 00:00:00+00:00,378.25,380.25,367.75,368.25,283662,77.77777777777777,0.100810936609683,368.175,359.115,368.6650079183606,378.7195171585667,357.6304828414333,5.113302912442805,4.331826427610428,0.7814764848323774,0.0264586160108548,0.0456116102280581,9.758571428571429,15.84285705714287,1.7856666707346938,6.912857142857143,93.31999894514288,1.133056018367347,0.0,3.8,0.6000000000000001,0.0,3.2225000858306885,3.269200086593628,3.220499992370605,3.249599933624268,0,39.42856688726091,0.1370707767385638,3.2372000217437744,3.1637001037597656,-0.0035461212562159,0.1389332859436568,247.867,0.5447745452775266,2.070507620275164,0,0,0,0,0,0,3,10,1.0,6.123233995736766e-17,0.9350162426854148,0.3546048870425355,18.729999542236328,0.170116539911117,19.899999856948853,1.0,1229.1611748933794,-0.8993866708991165,368.5,367.5,-4.446428571428571,15.331428265142883,8.586210709416005,31.011445149764736,1242.0043477784473,1166.0739034641904,18.9826110785642,1200.618366211428,81.95273764932554,0.1751553581468057,0.17488131078866315,0.15216353050389755,1.1510993866649628,0.03304692663582287,0.021100875153686357,0.02322959834828276,1.422620912946466,0.3407048297986186,-0.29539066415748366,0.12216151784588733,0.09636006279559245,1.267760746767255,0.0178945017542953,1.0,0.5361182514705722,0.0178945017542953,1.0,0.1618231440895622,0.30205860443986554,0.5361182514705722,2.0
2018-03-12 00:00:00+00:00,384.25,385.75,377.25,377.75,13383,82.05128205128204,0.1008694409853767,373.0125,362.175,374.1705340885656,387.0841914406908,358.9408085593092,6.262805656680996,5.420629938425952,0.842175718255044,0.0158625247851948,0.0505809979494189,3.7742857142857145,12.788572228571443,1.7549417387755102,10.437142857142858,14.105714558285735,2.0296488679183673,0.0,6.6,0.0,0.0,3.240999937057495,3.267400026321411,3.2060999870300293,3.256099939346313,0,55.12021238990648,0.1175844868844326,3.249599933624268,3.284600019454956,-0.0001231049234792,0.1260823803965103,247.867,0.5447745452775266,2.070507620275164,0,0,0,0,0,0,3,11,1.0,6.123233995736766e-17,0.970941817426052,0.239315664287558,15.779999732971191,-0.1713831935201145,17.44249963760376,1.0,1251.1564016938207,-0.5570850376254466,378.25,368.5,-13.918571428571427,12.757142779428596,8.705625686688705,29.920752853540286,1276.1713396529062,1153.6232950767176,30.6370111440472,1220.8335804043852,75.2067446002044,0.17469441030372856,0.17130887910011353,0.15247235665387918,1.145744728290961,0.022121014964216004,0.022598248878236877,0.023090097495070072,0.9580299688487384,0.016923313099880846,-0.35586005002372884,0.10821780022481653,0.09401376311380814,1.1510845341119724,-0.016879473635636244,0.0,0.1688255620078697,-0.016879473635636244,0.0,0.52347614639693,0.30769829159520035,0.1688255620078697,0.0
2018-03-19 00:00:00+00:00,375.0,390.75,374.75,383.75,765527,55.421686746987945,0.1052458820726618,376.875,365.245,377.3506157869659,391.5929625306839,362.15703746931615,5.087786084523032,5.736754377123335,-0.6489682926003031,-0.0240728692257644,0.0197144799456152,8.16,6.1371432571428715,1.9281467290204082,5.706428571428572,25.1485731914286,1.6889986878367347,0.0,4.6,0.0,0.0,3.2600998878479004,3.2971999645233154,3.2356998920440674,3.280100107192993,0,66.30809275399878,0.097135282249053,3.256099939346313,3.2263998985290527,-0.0030664495108366,0.1189047860857059,248.991,0.4534689974865724,2.2117954212386604,0,0,0,0,0,0,3,12,1.0,6.123233995736766e-17,0.992708874098054,0.120536680255323,19.020000457763672,0.1867477826889843,17.332499980926514,1.0,1230.0375401973724,-0.7601139485702324,384.25,378.25,-4.286428571428571,6.248571531428598,8.512129098607407,29.61287029469437,1274.1765635908093,1177.4550988077674,24.180366195760495,1224.5151643215804,75.41796723712287,0.1522170187341389,0.14925960887486786,0.15670889737457783,0.971336098785361,0.042666666666666665,0.024864552238818165,0.024076477423385485,1.7721300419107042,0.973711728150788,-0.4441093023988023,0.0762335034814815,0.09222105047363625,0.8266387643988848,0.007792847326562491,0.0,0.4108729956719031,0.007792847326562491,0.0,0.24238602901984593,0.34674097530825093,0.4108729956719031,2.0
2018-03-26 00:00:00+00:00,374.0,380.75,369.25,375.25,978305,41.95804195804196,0.1327980902412708,379.075,367.875,376.5698171762869,388.3855768944373,369.7644231055627,2.26270768098874,3.894284996456566,-1.631577315467826,-0.0026666666666667,0.021160409556314,6.591428571428572,17.34857238000001,1.926165672489796,7.135000000000001,22.7342871914286,1.9571895520408165,0.0,6.0,0.0,0.0,3.284199953079224,3.3148000240325928,3.2672998905181885,3.314500093460083,0,65.37020270108559,0.0921757987381734,3.280100107192993,3.248699903488159,-0.0006095075073169,0.0836632064440831,248.991,0.4534689974865724,2.2117954212386604,0,0,0,0,0,0,3,13,1.0,6.123233995736766e-17,1.0,-1.6081226496766366e-16,21.030000686645508,0.1004589411806344,18.64000010490417,1.0,1239.623034954071,-0.5144197482182624,375.0,384.25,-4.407857142857142,24.937143017142883,8.423282059987574,29.169090739644968,1258.0283726396092,1216.9607032297126,10.26691735247412,1230.5583125745768,76.25828431897006,0.125184476129472,0.14041076685997564,0.1556802896805748,0.804112507403479,0.03074866310160428,0.028837414110839697,0.0246440829922588,1.2477092628754096,1.2426005440080523,-0.5078512661550142,0.025478082847454096,0.08924479977220437,0.28548531743735467,0.031522875641202486,1.0,0.6955389359691516,0.031522875641202486,1.0,0.08898076551545102,0.2154802985153974,0.6955389359691516,2.0
2018-04-02 00:00:00+00:00,387.25,392.5,372.0,374.0,893315,53.75,0.1566306884815901,380.15,370.345,378.1297563475656,390.3032986603452,369.9967013396548,2.769181651557972,2.8684315041695023,-0.0992498526115306,0.0265076209410204,0.0224422442244225,8.371428571428572,31.4200009597143,1.693676953346939,4.313571428571429,48.3828599394286,1.8950788058775512,0.0,4.6,0.0,0.0,3.310100078582764,3.3429999351501465,3.2964000701904297,3.302000045776367,0,62.15750687106306,0.095903918976383,3.314500093460083,3.25,0.0001207091599862,0.0990453056967181,248.991,0.4534689974865724,2.2117954212386604,1,0,0,1,0,0,4,14,0.8660254037844387,-0.4999999999999998,0.992708874098054,-0.1205366802553228,23.6200008392334,0.116143823934473,19.86250042915344,1.0,1278.6995177268982,-0.4413980814879524,374.0,375.0,7.622857142857143,11.988571351428597,8.158139438605888,30.408688752534236,1292.0078524504413,1207.75039483564,21.064364403700328,1249.8147946355055,76.98870472788366,0.14238551495904725,0.14753047620955764,0.15519066304629464,0.9174875794022267,0.05293737895416398,0.03630413006449475,0.025976123598111626,2.0379237254158693,1.1904035337587444,-0.5116422682304425,0.03901647765892249,0.08907779417195118,0.43800448407559645,0.029053841691065063,1.0,0.6687843714836289,0.029053841691065063,1.0,0.09950899939335993,0.2317066291230112,0.6687843714836289,2.0
2018-04-09 00:00:00+00:00,390.75,392.5,372.0,387.0,1366828,68.63905325443787,0.1980049664783956,381.7625,373.76,381.9759771030272,394.1896297021285,369.33537029787146,4.059782208916545,3.377019337974428,0.6827628709421165,0.0090380890897352,0.0129617627997407,4.648571428571429,18.668571452000013,1.806880769714286,6.012857142857143,46.625714313142886,1.7545048378979595,0.0,6.2,0.0,0.0,3.299299955368042,3.3954999446868896,3.298799991607666,3.367500066757202,0,68.20958316371622,0.0881975985248303,3.302000045776367,3.2660999298095703,-0.0004541340733642,0.0967468108902223,248.991,0.4534689974865724,2.2117954212386604,1,0,0,2,0,0,4,15,0.8660254037844387,-0.4999999999999998,0.970941817426052,-0.2393156642875575,21.770000457763672,-0.081560950026116,21.36000061035156,1.0,1315.8506510853767,-0.4988824048229924,387.25,374.0,4.456428571428572,32.037144017142886,8.019734129202744,31.45494846612189,1344.6690274725602,1187.436344509299,39.308170740815285,1276.229137215454,80.25018988659478,0.14053318975650705,0.15017759689451152,0.1588691865555973,0.8845842542378979,0.052463211772232884,0.04018738709177675,0.027294936360636318,1.9220851757339676,1.8093468296439572,-0.5392828197287619,0.06377252934964035,0.09336245738743515,0.6830638813881964,-0.004602283817016328,0.0,0.27286912628569054,-0.004602283817016328,0.0,0.37287893571455855,0.3542519379997509,0.27286912628569054,0.0
2018-04-16 00:00:00+00:00,382.5,392.25,382.0,390.0,1042042,58.94736842105264,0.2016414857365622,382.3125,376.435,383.7408745348925,395.5431213802378,369.0818786197622,3.141396243163342,3.580863174777696,-0.439466931614354,-0.0211132437619961,-0.0109890109890109,11.585714285714287,17.488571138571444,2.2406927744897955,3.873571428571428,36.25714283085717,1.8895181963877552,0.0,3.0,0.0,0.0,3.4175000190734863,3.434400081634521,3.3643999099731445,3.424299955368042,0,70.72723710242639,0.1072104668606984,3.367500066757202,3.282099962234497,0.0077209325058207,0.0853015730570969,249.554,0.2261125904149175,2.3597114039729084,1,0,0,3,0,0,4,16,0.8660254037844387,-0.4999999999999998,0.9350162426854148,-0.3546048870425354,16.559999465942383,-0.273542779566469,20.74500036239624,1.0,1309.794732928276,0.5459806601671525,390.75,387.25,-0.27857142857142836,7.237142708571455,7.752239761420078,31.764767457395138,1355.8620574680822,1216.1219108792288,34.935036647213295,1289.655375500583,93.40809604711572,0.1501942764893654,0.15593388959649568,0.1505189161590928,0.9978431305749268,0.02679738562091503,0.04112266122311656,0.02738019309555661,0.9787139097322415,1.3613188479343195,-0.477961007875974,0.06601998727963497,0.0952239026098403,0.6933131129586936,-0.013520625186522639,0.0,0.19371781329147517,-0.013520625186522639,0.0,0.48151624169359214,0.3247659450149327,0.19371781329147517,0.0
2018-04-23 00:00:00+00:00,378.5,384.5,376.25,383.0,803763,38.764044943820224,0.1918640377944966,383.4375,378.145,382.2070507548596,394.9161701504568,371.9588298495432,0.6618028412560761,2.141471491314057,-1.479668650057981,-0.0104575163398692,0.0066489361702126,12.39,23.92000003714287,2.4544587220408163,8.462857142857143,57.45142798000003,2.347728167755102,0.0,1.8,0.0,0.0,3.399899959564209,3.447000026702881,3.360599994659424,3.4137001037597656,0,66.40452387559351,0.1093571725749069,3.424299955368042,3.3141000270843506,0.0038915508791641,0.1131088965098926,249.554,0.2261125904149175,2.3597114039729084,1,0,0,4,0,0,4,17,0.8660254037844387,-0.4999999999999998,0.8854560256532099,-0.4647231720437685,16.34000015258789,-0.013374017937096,19.57250022888184,1.0,1292.0854892730713,0.16304249750149252,382.5,390.75,-5.904285714285714,22.542857017142886,7.798086044093438,33.421971362079326,1332.9768449845103,1265.2383505223008,16.934623615552347,1290.6274210095785,76.23312173034404,0.14267920873371806,0.14105801995384074,0.1548307247647416,0.9215173521621063,0.021796565389696168,0.036948640967722456,0.0269236296124641,0.8095697945535419,1.0271950851858305,-0.4259798420039746,0.0789573695609495,0.09534163433745065,0.8281519593000629,0.05047560154552144,1.0,0.8549271309859496,0.05047560154552144,1.0,0.03648172244920367,0.1085911465648467,0.8549271309859496,2.0
2018-04-30 00:00:00+00:00,392.5,395.75,377.0,378.5,580721,54.193548387096776,0.1814219204199252,385.4,380.245,384.35318413209103,394.3257168370138,376.4742831629861,2.0250533505415547,1.608000388359015,0.4170529621825396,0.0369881109643328,0.0122501611863314,17.945714285714285,3.168571494285728,3.6463615942857146,15.372142857142858,17.09428608000003,2.7713146032653064,0.0,0.0,0.0,0.0,3.450700044631958,3.513499975204468,3.4296000003814697,3.4581000804901123,0,56.797379054275446,0.1102162794880413,3.4137001037597656,3.303499937057495,0.009122580189039,0.1062533040459028,249.554,0.2261125904149175,2.3597114039729084,1,0,0,5,0,0,4,18,0.8660254037844387,-0.4999999999999998,0.8229838658936565,-0.5680647467311557,15.93000030517578,-0.0254119556909045,17.65000009536743,1.0,1357.304281592369,0.6861454284889825,378.5,382.5,6.806428571428571,26.374285195428598,8.286734870741787,32.3685723116226,1373.9678638783441,1263.5497135612025,27.604537579285378,1317.298165242695,81.15896037716377,0.18975940186410936,0.15566987830055892,0.16793678786202348,1.1299453382457327,0.04777070063694268,0.04035304847479014,0.028272045773583148,1.6896790604657295,0.7164045023660637,-0.4998289782718128,0.08035678968493423,0.09624179482286441,0.8349468282814629,0.021438535967412964,1.0,0.5797937557717207,0.021438535967412964,1.0,0.13920283302422948,0.2810034112040499,0.5797937557717207,2.0
2018-05-07 00:00:00+00:00,393.25,400.0,391.5,393.0,16049,65.85365853658537,0.1351858417197679,387.7,383.295,389.234581705077,401.2215228043764,374.17847719562354,4.107166249737418,3.0960180995496005,1.0111481501878172,0.0019108280254778,0.0122265122265121,22.97142857142857,24.080000100000014,4.53877500367347,16.784285714285716,13.014285814285742,3.97240623877551,0.0,0.0,0.2,0.0,3.504199981689453,3.5643999576568604,3.4862000942230225,3.525500059127808,0,69.4523743107941,0.1199653241268683,3.4581000804901123,3.341599941253662,-0.0046449110815468,0.1109617318380534,249.554,0.2261125904149175,2.3597114039729084,1,0,0,6,0,0,5,19,0.4999999999999999,-0.8660254037844387,0.7485107481711013,-0.663122658240795,14.75,-0.0769610602934275,15.894999980926512,0.0,1386.4028982520106,-0.6906036985695976,392.5,378.5,6.912857142857143,93.31999894514288,8.834963957422042,31.11990866663313,1422.875324748217,1249.9183762746463,43.239237118392644,1344.9400584464213,79.87411549980624,0.1836245042394608,0.15515028373033857,0.16498169161282464,1.1129992141212526,0.02161474888747616,0.034088522461452574,0.027119353823144277,0.7970227114630781,0.02020019705544563,-0.5247639685461941,0.06811626605102629,0.09992081239144537,0.681702416180854,0.010909680546720812,0.0,0.4490484780082894,0.010909680546720812,0.0,0.2149260287999677,0.3360254931917429,0.4490484780082894,2.0
2018-05-14 00:00:00+00:00,389.0,399.75,387.5,392.75,136520,60.83916083916084,0.1318724734373313,389.2,385.18,390.4755313410123,403.3900632394199,375.0099367605801,2.771349513965845,3.3323870694662103,-0.5610375555003655,-0.010807374443738,0.0071197411003236,23.62285714285714,21.445714711428586,4.489848297142857,24.044999999999998,57.780000531428605,4.533310036734695,0.4,0.0,0.0,0.0,3.5457000732421875,3.624799966812134,3.5434999465942383,3.60290002822876,0,73.37585398989438,0.1116424992768906,3.525500059127808,3.4110000133514404,-0.0003119141598038,0.1227589263225848,250.546,0.3975091563348965,2.462743943334811,1,0,0,7,0,0,5,20,0.4999999999999999,-0.8660254037844387,0.6631226582407952,-0.7485107481711012,12.93000030517578,-0.1316928663999146,14.987500190734863,0.0,1401.5281109809878,-0.4287005723152765,393.25,392.5,10.437142857142858,14.105714558285735,9.816256605330297,32.83991459339413,1456.2119108637114,1262.4484791855077,48.440857919550915,1367.5752794602479,86.07236818380086,0.1767578580647984,0.15059342586849295,0.16200260735767263,1.0910802612191681,0.031491002570694086,0.029894080621144813,0.027841631224406256,1.1310756545159688,0.17425722252597312,-0.5149692130885982,0.07097549779253993,0.10291968006600144,0.68962020529817,0.07428497590308103,1.0,0.9509326219792258,0.07428497590308103,1.0,0.011382293163120328,0.03768508485765387,0.9509326219792258,2.0
2018-05-28 00:00:00+00:00,406.0,412.25,401.0,402.25,695930,63.21243523316062,0.1780261007441734,398.3,388.77,398.19838529250654,409.20340362126194,387.3965963787381,4.968590137843364,4.31345206656434,0.6551380712790245,0.0086956521739129,0.0518134715025906,30.298571428571428,15.748571344571442,4.579187832653061,23.990000000000002,33.3371424994286,4.169416597755101,3.6,0.0,0.0,0.0,3.6756999492645264,3.7155001163482666,3.5999999046325684,3.626199960708618,0,58.99532131101335,0.1381050306295961,3.7383999824523926,3.4742000102996826,0.0116500713909538,0.1106451663784742,250.546,0.3975091563348965,2.462743943334811,1,0,0,9,0,0,5,22,0.4999999999999999,-0.8660254037844387,0.464723172043769,-0.8854560256532096,13.220000267028809,0.0106465144262085,13.49500012397766,0.0,1472.237184047699,0.7674979827604835,402.75,389.0,7.135000000000001,22.7342871914286,11.447618943894675,33.0337471927729,1555.1314150413905,1327.7729780653085,56.83960924402047,1442.5757165286172,81.62019351433679,0.26057432243596496,0.20747327815158983,0.1787863752682198,1.457461775095709,0.02770935960591133,0.03192448698328367,0.02902117789942505,0.9547975672787774,0.8705436985904484,0.3341425546389645,0.18290550130307776,0.11783538161881572,1.5522119355681911,-0.027174953737040597,0.0,0.10824949518768907,-0.027174953737040597,0.0,0.6476550796235295,0.2440954251887814,0.10824949518768907,0.0
2018-06-04 00:00:00+00:00,380.75,410.0,380.5,408.75,1170182,43.72623574144487,0.1957526843705971,397.1125,390.3,395.415706693931,410.8175461318277,383.4074538681723,0.5110788970110889,2.9355800732894126,-2.424501176278324,-0.0621921182266009,-0.0469336670838548,27.99285714285714,39.04857004342858,5.330906012244897,31.774285714285714,37.79428523657146,4.932853901836735,2.0,0.0,0.0,0.0,3.730700016021729,3.766200065612793,3.674000024795532,3.761600017547608,0,66.1364811768579,0.1643662834122485,3.626199960708618,3.526599884033203,-0.0060211993373152,0.1410764582532386,250.546,0.3975091563348965,2.462743943334811,1,0,0,10,0,0,6,23,1.2246467991473532e-16,-1.0,0.3546048870425358,-0.9350162426854148,12.739999771118164,-0.0369842224439809,12.992500066757202,0.0,1432.2292066812518,-0.9996290900664164,406.0,402.75,4.313571428571429,48.3828599394286,12.759016800048936,33.34087867946958,1543.9900501828722,1361.8274971384474,45.54063826110626,1438.437112589671,61.89372620090084,0.2881544248023244,0.23172553042998958,0.186862643733969,1.5420653567970923,0.07747866053841103,0.03786607896357734,0.03217308926569578,2.408181440605625,1.4195160130468238,0.31807918546265584,0.19958821585640296,0.12523110945849042,1.593758937230927,-0.04999526031216417,0.0,0.03733540397807369,-0.04999526031216417,0.0,0.8519229088174248,0.11074168720450148,0.03733540397807369,0.0
2018-06-11 00:00:00+00:00,367.25,386.5,366.75,380.75,1212649,20.6611570247934,0.2184960547208677,392.875,390.235,387.761560850022,416.65662714104224,369.09337285895776,-4.704682996366273,-1.063804523110495,-3.6408784732557775,-0.0354563361785948,-0.0696643445218492,29.827142857142857,35.66285754857144,5.541236264081633,26.654285714285717,97.78856889142861,5.272314426530612,3.2,0.0,0.0,0.0,3.744999885559082,3.941999912261963,3.6742000579833984,3.704900026321411,0,52.34200089492988,0.1863046018247244,3.761600017547608,3.549499988555908,0.010583276508151,0.162951262134902,250.546,0.3975091563348965,2.462743943334811,0,0,0,0,0,0,6,24,1.2246467991473532e-16,-1.0,0.2393156642875576,-0.970941817426052,12.350000381469728,-0.031090538216187,12.847500085830688,0.0,1360.6245346665382,0.6608184944802036,380.75,406.0,6.012857142857143,46.625714313142886,13.655485762257761,37.49879417701533,1567.4759447215322,1317.8898144425627,62.39653256974235,1407.3120814204178,41.790668327547465,0.3434683978983286,0.2704683009540382,0.2134576855563787,1.6090701110731862,0.053778080326752895,0.044298745251432695,0.03365460691839706,1.597940646810794,1.4459215475576235,0.37726156875270883,0.2235744165007048,0.12987904898539016,1.721404653277125,-0.024405970485260164,0.0,0.12235682599190198,-0.024405970485260164,0.0,0.6154544106464559,0.2621887633616421,0.12235682599190198,0.0
2018-06-18 00:00:00+00:00,356.0,379.75,354.0,368.0,1370588,20.469798657718115,0.2416554523318209,385.15,388.215,379.0372646413932,417.6742419710499,352.62575802895003,-8.265219913251144,-4.865696164995019,-3.399523748256125,-0.0306330837304288,-0.0993042378241619,30.93285714285714,52.494287228571444,5.130164659183673,30.437857142857144,65.03428844571431,5.4555507730612245,4.2,0.0,0.0,0.0,3.708699941635132,3.804500102996826,3.670399904251098,3.7286999225616455,0,49.53804181313328,0.2603615096755936,3.704900026321411,3.695100069046021,-0.0514997729406502,0.2561346920611033,251.588,0.4158916925434797,2.8010117148075557,0,0,0,0,0,0,6,25,1.2246467991473532e-16,-1.0,0.120536680255323,-0.992708874098054,12.3100004196167,-0.0032441196783958,12.65500020980835,0.0,1327.4171724319458,-5.5658689866085,367.25,380.75,3.873571428571428,36.25714283085717,14.738219399715787,39.27527767822171,1530.0946694860024,1266.1593794277148,65.9838225145719,1375.354117825029,0.0,0.3429557495424895,0.2722596636648251,0.2204517127215648,1.5556954842927213,0.0723314606741573,0.05246683687212533,0.03591229493468333,2.0141135693103656,1.605961207717755,0.4217246332468064,0.21847231610042905,0.12485081177664906,1.7498668650436557,-0.00024034801811156914,0.0,0.31820842697731194,-0.00024034801811156914,0.0,0.3234454512228627,0.35834612179982533,0.31820842697731194,1.0
2018-06-25 00:00:00+00:00,350.5,359.75,338.75,355.75,1047917,23.92156862745098,0.2314551536411973,372.475,384.83,369.36180849623673,403.2033942067976,341.7466057932025,-10.297330739037308,-8.264326789148203,-2.0330039498891037,-0.0154494382022472,-0.1329622758194186,25.927142857142858,53.251430374285725,4.61109017755102,32.222857142857144,102.0142878114286,5.238993615510204,0.4,0.0,0.0,0.0,3.742700099945069,3.8004000186920166,3.706799983978272,3.78629994392395,0,53.5161502003934,0.2631951227811344,3.7286999225616455,3.648099899291992,-0.0199934919407816,0.2726271156874356,251.588,0.4158916925434797,2.8010117148075557,0,0,0,0,0,0,6,26,1.2246467991473532e-16,-1.0,-3.216245299353273e-16,-1.0,17.329999923706055,0.3420271250412673,13.68250012397766,1.0,1327.0981303453445,-2.41524088662164,356.0,367.25,8.462857142857143,57.45142798000003,15.866260544434585,43.32295575133183,1460.8240527414955,1262.8604693210445,49.49089585511273,1356.0517228331555,0.0,0.13084647334504237,0.27193279872303305,0.2198216904370349,0.5952391100828631,0.05991440798858773,0.058242393826764036,0.03817630801703954,1.569412952863753,1.2329320829454724,0.4158240372005464,0.18896408200841974,0.12382719883381828,1.5260303756181577,-0.014379567197237986,0.0,0.18709794790271944,-0.014379567197237986,0.0,0.49224521185212977,0.3206568402451508,0.18709794790271944,0.0
2018-07-02 00:00:00+00:00,337.5,356.5,337.0,350.5,561505,17.47967479674797,0.2432955400816247,361.375,381.5,360.5157779290285,387.3205401299281,335.4294598700719,-11.171465410454289,-9.87385923383892,-1.2976061766153677,-0.0370898716119828,-0.1379310344827586,29.825714285714287,34.37714290000001,4.525947715102041,26.935714285714287,103.36571736,4.141427517346939,3.6,0.0,0.0,0.0,3.748600006103516,3.9179000854492174,3.744999885559082,3.875600099563599,0,73.73361467690718,0.2447661838369957,3.78629994392395,3.721999883651733,0.005614852208302,0.2613230472125207,251.588,0.4158916925434797,2.8010117148075557,0,1,0,0,1,0,7,27,-0.4999999999999997,-0.8660254037844388,-0.1205366802553228,-0.992708874098054,15.600000381469728,-0.1051681606164155,14.397500276565554,1.0,1308.0150336027148,0.14559352828672034,350.5,356.0,15.372142857142858,17.09428608000003,16.5804188503236,47.196682306729784,1374.5121579120585,1287.065277611213,21.86172007521133,1336.8370471409792,0.0,0.1354959037502356,0.27221614641299036,0.211999569874835,0.6391328880473851,0.057777777777777775,0.06425607746113735,0.039498439412740415,1.4627859735461228,0.7025177750115126,0.41844071243118847,0.14006679490942245,0.12387124932949471,1.1307449013402535,0.02188040991803053,1.0,0.5851668176795093,0.02188040991803053,1.0,0.13657648910707043,0.2782566932134203,0.5851668176795093,2.0
2018-07-09 00:00:00+00:00,345.75,352.25,339.25,340.25,9629,41.49377593360996,0.2784648272201363,354.7625,378.53,355.7744776892804,375.5442448991853,333.9807551008147,-9.757723727913742,-10.171718281376926,0.4139945534631835,-0.012847965738758,-0.081063122923588,30.169999999999998,25.099999474285728,5.560204892244898,29.736428571428572,62.64571385714288,5.036828652857143,4.0,0.0,0.4,0.4,3.912899971008301,3.950599908828736,3.837599992752075,3.865900039672852,0,68.87416222686383,0.222408628061644,3.875600099563599,3.900700092315674,0.0041628916018428,0.2457875114072331,251.588,0.4158916925434797,2.8010117148075557,0,1,0,0,2,0,7,28,-0.4999999999999997,-0.8660254037844388,-0.2393156642875574,-0.970941817426052,12.6899995803833,-0.2064566900491048,14.482500076293944,0.0,1336.6349387168887,0.0003974676408002864,337.5,350.5,16.784285714285716,13.014285814285742,17.42919367104005,48.193394019659664,1348.844913503733,1300.7377240447136,12.026797364754938,1336.756203771343,35.233428952391094,0.1963292647717731,0.25049696059462456,0.2104256419955518,0.9330101292779803,0.03759942154736081,0.0562802296629273,0.04083419280303363,0.9207825539958256,0.012682180397265938,0.47290291304606924,0.10857250571484607,0.11647301999130656,0.932168637863631,-0.01578776167206608,0.0,0.17662424702323754,-0.01578776167206608,0.0,0.5098457480252778,0.31353000495148464,0.17662424702323754,0.0
2018-07-16 00:00:00+00:00,341.75,345.75,329.75,344.25,209410,44.86803519061584,0.2739322543560823,346.4875,372.635,347.9842299277,363.22028769998536,329.75471230001466,-10.025614066326398,-10.282277237080663,0.2566631707542655,-0.0115690527838033,-0.0585399449035812,31.37285714285714,13.557143291428584,5.873431427755102,29.267857142857142,40.21714215428574,5.623111248163265,5.0,0.0,0.8,0.0,3.869400024414064,3.8984999656677246,3.811800003051758,3.849400043487549,0,58.97560112970857,0.1529099095593424,3.865900039672852,3.803999900817871,-0.0167756166858525,0.1497804512388507,251.989,0.1593875701543901,2.87154783531669,0,1,0,0,3,0,7,29,-0.4999999999999997,-0.8660254037844388,-0.3546048870425356,-0.9350162426854148,12.829999923706056,0.0109719240214439,14.612499952316284,0.0,1315.5324648618698,-1.83694923873964,345.75,337.5,24.044999999999998,57.780000531428605,18.19297841115728,47.67879712511942,1347.0511086854983,1296.5891750779103,12.61548340189698,1328.266708207554,41.403406527381954,0.1307440924837671,0.24527034800729616,0.21336694304781986,0.6127663661882292,0.04681784930504755,0.05488818345858622,0.04239489530899157,1.1043272526219776,0.29848816691333574,0.13308010558648792,0.08465050573166129,0.11805244720729385,0.7170583970397117,0.024009955355153156,1.0,0.6107575761736973,0.024009955355153156,1.0,0.12449909182384436,0.26474333200245836,0.6107575761736973,2.0
2018-07-23 00:00:00+00:00,357.25,358.5,344.25,345.0,408397,63.48122866894198,0.2965320304866001,345.4375,368.24,349.58489720008106,360.6135502108508,330.26144978914925,-4.097207264303165,-7.452924156743583,3.3557168924404177,0.0453547915142649,0.0007002801120448,27.922857142857143,24.22000045857144,5.2045704587755095,30.02,39.38285858000003,5.729755239795919,1.6,0.0,0.0,0.0,3.830899953842163,3.8898000717163086,3.760400056838989,3.7708001136779785,0,31.986775505852563,0.1368369648758659,3.849400043487549,3.7651000022888175,-0.0080982751412147,0.1337017418340313,251.989,0.1593875701543901,2.87154783531669,0,1,0,0,4,0,7,30,-0.4999999999999997,-0.8660254037844388,-0.464723172043768,-0.8854560256532101,12.619999885559082,-0.0165033246361693,13.43499994277954,0.0,1347.1183406114578,-0.9692150842758601,341.75,345.75,21.695,35.52000076285717,18.956012062050362,47.14357528349882,1363.1458177241536,1290.5045711723117,18.16031163796052,1335.8073611691157,59.97108315341728,0.13734721336999037,0.251822781452652,0.21159921350247857,0.6490912920026928,0.03988803358992302,0.04839949804173936,0.042736950656696575,0.9333380983814266,0.5769903487624204,0.071403355507749,0.12507551121503452,0.12703757268048738,0.9845551889129718,0.011716247324331963,0.0,0.4590450540934208,0.011716247324331963,0.0,0.2081995569213912,0.33275538898518797,0.4590450540934208,2.0
2018-07-30 00:00:00+00:00,367.25,369.25,351.5,355.25,634531,70.37037037037037,0.297929128447555,348.0,364.77,354.10185824792865,368.8042252793976,327.1957747206024,0.735191088290776,-3.0486715695523845,3.78386265784316,0.0279916025192441,0.0644927536231885,26.178571428571427,18.122857208000013,4.6401714730612245,26.639999999999997,45.265714852571456,5.017239627346939,0.2,0.0,0.0,0.0,3.753499984741211,3.785399913787842,3.668800115585327,3.7111001014709473,0,32.81853222616742,0.1495678177935257,3.7708001136779785,3.859499931335449,-0.0151858793536259,0.1458471883578402,251.989,0.1593875701543901,2.87154783531669,0,1,0,0,5,0,7,31,-0.4999999999999997,-0.8660254037844388,-0.5680647467311556,-0.8229838658936566,14.260000228881836,0.1221755829919207,13.099999904632568,0.0,1362.9015122652054,-1.67797550551698,357.25,341.75,23.990000000000002,33.3371424994286,19.451753219337437,47.02242299763254,1380.2782110616672,1300.8154171660435,19.865698473905876,1346.6450216075516,78.26535808213266,0.13910097745699646,0.17235612967432562,0.21078953936889971,0.6599045250272719,0.04833219877467665,0.046083056198957154,0.044047509847219606,1.097274010939063,0.8587938494686991,-0.0875103309941082,0.12321209850375464,0.13233137555654303,0.9310874966325213,0.007815542242550766,0.0,0.41114769588177774,0.007815542242550766,0.0,0.24217771084661047,0.3466745932716118,0.41114769588177774,2.0
2018-08-06 00:00:00+00:00,371.0,374.25,364.0,367.0,581874,74.87437185929647,0.2568379948107194,354.175,361.21,359.9725441672079,380.7189556010322,327.63104439896784,3.846671094782664,1.080854864738183,2.7658162300444813,0.010211027910143,0.054726368159204,28.645714285714288,21.642857225714298,4.29707648,26.045714285714286,29.454285576571454,4.513214513061224,2.8,0.0,0.0,0.0,3.724400043487549,3.7792000770568848,3.6907999515533447,3.7023000717163086,0,30.878312000797308,0.1522348335170146,3.7111001014709473,3.931299924850464,-0.0089062978888561,0.1563115268543963,251.989,0.1593875701543901,2.87154783531669,0,1,0,0,6,0,8,32,-0.8660254037844385,-0.5000000000000004,-0.663122658240795,-0.7485107481711013,11.270000457763672,-0.2353140623671906,12.74500012397766,0.0,1373.5533266067505,-1.0500173590400002,367.25,357.25,31.774285714285714,37.79428523657146,19.877170062329494,45.88899477691892,1400.337571203471,1299.2152509691707,25.280580058575104,1357.4083436072315,73.32964580547127,0.11418273938480096,0.1734912291728625,0.2077014578502189,0.5497444989996041,0.027628032345013476,0.0400531071124043,0.04329557813113695,0.6381258122959689,0.7974368502591471,-0.13517373247826156,0.061606711085841696,0.13309533828527237,0.46287651581778666,0.0032483634742233036,0.0,0.35718988779239264,0.0032483634742233036,0.0,0.28650525909475205,0.35630485311285526,0.35718988779239264,2.0
2018-10-08 00:00:00+00:00,366.5,369.5,363.0,365.0,803080,72.9064039408867,0.2612371873275924,356.2625,357.52,359.95850081517943,377.8242076513964,334.7007923486036,4.058721047953213,2.670007414861115,1.3887136330920984,0.0020505809979494,0.0345800988002822,20.91714285714286,31.46285763714287,2.3506626046530608,16.28357142857143,41.002858165714315,2.6794589902857138,0.2,0.4,0.0,0.0,4.016499996185303,4.017199993133545,3.662499904632568,3.8357999324798575,0,21.1151898634147,0.159752434260729,4.052700042724609,4.057300090789795,0.0100934451860968,0.1770116552265614,252.146,0.0555542328357194,2.699180104187437,0,0,1,0,0,6,10,41,-0.8660254037844386,0.5000000000000001,-0.970941817426052,0.2393156642875573,15.6899995803833,0.2681168902127276,13.392499923706056,1.0,1405.8206752538679,0.9537902857739607,365.75,360.5,26.045714285714286,29.454285576571454,22.18709509306557,52.042933381682516,1514.258617862279,1385.7297625102453,32.13221383800839,1437.874154769956,36.897259348873334,0.20521267718698502,0.1517268124210046,0.1652591039019147,1.2417631460179783,0.017735334242837655,0.038055549027947375,0.046211804941889104,0.3837835468080979,1.2300530692816771,0.10928074532141686,0.23578154489079892,0.1910924221580911,1.2338612378732845,0.017476997316554277,1.0,0.5309229498405167,0.017476997316554277,1.0,0.1646746107585233,0.30440243940096,0.5309229498405167,2.0
2018-10-15 00:00:00+00:00,378.25,378.5,360.25,366.5,887481,64.64646464646464,0.2186605181007095,362.7875,357.67,364.1000442716684,379.7450902894006,345.82990971059945,5.00357154169285,3.736836489354046,1.2667350523388037,0.0320600272851296,0.1224035608308604,12.778571428571428,51.49142919428573,1.848451714122449,17.572142857142858,81.54285898857147,2.230462069142857,0.0,2.8,0.0,0.0,3.777600049972534,3.7871999740600586,3.676300048828125,3.781599998474121,0,20.48790595214733,0.1489036890184035,3.8357999324798575,4.204999923706055,-0.0098837347762917,0.1570172596606398,252.439,0.1162025175890146,2.2769721941990007,0,0,1,0,0,7,10,42,-0.8660254037844386,0.5000000000000001,-0.9350162426854148,0.3546048870425355,21.299999237060547,0.3056834968958971,15.297499656677246,1.0,1430.3901994228363,-1.1045759952181846,366.5,365.75,30.690714285714286,37.68000034971431,21.889356239135076,53.94615438857858,1511.5913462107335,1377.6641458208408,33.481800097473204,1434.8805726311082,41.83456548323478,0.2120115752798677,0.15495435648193598,0.16518084810151376,1.283511768352563,0.04824851288830139,0.04278260744245716,0.04723876260600861,1.0213752438217318,1.3396749494063553,0.09212414948656103,0.2332394726284182,0.18541518416886166,1.2579307411883514,-0.04139613387740648,0.0,0.056263196793902626,-0.04139613387740648,0.0,0.7891495436218889,0.15458725958420844,0.056263196793902626,0.0
2018-10-22 00:00:00+00:00,369.5,377.5,365.5,377.25,735490,52.4390243902439,0.1821702621305458,367.6625,358.005,366.8101655715747,377.8169325297911,357.50806747020897,4.118679282307369,4.373664430099896,-0.2549851477925271,-0.023132848645076,0.0342897130860742,14.578571428571431,6.459999944285728,2.2159804945306125,12.301428571428572,77.86857158857147,1.8313967959999997,0.0,0.6000000000000001,0.0,0.0,3.7344000339508057,3.737799882888794,3.669800043106079,3.710900068283081,0,19.889640379533372,0.1478446638263826,3.781599998474121,4.076000213623047,2.641704680213624e-05,0.1477903458945084,252.439,0.1162025175890146,2.2769721941990007,0,0,1,0,0,8,10,43,-0.8660254037844386,0.5000000000000001,-0.8854560256532101,0.464723172043768,19.63999938964844,-0.081138765047269,17.15749955177307,1.0,1371.1775752305984,-0.11356081290880098,378.25,366.5,29.870714285714286,34.09142838857146,21.270780260573368,55.48953614341683,1515.8501531189218,1328.9815921479926,46.71714024273234,1409.3993736709044,25.656418272025178,0.24182691146079763,0.1876504951383683,0.17306980268911573,1.3972795584819282,0.03247631935047361,0.0372089057953105,0.04498864554661174,0.7218779702546483,1.1479021393487685,0.14386048364353737,0.14962287468479865,0.17858144129168763,0.8378410725333998,-0.025978264892372094,0.0,0.11416223793037823,-0.025978264892372094,0.0,0.6338834187210166,0.25195434334860517,0.11416223793037823,0.0
2018-10-29 00:00:00+00:00,366.75,372.5,360.5,369.25,876481,52.30769230769231,0.1785984542426013,368.6875,358.49,366.7535372317214,377.1679341374699,360.2070658625301,2.0990580690636307,3.2402650517409723,-1.1412069826773417,-0.0074424898511502,0.0294736842105263,13.317142857142857,5.785714398571441,2.142464826367347,13.156428571428572,10.597142851428597,2.349317164122449,0.0,0.8,0.0,0.0,3.684499979019165,3.732899904251098,3.586100101470948,3.6415998935699454,0,34.41379779054698,0.1477728774615185,3.710900068283081,4.01200008392334,-0.0025298460217152,0.1507900678530744,252.439,0.1162025175890146,2.2769721941990007,0,0,1,0,0,9,10,44,-0.8660254037844386,0.5000000000000001,-0.822983865893657,0.5680647467311548,24.700000762939453,0.229235002672812,20.33249974250793,1.0,1335.5567609667776,-0.36918711976053464,369.5,378.25,27.670714285714286,60.302856269142886,20.74727369998338,52.59325270522404,1468.4187915336718,1303.0538139033686,41.34124440757584,1379.8623285892538,12.544602961834954,0.23437808811914476,0.18208810114313584,0.15767830267070027,1.4864319902295404,0.032719836400818,0.03293456516978756,0.043935733350315,0.7447202187961482,1.40480395668043,0.23106947825197482,0.14780233183673816,0.17949138419976318,0.8234507982719383,0.03612220631642038,1.0,0.7419465201886428,0.03612220631642038,1.0,0.07201705985176389,0.1860364199595933,0.7419465201886428,2.0
2018-11-05 00:00:00+00:00,374.0,374.25,362.5,366.75,1039563,48.538011695906434,0.1613706003562419,368.9625,359.9,367.4558608579778,378.143824007374,359.78117599262595,1.8611870261842116,2.0812564381764385,-0.220069411992227,0.0197682344921608,0.0156143923964697,11.558571428571428,24.40285740628573,1.6808463278367345,14.370714285714286,22.60285753371431,1.8808583656122446,0.0,2.6,0.0,0.0,3.71560001373291,3.742199897766113,3.64709997177124,3.700000047683716,0,45.87088931519614,0.1671617714142747,3.6415998935699454,3.8738999366760254,-0.0172331586513382,0.1497294134662011,252.439,0.1162025175890146,2.2769721941990007,0,0,1,0,0,10,11,45,-0.5000000000000004,0.8660254037844384,-0.7485107481711011,0.6631226582407952,19.959999084472656,-0.2130730495069545,21.399999618530277,1.0,1383.8000178337097,-1.8395183827228347,366.75,369.5,28.977857142857143,101.71142649600003,20.335882770030537,50.658388500610506,1458.6015010287408,1301.8607756982203,39.1851813326301,1381.4374042870363,43.43240262533498,0.2769206267574718,0.20440443260164876,0.16262927682943784,1.702772189168488,0.03141711229946524,0.03251942303637916,0.04189001593158039,0.7499902805211742,1.7115931966523348,0.1685164273391002,0.18152568012151343,0.18119093551018642,1.0018474135690638,0.0005345442078359408,0.0,0.32667269988321296,0.0005345442078359408,0.0,0.31502567542630283,0.35830162469048427,0.32667269988321296,1.0
2018-11-12 00:00:00+00:00,371.25,379.0,366.0,373.75,1260375,51.265822784810126,0.1545330270200738,369.5375,362.68,369.1940335497526,377.2379357362671,361.837064263733,2.062737794243162,2.134088327488409,-0.0713505332452473,-0.0073529411764705,-0.0066889632107023,2.827142857142857,22.154285268857155,1.1591539373469388,8.449285714285713,55.68857140800002,1.514645169897959,0.0,6.6,0.0,0.0,3.7246999740600586,3.78410005569458,3.700200080871582,3.729399919509888,0,55.36810824529647,0.1517866104184155,3.700000047683716,3.7815001010894775,0.0013793323984191,0.1644295636937975,252.439,0.1162025175890146,2.2769721941990007,0,0,1,0,0,11,11,46,-0.5000000000000004,0.8660254037844384,-0.6631226582407955,0.7485107481711007,20.450000762939453,0.0242526947811493,21.1875,1.0,1384.539720118046,0.021730722252895393,374.0,366.75,27.509285714285713,68.31428721828574,19.569005540627646,50.98291643011951,1414.7177828110187,1322.8192542635472,22.9746321368678,1382.6783306194402,34.05937011787094,0.2278451702741266,0.20443862556939915,0.16260382010525973,1.4012288033229823,0.035016835016835016,0.035975723191178643,0.04064513728299276,0.8615256028728229,2.0394793690368718,0.16955487924778925,0.11802665554560772,0.179819998183969,0.6563599720497056,-0.02081491091695975,0.0,0.142981341704103,-0.02081491091695975,0.0,0.5721786450939385,0.2848400132019585,0.142981341704103,0.0
2018-11-19 00:00:00+00:00,362.25,371.75,361.25,369.5,843204,46.03174603174603,0.1449100116742346,368.1,363.85,367.6910062406656,375.6870388094969,360.5129611905031,0.077293892276657,1.2056205687126065,-1.1283266764359494,-0.0242424242424242,-0.0129427792915531,3.3985714285714286,7.105714614285727,1.0888753297959184,1.9749999999999999,27.35999954857145,1.1358678202857144,0.0,6.6,0.2,0.0,3.7660999298095694,3.8162999153137207,3.7181999683380127,3.742500066757202,0,53.738451287433634,0.1486414678232534,3.729399919509888,3.7202999591827393,-0.0079588531532319,0.1515566660368572,252.885,0.1766763455725906,2.5224699286070296,0,0,1,0,0,12,11,47,-0.5000000000000004,0.8660254037844384,-0.5680647467311559,0.8229838658936564,20.100000381469727,-0.0172630857527394,21.30250024795532,1.0,1355.7206491827965,-0.9725616608957806,371.25,374.0,21.67285714285714,116.94857012857148,18.43390840897425,49.45885727647125,1412.3485050123754,1317.4600690382895,23.72210899352153,1371.8952580447828,43.18614952025941,0.21655056397097694,0.20538791227502068,0.16476309033472267,1.3143146950442546,0.028985507246376812,0.032123122062793726,0.03920552375642271,0.7393218372298875,1.334028294650182,0.2231921155590531,0.11503931102657418,0.17534508444299726,0.6560737350081509,0.016594679999492046,1.0,0.5199229460832152,0.016594679999492046,1.0,0.17083315741142444,0.3092438965053603,0.5199229460832152,2.0
2018-11-26 00:00:00+00:00,356.0,363.5,355.25,362.75,836256,16.037735849056602,0.1282810931753241,366.6375,365.21,364.9111976197664,376.8141955138215,356.46080448617846,-1.8524654798658275,-0.2181214286967302,-1.6343440511690974,-0.0239890335846469,-0.0138504155124653,6.701428571428572,10.131428856571441,0.9898846309795919,3.311428571428572,19.47714388800003,1.054722425755102,0.0,4.4,0.0,0.0,3.754499912261963,3.892199993133545,3.747299909591675,3.871399998664856,0,69.1544758696102,0.1446959695177281,3.742500066757202,3.704900026321411,-0.0106048453004038,0.1500082110841288,252.885,0.1766763455725906,2.5224699286070296,0,0,1,0,0,13,11,48,-0.5000000000000004,0.8660254037844384,-0.4647231720437684,0.88545602565321,18.89999961853028,-0.0615579321616099,19.852499961853027,1.0,1378.2183995246887,-1.2371608756129706,362.25,371.25,28.167142857142856,11.768570934285743,17.458264548487435,47.52455318689246,1402.630118442208,1348.5092748874124,13.530210888698928,1374.4245146367452,71.26706478104467,0.18597086789789355,0.20881699786932537,0.16325818882212056,1.1391211543410433,0.023174157303370788,0.030262689653373163,0.03848426054422321,0.6021721855619117,1.2418323656391386,0.24668873694406104,0.13831040732194524,0.1844824610350031,0.749721133644739,0.04116699962530612,1.0,0.7872369170512885,0.04116699962530612,1.0,0.056874622963199506,0.15588845998551193,0.7872369170512885,2.0
2018-12-03 00:00:00+00:00,371.25,374.0,355.5,356.0,682260,50.0,0.1170322385135364,365.75,366.575,364.4404615642723,377.3791376338643,354.1208623661357,-0.8524237817331368,-1.2087256756874922,0.3563018939543554,0.0428370786516854,0.0122699386503066,2.2885714285714287,22.951428760000013,0.8029726767755102,7.531428571428572,28.16285748171431,0.9689188662857141,0.0,6.2,0.0,0.0,3.939399957656861,3.940000057220459,3.816200017929077,3.86520004272461,0,62.42455714708037,0.1454470512194099,3.871399998664856,3.6949000358581534,0.0177996460665677,0.1379667685394982,252.885,0.1766763455725906,2.5224699286070296,0,0,1,0,0,14,12,49,-2.4492935982947064e-16,1.0,-0.3546048870425359,0.9350162426854148,16.440000534057617,-0.1394444797687234,18.972500324249268,1.0,1434.9555158615115,1.6032882610841797,356.0,362.25,20.38571428571429,64.42571133714289,16.817823517709442,46.275411528493876,1455.23074685622,1321.486395487301,33.43608784222972,1398.636915126652,73.51033483006054,0.1827723803404851,0.23284758670670563,0.1717835117279413,1.0639692241840704,0.04983164983164983,0.03368505233953952,0.03863495057055332,1.2898071874733674,0.9787856607742748,0.27176339594485543,0.09986010184394435,0.18436029956574038,0.5416572692851528,0.01866968893266474,1.0,0.5457428499775372,0.01866968893266474,1.0,0.15663462182002258,0.2976225282024403,0.5457428499775372,2.0
2018-12-10 00:00:00+00:00,374.25,376.0,369.25,370.0,9127,64.3939393939394,0.1281040550102455,365.825,367.425,367.47970954241055,377.677270490989,353.972729509011,1.568669999407689,0.0742857611088925,1.4943842382987964,0.0211459754433833,0.0053727333781061,-1.2257142857142855,19.11142889942858,0.6090302273469387,5.317857142857143,57.97428644514287,0.6853242344285715,0.0,7.0,1.0,1.0,3.840800046920776,3.9407999515533447,3.8173999786376953,3.9058001041412354,0,69.85836229132101,0.1433804962925592,3.86520004272461,3.759200096130371,0.0036805650383019,0.1472094905561747,252.885,0.1766763455725906,2.5224699286070296,0,0,0,0,0,0,12,50,-2.4492935982947064e-16,1.0,-0.2393156642875578,0.970941817426052,22.63999938964844,0.3200008042627009,19.51999998092652,1.0,1461.7456889748573,0.1913801582575994,371.25,356.0,16.28357142857143,41.002858165714315,16.075890203202842,47.03017765214866,1505.876225938266,1309.4439008336608,49.10808127615133,1423.8804246659342,78.62786088335059,0.1645454827018796,0.23438042954408,0.17037003840017964,0.9658122671620143,0.018036072144288578,0.031008844308504195,0.037542352498271606,0.48041921030193374,0.013479865641466094,-0.04173610305237856,0.09856688376410744,0.1815371115801778,0.5429571809123036,0.009180056490813548,0.0,0.4277597595513459,0.009180056490813548,0.0,0.2298775372162986,0.34236270323235546,0.4277597595513459,2.0
2018-12-24 00:00:00+00:00,377.75,385.25,374.75,385.0,506305,73.02631578947368,0.1301275040391128,370.15,369.34,372.8881295845399,386.4364166845598,353.86358331544017,3.3563372639234785,2.5792419899739887,0.7770952739494899,0.0059920106524633,0.0427881297446515,5.38,2.534285678285727,0.9295771808571429,7.49142857142857,6.911428202285741,0.8235342155714286,0.0,6.4,0.2,0.0,3.898400068283081,3.91540002822876,3.830499887466431,3.843400001525879,0,50.42261970737128,0.1393989749991206,3.9154999256134033,3.803100109100342,0.0063539000047756,0.1372421832506016,252.038,-0.3349348518100981,2.176601032152403,0,0,0,0,0,0,12,52,-2.4492935982947064e-16,1.0,6.432490598706546e-16,1.0,36.06999969482422,0.3859723567177919,24.917500019073486,2.0,1451.8443505764008,0.9703248522876581,376.75,374.25,12.301428571428572,77.86857158857147,14.579144585440039,42.18212809366897,1489.7981438563008,1422.0569323375087,16.935302879698014,1447.3741963842606,80.60951529605032,0.14599000180770927,0.19730758423725425,0.17292864190038887,0.8442210137149689,0.027796161482461945,0.027085458185532717,0.035963611524704814,0.7728966189728049,0.780991686137908,0.04455671714761437,0.13816561132416907,0.1821629820702118,0.7584724523569274,0.0006754780899052015,0.0,0.3282245631376578,0.0006754780899052015,0.0,0.31350709375834007,0.35826834310400213,0.3282245631376578,1.0
2018-12-31 00:00:00+00:00,375.0,379.25,372.5,378.25,373687,55.17241379310345,0.1361717448769899,373.4,369.625,373.46550786753886,384.1402342423699,362.65976575763005,2.391133409528265,2.596869993642321,-0.2057365841140557,-0.0092470277410832,0.053370786516854,5.174285714285714,20.73714326400001,0.7843493489795919,3.6992857142857143,9.980000293714308,0.9093415467346938,0.0,5.8,0.0,0.0,3.902600049972534,3.9419000148773193,3.8285999298095694,3.874200105667114,0,44.10870621362489,0.1199302282472458,3.843400001525879,3.8510000705718994,0.0011715014314536,0.1334315200695525,252.038,-0.3349348518100981,2.176601032152403,0,0,0,0,0,0,12,1,-2.4492935982947064e-16,1.0,0.120536680255323,0.992708874098054,25.420000076293945,-0.3499252176921504,27.16249990463257,2.0,1452.8250396251676,0.45208499495545806,377.75,376.75,13.156428571428572,10.597142851428597,13.87721820665589,40.10457146141383,1482.0092124913538,1438.780625584284,10.807146726767423,1449.5545336806235,63.850193129994366,0.15090385414523363,0.16371004373016845,0.17295905054399457,0.8724830816645718,0.018,0.026050626724858562,0.03384818375471884,0.5317861310543516,0.5960116549292956,-0.02773972976665567,0.0827658649834618,0.16870650962502812,0.49059079143722223,-0.03670870227379719,0.0,0.0700816944482311,-0.03670870227379719,0.0,0.7475211494983142,0.18239715605345475,0.0700816944482311,0.0
2019-01-07 00:00:00+00:00,382.25,384.0,374.0,375.25,494978,58.95522388059702,0.1248460196159866,376.5125,370.295,375.7747798026827,382.6501212606223,370.37487873937766,3.098168140135158,2.6968082584106168,0.4013598817245412,0.01797603195739,0.0429740791268757,6.081428571428572,19.111428914285725,0.8677156202448979,2.502857142857143,46.04000091428574,0.8045457620816326,0.0,5.0,0.8,0.2,3.880000114440918,3.895900011062622,3.661200046539306,3.661200046539306,0,23.3423757430414,0.1398402681673019,3.874200105667114,3.8777999877929688,0.0006971843669492,0.1214449977135324,252.038,-0.3349348518100981,2.176601032152403,0,0,0,0,0,0,1,2,0.4999999999999999,0.8660254037844387,0.2393156642875577,0.970941817426052,21.39999961853028,-0.1721453645605258,26.85249996185303,1.0,1399.4937177896497,0.4046532885050181,375.0,377.75,14.370714285714286,22.60285753371431,13.143388460604358,40.487502393857184,1509.0055243023799,1380.6583281806543,32.08679903043135,1429.530207324234,15.814841033661182,0.15936067575569116,0.17762022015901133,0.179310843260299,0.8887397101632944,0.026160889470241987,0.02131647465257699,0.03360236082491602,0.7785429667017362,0.7868845474600576,-0.016100650869534244,0.20185168813435805,0.19043796159514756,1.0599340375430744,-0.010243068792469945,0.0,0.22060341233301742,-0.010243068792469945,0.0,0.44081710011996456,0.33857948754701805,0.22060341233301742,0.0
2019-01-14 00:00:00+00:00,378.5,384.5,376.0,382.5,822292,50.0,0.1231376537451394,377.7875,371.46,376.99341066605416,383.528110182302,372.04688981769806,2.3430082992846337,2.6735184286613736,-0.3305101293767398,-0.0098103335513407,0.0113560454241816,0.7571428571428571,7.419999748571439,1.0057549903673468,7.629285714285714,29.028571574285742,0.9165007289795918,0.0,6.8,0.0,0.0,3.73420000076294,3.73799991607666,3.659600019454956,3.659600019454956,0,25.58279821722732,0.1828854418234524,3.661200046539306,3.890700101852417,-0.0253239439291737,0.1663906440022267,251.233,-0.3193962815131068,1.9101588486313716,0,0,0,0,0,0,1,3,0.4999999999999999,0.8660254037844387,0.3546048870425356,0.9350162426854148,19.06999969482422,-0.1152745005927151,25.489999771118168,1.0,1385.1586073637009,-2.2129981114042634,382.25,375.0,8.449285714285713,55.68857140800002,12.787639896325736,39.74821653453,1492.6084723199774,1352.0523853574823,35.13902174062372,1411.781567340021,1.0663445885211331,0.1281546898942152,0.1617064094312374,0.1796938613520756,0.7131834209477335,0.022457067371202115,0.022200673697959698,0.031733144979344916,0.707684671940732,1.2855097581191872,0.047070383470559446,0.18960369282759856,0.16945649180764746,1.1188929949871176,0.033555908369389265,1.0,0.7166278097319706,0.033555908369389265,1.0,0.08107756572530281,0.20229462454272662,0.7166278097319706,2.0
2019-01-21 00:00:00+00:00,381.75,383.0,371.0,379.5,814632,57.961783439490446,0.1514346471461942,377.625,372.37,377.0670002283557,384.2632067966942,370.9867932033058,1.655307781070178,1.9716995326531157,-0.3163917515829375,0.0092531394580304,0.0132714001327141,-4.134285714285714,13.402856825714295,0.5278627536734694,-1.8192857142857142,27.93428462000002,0.8619323414081632,0.0,7.0,0.4,0.0,3.698199987411499,3.777899980545044,3.6902999877929688,3.750200033187866,0,37.33905240044077,0.1876340901673406,3.659600019454956,3.838900089263916,-0.0131118342414238,0.1817196940637504,251.233,-0.3193962815131068,1.9101588486313716,0,0,0,0,0,0,1,4,0.4999999999999999,0.8660254037844387,0.4647231720437685,0.8854560256532099,17.799999237060547,-0.068917989173131,20.92249965667725,1.0,1431.638862669468,-0.9917871426292733,378.5,382.25,1.9749999999999999,27.35999954857145,11.845257598866933,38.986027378753874,1478.5735642322186,1355.9845494917747,30.64725368511097,1419.7244854717999,41.2247249521168,0.18627282816689755,0.17831234497066903,0.18805206178711067,0.9905385587975475,0.03143418467583497,0.025169660599948195,0.031631065039347483,0.9937754134733772,1.2315971635069805,-0.010056783358627327,0.22322372411211314,0.1758269998580724,1.2695644673267172,-9.310666417672309e-05,0.0,0.3198077742740863,-9.310666417672309e-05,0.0,0.32183651962271465,0.35835570610319906,0.3198077742740863,1.0
2019-01-28 00:00:00+00:00,379.75,382.25,375.75,380.75,699384,46.75324675324676,0.1374927969583737,378.4,372.98,377.83364703723817,384.5030622168743,372.29693778312566,1.4256461001720029,1.6212288326628637,-0.195582732490861,-0.0052390307793058,0.0174146014735432,-3.0785714285714287,21.322857742857156,0.5093981344489796,-7.439285714285714,26.460000680000025,0.4833341911632653,0.0,7.0,0.0,0.0,3.751699924468994,3.814300060272217,3.7102999687194815,3.769599914550781,0,55.21902469219743,0.1845269609862581,3.750200033187866,3.871500015258789,0.000346734016106,0.1853761610753385,251.233,-0.3193962815131068,1.9101588486313716,0,0,0,0,0,0,1,5,0.4999999999999999,0.8660254037844387,0.5680647467311558,0.8229838658936564,18.8700008392334,0.0583749894186641,19.284999847412116,1.0,1431.505567550659,0.3540696831237068,381.75,378.5,3.311428571428572,19.47714388800003,10.601093514147408,38.177896623995565,1458.7538783336286,1365.1444993531104,23.402344745129568,1424.4369183033436,40.67226316743551,0.18223993826879428,0.1678572300558127,0.18728679557877523,0.9730527343109702,0.017116524028966424,0.02303373310924909,0.031256230200008187,0.5476194167768758,1.0051686020628992,-0.05529486575463133,0.22258568198824136,0.17642474080577614,1.261646571536231,-0.031068369760394843,0.0,0.09084023876517708,-0.031068369760394843,0.0,0.6907052535685707,0.2184545076662522,0.09084023876517708,0.0
2019-02-04 00:00:00+00:00,379.25,381.5,375.75,379.75,888979,50.931677018633536,0.1427413404421544,378.575,373.99,378.1041709289898,384.0066324968588,373.1433675031412,0.9681403451834284,1.255971235453723,-0.2878308902702944,-0.0013166556945358,-0.0013166556945358,-2.1085714285714294,9.034285825714298,0.6192850927755102,-1.5599999999999992,33.825715188000025,0.5567692046734694,0.0,5.2,0.0,0.0,3.760200023651123,3.762900114059448,3.635200023651123,3.6572999954223633,0,43.58237132275978,0.1737890785928601,3.769599914550781,3.7551000118255615,-5.306342456100524e-05,0.185808407412312,251.233,-0.3193962815131068,1.9101588486313716,0,0,0,0,0,0,2,6,0.8660254037844386,0.5000000000000001,0.6631226582407952,0.7485107481711011,15.729999542236328,-0.1820037158860638,17.867499828338627,1.0,1387.0310232639313,0.3140899390570063,379.75,381.75,7.531428571428572,28.16285748171431,9.816506835815318,37.89711072489908,1461.3686557900783,1356.2983746338014,26.26757028906927,1409.4745602875787,44.089207158190156,0.20270199746300108,0.18453248438364492,0.1930075013060461,1.0502285433937477,0.015161502966381015,0.02246603370252529,0.02899706396901689,0.5228632027693878,1.2244555021463777,0.01691859523397788,0.23011739736871006,0.1710709641263104,1.3451574619479438,0.0020220428193424844,0.0,0.3432379452358847,0.0020220428193424844,0.0,0.29920170942525764,0.3575603453388576,0.3432379452358847,1.0
2019-02-11 00:00:00+00:00,372.75,381.75,371.75,379.5,1226988,39.31623931623932,0.1388509877183269,377.85,375.495,377.4396595561914,383.6637767416707,372.03622325832936,-0.0608238110200431,0.7615668138324871,-0.8223906248525303,-0.0171390903098219,-0.0093023255813953,-2.5,16.114286338857152,0.7314124595102041,8.627142857142857,16.71142888171431,0.6695491962448978,0.0,6.6,0.0,0.0,3.667200088500977,3.771699905395508,3.6575000286102295,3.728600025177002,0,46.55172662472336,0.1267238790134041,3.6572999954223633,3.707900047302246,0.0039725268472293,0.1496013359615025,251.233,-0.3193962815131068,1.9101588486313716,0,0,0,0,0,0,2,7,0.8660254037844386,0.5000000000000001,0.7485107481711011,0.6631226582407953,15.970000267028809,0.0151422909787008,17.092499971389774,1.0,1389.8356593847275,0.7166489662360368,379.25,379.75,5.317857142857143,57.97428644514287,9.739773675900967,36.53029254146781,1459.8679872936748,1360.1375691407181,24.932604538239186,1401.6189999264382,52.49063584559606,0.1685747389602129,0.15526189988072783,0.19269210426413486,0.8748398428445142,0.02682763246143528,0.02259938230076395,0.027633868615667016,0.9708239959563751,1.6551903878767968,0.10575560515545875,0.15490410094385593,0.17120680138759722,0.9047776761239167,-0.016690710005075382,0.0,0.17015410333330366,-0.016690710005075382,0.0,0.5211212983866707,0.3087245982800257,0.17015410333330366,0.0
2019-02-18 00:00:00+00:00,374.75,379.0,373.0,373.5,969525,42.537313432835816,0.1279989870952186,377.9875,376.96,377.1110538974111,382.94912908326336,373.0258709167367,-0.2784234680544841,0.2616720812113867,-0.5400955492658708,0.0013360053440214,0.0020053475935828,-1.875714285714286,17.634286164285722,0.8618416900816327,-2.5528571428571434,36.98285867942859,0.7885477118367347,0.0,6.4,0.0,0.0,3.75600004196167,3.791300058364868,3.6468000411987305,3.6468000411987305,0,36.82243542501195,0.1298044087133763,3.728600025177002,3.7488999366760254,0.0036810704063977,0.1176376799578101,251.712,0.1906596665246951,1.5512351381991252,0,0,0,0,0,0,2,8,0.8660254037844386,0.5000000000000001,0.8229838658936564,0.5680647467311559,14.90999984741211,-0.0686798604048553,16.370000123977665,0.0,1366.6383154392242,0.1774473741150749,372.75,379.25,0.45285714285714257,9.58857144857145,8.946700719852057,36.55949035682012,1448.1706899317844,1339.3345928874867,27.209024261074422,1387.6267261315527,3.9720199566787926,0.17428679060902147,0.14744747093447372,0.1915956987756612,0.9096591553263508,0.016010673782521682,0.021310103583027866,0.02675976115646774,0.5983113117412425,1.301008762359918,0.22156025851674752,0.1767004152235005,0.17340351602261772,1.019012815232216,0.015633856944209823,1.0,0.5079225486722598,0.015633856944209823,1.0,0.1777461370373739,0.3143313142903663,0.5079225486722598,2.0
2019-02-25 00:00:00+00:00,370.5,378.5,368.5,374.25,1459933,37.5886524822695,0.1262914788396142,376.2375,377.035,375.2770078272613,383.101737988291,369.373262011709,-1.219315460854034,-0.6213012589741933,-0.5980142018798407,-0.0113408939292861,-0.0172413793103448,-0.38571428571428573,18.457142477142867,0.8604835588163265,-2.176428571428572,34.81714307428574,0.8681741645102042,0.0,6.2,0.0,0.0,3.731800079345703,3.769700050354004,3.691400051116944,3.746299982070923,0,58.88414983989678,0.1631198767439162,3.6468000411987305,3.769799947738648,-0.0204110449346105,0.149927583402784,251.712,0.1906596665246951,1.5512351381991252,0,0,0,0,0,0,2,9,0.8660254037844386,0.5000000000000001,0.8854560256532099,0.4647231720437686,14.850000381469728,-0.0040322276058119,15.365000009536748,0.0,1388.004143357277,-2.231764159985745,374.75,372.75,7.49142857142857,6.911428202285741,8.229079475253307,36.44708085472113,1404.6537657825907,1361.1008049399893,10.888240210650343,1387.7776930218427,26.317339921246656,0.1316166723095301,0.15205528739894558,0.17485077135573523,0.7527371126912782,0.02699055330634278,0.020421377309129428,0.027222522109643,0.9914784266810344,1.8763931010598847,-0.2023986296098537,0.18137603611648886,0.1588053614766776,1.1421278413314,-0.021392684801721962,0.0,0.13947776703841197,-0.021392684801721962,0.0,0.579235111069593,0.281287121891995,0.13947776703841197,0.0
2019-03-04 00:00:00+00:00,365.0,371.25,357.5,370.75,473135,39.59731543624161,0.1307745578889916,372.6375,375.9,370.9022707332835,384.3932096990503,360.8817903009497,-3.351642421531267,-2.16686639220143,-1.1847760293298366,-0.0148448043184885,-0.0305444887118193,-6.141428571428571,10.037142605714298,0.9179164497959185,2.813571428571429,40.991427474285736,0.8543379225714286,0.0,7.0,0.0,0.0,3.750099897384644,3.79390001296997,3.716599941253662,3.721400022506714,0,46.084353488968205,0.1548872320861151,3.746299982070923,3.642800092697144,-0.0053775058169423,0.1625938613101292,251.712,0.1906596665246951,1.5512351381991252,0,0,0,0,0,0,3,10,1.0,6.123233995736766e-17,0.9350162426854148,0.3546048870425355,14.630000114440918,-0.0149256680825268,15.090000152587894,0.0,1358.3110082149506,-0.7284102482189251,370.5,374.75,3.6992857142857143,9.980000293714308,7.879691859338347,36.740264507596265,1407.0171356391043,1344.3774275589853,15.659927020029698,1375.991019099086,31.36538829938233,0.13686130723119933,0.15471409945867262,0.1751784127170038,0.7812680643454315,0.03767123287671233,0.02453231907867861,0.026693658109063545,1.4112422737406205,0.6247362876336569,0.05533735426668094,0.1808356769783749,0.1575678877586526,1.147668272222313,-0.01037133433121884,0.0,0.2195027053014798,-0.01037133433121884,0.0,0.44239855093946173,0.3380987437590585,0.2195027053014798,0.0
2019-03-11 00:00:00+00:00,352.5,367.25,352.5,366.0,13980,26.530612244897966,0.13239692845406,367.6875,374.005,365.69054393131125,383.14020798962406,352.23479201037594,-5.273806747261915,-3.6824157818214815,-1.5913909654404337,-0.0342465753424657,-0.0637450199203187,0.22000000000000033,11.225713902857153,0.9456680068163266,-5.588571428571429,14.251428148571453,0.9062661911632653,0.0,6.6,0.2,0.0,3.7737998962402335,3.899699926376343,3.758800029754639,3.813400030136109,0,61.61502287584128,0.1656699173947677,3.721400022506714,3.714900016784668,-0.0069889881063274,0.1516022517479226,251.712,0.1906596665246951,1.5512351381991252,0,0,0,0,0,0,3,11,1.0,6.123233995736766e-17,0.970941817426052,0.239315664287558,14.329999923706056,-0.0207189863383695,14.680000066757206,0.0,1344.2235106229784,-0.8895584771574351,365.0,370.5,2.502857142857143,46.04000091428574,7.010771647215137,35.289371839272086,1400.9236942578782,1327.6647945593368,18.314724924635374,1363.2840157086432,24.184862781618975,0.10863452843441497,0.15374131842533872,0.16249641091052058,0.6685348995731732,0.04184397163120567,0.029868812811643535,0.02716204072310015,1.5405306490948851,0.01938274551598942,0.1007186908878001,0.15637284670545756,0.15943250266663844,0.9808090212591806,0.053790143783819966,1.0,0.8742979930674092,0.053790143783819966,1.0,0.03108332278732352,0.0946186841452673,0.8742979930674092,2.0
2019-03-18 00:00:00+00:00,371.5,375.5,352.75,353.25,551479,55.932203389830505,0.1571562018215209,364.725,372.795,365.38661216698017,378.6211372899463,350.8288627100538,-2.4962628984400226,-3.8489013691135225,1.3526384706735,0.0539007092198582,-0.0086724482988659,9.008571428571429,30.120000191428584,1.4814986808571429,5.172142857142857,42.19142752571431,1.0568288786938775,0.0,4.4,0.0,0.0,3.837100028991699,3.8685998916625977,3.800600051879883,3.812999963760376,0,58.254201087595504,0.1657588942931586,3.813400030136109,3.721999883651733,-0.0145523957893894,0.1773090792529167,252.776,0.4227053140096748,1.520135265933309,0,0,0,0,0,0,3,12,1.0,6.123233995736766e-17,0.992708874098054,0.120536680255323,13.100000381469728,-0.0897429771890769,14.22750020027161,0.0,1416.5294865369797,-1.8779448929486149,352.5,365.0,7.629285714285714,29.028571574285742,6.892150434952409,35.734665754526425,1441.1309096585471,1312.4031647075456,32.18193623775038,1384.582204039978,68.14852189748979,0.22146866104330729,0.18659664373087917,0.1777682119840665,1.2458281833023996,0.06123822341857335,0.036750931003071155,0.028587960073987916,2.1420976466704005,0.7822286763470391,0.7015683930853831,0.15114795413211723,0.15575067011582505,0.9704481163081602,0.04713913526610369,1.0,0.832988444224144,0.04713913526610369,1.0,0.04282120563561226,0.12419035014024371,0.832988444224144,2.0
2019-03-25 00:00:00+00:00,379.75,380.75,367.75,372.0,859508,65.3631284916201,0.1761339584636402,365.4875,372.265,369.5152984708379,381.47308149682254,349.5019185031775,1.4270327809235823,-1.1559354720759447,2.5829682529995277,0.0222072678331091,0.0119920053297801,10.617142857142856,10.462857662857154,1.9247824412244898,7.606428571428572,42.78857302857145,1.735131346897959,0.0,2.6,0.4,0.0,3.79040002822876,3.930799961090088,3.740000009536743,3.9059998989105225,0,65.4196657123236,0.1332481512265437,3.812999963760376,3.766499996185303,-0.0071863253804843,0.1474514482399133,252.776,0.4227053140096748,1.520135265933309,0,0,0,0,0,0,3,13,1.0,6.123233995736766e-17,1.0,-1.6081226496766366e-16,16.329999923706055,0.2203916429834304,14.59750008583069,1.0,1483.303461611271,-1.1413378520581048,371.5,352.5,-1.8192857142857142,27.93428462000002,6.938232895370226,36.189756546400304,1527.4002693066946,1273.7834641863951,63.40420128007491,1424.0707070684953,76.05791699718296,0.23757334138813518,0.20938336853543302,0.18378347519973592,1.2926805753516994,0.03423304805793285,0.04039540585815339,0.028728756861911297,1.1915947601398493,1.2349125123992792,0.5677585574149913,0.11420214495048432,0.15824836651448126,0.7216639277182961,-0.04337556422235156,0.0,0.05123305736112866,-0.04337556422235156,0.0,0.8051468069995127,0.14362013563935866,0.05123305736112866,0.0
2019-04-01 00:00:00+00:00,361.75,380.5,356.0,379.25,1079288,54.66666666666667,0.1988443234336951,366.6,371.49,368.7961993418731,384.6331565967853,348.5668434032148,-0.2537868514348815,0.2147309300846326,-0.4685177815195142,-0.0473996050032916,-0.0061813186813186,11.181428571428572,15.719999940000012,2.281271031428571,11.280714285714286,19.862857514285732,2.0443831822857144,0.0,3.4,0.2,0.0,3.853800058364868,4.006400108337402,3.8285999298095694,3.922499895095825,0,57.67566299716739,0.1911126733633801,3.9059998989105225,3.747499942779541,0.0298839992210037,0.1595601217992543,252.776,0.4227053140096748,1.520135265933309,1,0,0,1,0,0,4,14,0.8660254037844387,-0.4999999999999998,0.992708874098054,-0.1205366802553228,13.399999618530272,-0.1977492238213873,14.28999996185303,0.0,1418.9643370509148,2.5656946080906953,379.75,371.5,-7.439285714285714,26.460000680000025,7.218392985069843,35.13640822174775,1529.424006239904,1302.0863916711678,56.834403642184085,1422.0281590614632,63.942872613038475,0.308315089593342,0.2270924353917152,0.19933552577719416,1.5467141289747701,0.06772633033863165,0.048542561264611164,0.030364231628001132,2.2304634236666114,1.5711238405954415,0.6063053582471125,0.10304985220391365,0.1580276027605855,0.6521002905994404,-0.017142299015731166,0.0,0.1669895500989079,-0.017142299015731166,0.0,0.5267531629676553,0.3062572869334368,0.1669895500989079,0.0
2019-04-08 00:00:00+00:00,360.0,366.25,359.25,362.25,954993,37.96791443850268,0.2417231923757013,367.6125,369.795,366.247358572722,383.229187262499,351.995812737501,-1.7989023103686463,-0.8528367323792826,-0.9460655779893636,-0.004837595024188,0.014799154334038,17.047142857142855,18.117143136000013,2.4080915902040814,8.652142857142858,45.357143105142875,2.262524484693878,0.0,0.2,0.0,0.0,3.848999977111816,3.885400056838989,3.822000026702881,3.874000072479248,0,57.31454438403463,0.2138020716784623,3.922499895095825,3.86929988861084,0.0063425250003543,0.2113967817853503,252.776,0.4227053140096748,1.520135265933309,1,0,0,2,0,0,4,15,0.8660254037844387,-0.4999999999999998,0.970941817426052,-0.2393156642875575,13.18000030517578,-0.0165541262601544,14.00250005722046,0.0,1394.6400260925293,0.21154718602575517,361.75,379.75,-1.5599999999999992,33.825715188000025,7.31089297681649,35.795810472289375,1504.814631919664,1351.9040237261834,38.227652048370146,1411.0729058738898,61.06871120228856,0.3038415074058848,0.23011026354520134,0.19827983823230422,1.5323872300421815,0.019444444444444445,0.04489720357815759,0.02988717848790451,0.6505946336275058,1.3789670320498635,0.6178934377036209,0.1155269833257914,0.15983820715512698,0.7227744739774568,0.00927753039782142,0.0,0.428953167076309,0.00927753039782142,0.0,0.22901586423326087,0.3420309686904301,0.428953167076309,2.0
2019-04-15 00:00:00+00:00,362.75,364.25,355.25,359.75,1097887,32.73809523809524,0.2215304235743067,366.8875,368.045,364.2591449904296,381.75841385723953,352.01658614276045,-2.133959917222228,-1.7498173301813202,-0.3841425870409076,0.0076388888888889,-0.0281312793034159,13.134285714285713,25.08285768057144,2.92890083755102,19.219285714285718,28.428572059428596,2.5521055570408167,0.0,2.2,0.0,0.0,3.845599889755249,3.888200044631958,3.8060998916625977,3.880300045013428,0,52.77835942128514,0.2048828040397327,3.874000072479248,3.8405001163482666,0.0046831281297402,0.2046919795797933,254.202,0.5641358356806014,1.8625227405691724,1,0,0,3,0,0,4,16,0.8660254037844387,-0.4999999999999998,0.9350162426854148,-0.3546048870425354,12.31999969482422,-0.0674766188942085,13.807499885559084,0.0,1407.5788413286211,-0.09582302270658138,360.0,361.75,8.627142857142857,16.71142888171431,8.07917637923386,35.32050476823384,1504.9118106174283,1347.3315224242397,39.39507204829711,1409.6752800557827,47.342069771345855,0.2971733270848565,0.21898974887374853,0.19711861472553974,1.5075862440630814,0.024810475534114404,0.041490504358739334,0.02996899439944169,0.8278711966346339,1.5559097102514101,0.6049519909985107,0.0950809053346635,0.15026552908209032,0.6327525653285059,-0.008393827347120464,0.0,0.23691077560499033,-0.008393827347120464,0.0,0.41816552997708323,0.34492369441792653,0.23691077560499035,0.0
2019-04-22 00:00:00+00:00,354.75,362.5,354.25,362.5,587542,35.41666666666667,0.2004146635706744,363.55,366.325,362.0178168268251,377.5053800228098,349.59461997719023,-2.843944974705778,-2.23505413793548,-0.6088908367702985,-0.0173130193905817,-0.0571428571428571,19.327142857142857,27.854286215428584,3.2041732324489796,11.714285714285714,57.56285828000002,3.049464047653061,0.0,0.2,0.0,0.0,3.870699882507324,3.949199914932251,3.866400003433228,3.934499979019165,0,67.15878884286289,0.1996081986233044,3.880300045013428,3.7909998893737793,0.006333996109095,0.2047913926059199,254.202,0.5641358356806014,1.8625227405691724,1,0,0,4,0,0,4,17,0.8660254037844387,-0.4999999999999998,0.8854560256532099,-0.4647231720437685,12.420000076293944,0.0080841493135502,12.829999923706056,0.0,1395.7638675570488,0.0692637752288986,362.75,360.0,-2.5528571428571434,36.98285867942859,8.313699562140433,36.755495317380046,1427.0974545364254,1381.3760814781315,11.430343264573517,1404.1107150562893,11.408157173762817,0.24186255022647105,0.22013163935566227,0.1858813698001958,1.3011661011256186,0.023255813953488372,0.03389402246572233,0.028640202605533616,0.8119986493743794,0.8382823531207687,0.6133503962853617,0.098842313578094,0.1518447003665109,0.6509434101426131,-0.009088565108962499,0.0,0.23068839137164163,-0.009088565108962499,0.0,0.4266403622409708,0.34267124638738755,0.23068839137164163,0.0
2019-04-29 00:00:00+00:00,352.0,356.0,342.25,354.75,1090559,35.71428571428572,0.1834047735056475,357.925,363.725,357.23994576213585,368.734474401849,347.115525598151,-4.415785619844144,-3.607754736739512,-0.8080308831046317,-0.0077519379844961,-0.0588235294117647,16.05857142857143,21.16857164114287,3.505560830204082,20.55,46.81714351228574,3.4378380673469384,0.0,0.2,0.0,0.0,3.9337000846862793,4.002600193023682,3.900000095367432,3.929199934005737,0,62.56198946049768,0.1487523827376878,3.934499979019165,3.897700071334839,0.0019843958381321,0.177425041142323,254.202,0.5641358356806014,1.8625227405691724,1,0,0,5,0,0,4,18,0.8660254037844387,-0.4999999999999998,0.8229838658936565,-0.5680647467311557,13.109999656677246,0.0540671889395927,12.757499933242798,0.0,1383.0783767700193,-0.3656962518673914,354.75,362.75,-2.176428571428572,34.81714307428574,9.103138300066858,37.40463391059977,1415.291392052755,1375.2391638213542,10.013057057850185,1395.6977797417815,20.948936223315016,0.14085738877854084,0.21732594395408447,0.18311130990185895,0.7692445713025023,0.0390625,0.03485991285413577,0.029691523998319192,1.3156107058062843,1.444526398798433,0.610424651540356,0.06864002826610588,0.1510009644405328,0.45456679018411034,0.012556817314734348,0.0,0.46949813823952014,0.012556817314734348,0.0,0.20135599004288782,0.3291458717175921,0.4694981382395202,2.0
2019-05-06 00:00:00+00:00,355.75,363.25,349.0,352.25,30339,41.25,0.1260968905555976,356.9375,362.285,357.9055288940403,367.0264139263181,346.8485860736819,-1.8531361455485469,-2.878844994046266,1.0257088484977197,0.0106534090909091,-0.0260095824777549,17.914285714285715,35.10571503857144,2.705659677142857,13.237857142857141,51.9542860694286,3.2627904585714282,0.0,0.4,0.0,0.0,3.944499969482422,3.97320008277893,3.90720009803772,3.936599969863892,0,59.36614744017449,0.1120640119228519,3.929199934005737,3.8559000492095934,-0.0059630383023246,0.1277241799878287,254.202,0.5641358356806014,1.8625227405691724,1,0,0,6,0,0,5,19,0.4999999999999999,-0.8660254037844387,0.7485107481711013,-0.663122658240795,15.4399995803833,0.1635862458316272,13.322499752044678,1.0,1400.4454392790797,-1.1604396659130614,352.0,354.75,2.813571428571429,40.991427474285736,9.369894354440426,38.343321146653246,1417.3338202119849,1376.0994422553995,10.30859448914635,1397.5968435567008,55.29629687233545,0.09261909744557922,0.21627862588177899,0.18378364265098376,0.5039572133298954,0.04005621925509487,0.02932589063742841,0.03086487245277931,1.2977927039371537,0.04046437400557036,0.608557555761195,0.0677065938138217,0.15098037216459573,0.44844630039424166,-0.017458482287992627,0.0,0.16480199377386057,-0.017458482287992627,0.0,0.5306923906299537,0.3045056155961858,0.16480199377386057,0.0
2019-05-13 00:00:00+00:00,347.5,359.25,335.5,357.0,3267,46.30541871921183,0.1668638945021972,354.1875,360.71,354.36066999542965,366.5044491695082,341.87055083049177,-3.531701053871018,-2.812140968554851,-0.719560085316167,-0.0231904427266338,-0.0347222222222222,16.42142857142857,34.522857402857156,3.2717791714285718,19.490000000000002,65.60285915428574,2.7863415477551023,0.0,0.0,0.0,0.0,3.96779990196228,4.000800132751465,3.9059998989105225,3.959700107574463,0,53.39705077463832,0.1199228187796188,3.936599969863892,3.855799913406372,-0.0074910870937125,0.1188747489872514,255.548,0.5295001612890538,1.9964397755302563,1,0,0,7,0,0,5,20,0.4999999999999999,-0.8660254037844387,0.6631226582407952,-0.7485107481711012,20.549999237060547,0.2858993863968531,15.37999963760376,1.0,1375.9957873821259,-1.2786088706603036,355.75,352.0,-5.588571428571429,14.251428148571453,10.022804396089432,40.102001018113405,1411.3536527103993,1366.2880827837375,11.26639248166548,1388.956421086871,26.187878887801716,0.09328473417713182,0.21404718114705903,0.18413642053264143,0.5066066172092734,0.0683453237410072,0.03910606649674096,0.03289233056570657,2.077849206397424,0.004508577786594612,0.6103293999368777,0.04249216657773686,0.14773533924455887,0.28762355654905564,0.15835287282233157,1.0,0.9992294565259366,0.15835287282233157,1.0,0.0001720344706650856,0.0005985090033983065,0.9992294565259366,2.0
2019-05-20 00:00:00+00:00,389.0,391.5,353.5,354.25,1693135,72.0,0.2507851647720798,358.5875,362.25,363.5295777736676,384.331316324498,332.84368367550195,4.494442442264926,0.1686782132842768,4.325764228980649,0.1194244604316547,0.0850767085076709,22.31,22.882857578285726,3.6280982359183676,14.705714285714285,71.55142892514289,3.2929461704081633,0.2,0.2,0.0,0.0,3.9890999794006334,4.11929988861084,3.9688000679016113,4.097400188446045,0,70.00263524967279,0.1223455295511262,3.959700107574463,3.9267001152038574,0.0036179487572637,0.1197518654908069,255.548,0.5295001612890538,1.9964397755302563,1,0,0,8,0,0,5,21,0.4999999999999999,-0.8660254037844387,0.5680647467311558,-0.8229838658936564,16.309999465942383,-0.2310825199274961,16.35249948501587,1.0,1593.8886733055115,-0.16770528556268377,347.5,355.75,5.172142857142857,42.19142752571431,10.324927614774907,42.13099636695402,1646.7492373211505,1229.9549010472176,104.19858406848324,1470.9293219743272,86.36717624690574,0.4988013891489563,0.3916205719290093,0.3037491320252613,1.642149129453256,0.09768637532133675,0.05368124645418543,0.03687664933177341,2.6490028405899797,2.1416063157296645,0.8628201593069618,0.10247816955609565,0.1566583265110185,0.6541507578748476,0.01987685841037945,1.0,0.5606604581847301,0.01987685841037945,1.0,0.14882546975327077,0.2905140720619992,0.5606604581847301,2.0
2019-05-27 00:00:00+00:00,404.25,404.75,386.25,393.25,1382591,77.24719101123596,0.256921259447978,367.8875,365.35,374.24847468411895,405.3467673517302,330.4282326482698,9.869979487877345,5.009562726538165,4.86041676133918,0.0547945205479452,0.1633093525179856,22.81714285714286,55.46000134400002,3.754923565714286,22.205714285714286,62.25714484228574,3.934255294897959,0.0,0.0,0.0,0.0,4.095099925994873,4.110599994659424,4.00629997253418,4.021200180053711,0,61.86870798494294,0.129610514705588,4.046199798583984,3.9895999431610094,0.0115087328202536,0.1232686130899003,255.548,0.5295001612890538,1.9964397755302563,1,0,0,9,0,0,5,22,0.4999999999999999,-0.8660254037844387,0.464723172043769,-0.8854560256532096,15.850000381469728,-0.0286088594979593,17.03749966621399,1.0,1625.5701727867126,0.6213731207363062,389.0,347.5,7.606428571428572,42.78857302857145,11.091429980641964,43.42945755891091,1756.8300271248042,1241.1200092519105,128.92750446822347,1532.7856622992815,91.60933470073532,0.48237919184268374,0.3815309305158592,0.29597656006320955,1.6297884381174683,0.045763760049474335,0.05818283567338263,0.037856792860735025,1.2088648959033037,1.6558535270292762,0.8849611400320503,0.13802912857424549,0.1264131941419432,1.0918885373656009,0.024158724409553356,1.0,0.6125244762298345,0.024158724409553356,1.0,0.12369056945911278,0.26378495431105264,0.6125244762298345,2.0
2019-06-03 00:00:00+00:00,424.25,438.0,407.5,408.0,1817646,83.88520971302428,0.3190318475671586,384.7,370.605,394.4644669455708,444.6961840891999,324.7038159108001,17.75527787333317,12.483263699144604,5.272014174188568,0.0494743351886208,0.1719613259668508,24.455714285714286,55.522856820000015,4.15827788244898,24.447142857142858,103.59143052857146,3.8597345232653066,0.0,0.0,0.0,0.0,4.041500091552734,4.050600051879883,3.8898000717163086,3.9242000579833984,0,45.56803177487085,0.1259559018737289,4.021200180053711,3.919300079345703,-0.0043424733779826,0.1222027642753235,255.548,0.5295001612890538,1.9964397755302563,1,0,0,10,0,0,6,23,1.2246467991473532e-16,-1.0,0.3546048870425358,-0.9350162426854148,18.86000061035156,0.1738737851767555,17.892499923706055,1.0,1664.8418745994568,-0.9637474990873138,404.25,389.0,11.280714285714286,19.862857514285732,11.953088875900086,47.31087516985676,1823.774137605596,1306.3741164313074,129.35000529357217,1585.6081472193518,92.19598326933038,0.45828632975777794,0.3739582336160654,0.29548525270884596,1.5509617148295707,0.07189157336476135,0.0647486503463349,0.04032851816041298,1.7826480817450479,2.05444201372266,0.9176411165654254,0.16736330022145837,0.1347161048234154,1.2423406096652698,-0.03194720508344018,0.0,0.08727582233302696,-0.03194720508344018,0.0,0.7000131025313016,0.2127110751356715,0.08727582233302696,0.0
2019-06-10 00:00:00+00:00,415.75,436.0,407.0,435.0,1325268,64.26666666666667,0.3308291887854261,401.5,374.785,403.7511153958879,450.4790503013583,352.52094969864174,14.790797702071472,14.896845444404166,-0.1060477423326933,-0.0200353565114909,0.2068214804063861,26.318571428571428,12.837142832857156,4.932237964489795,24.168571428571425,89.77428395714288,4.386010403265306,0.0,0.0,0.0,0.0,3.879499912261963,3.894399881362915,3.837100028991699,3.876499891281128,0,16.661593165670325,0.1318587514888674,3.9242000579833984,3.926300048828125,-0.0141193005089635,0.1314072892031197,255.548,0.5295001612890538,1.9964397755302563,0,0,0,0,0,0,6,24,1.2246467991473532e-16,-1.0,0.2393156642875576,-0.970941817426052,15.9399995803833,-0.1682116625302286,16.740000009536743,1.0,1611.654829800129,-1.9414302121854037,424.25,404.25,8.652142857142858,45.357143105142875,12.741184524459527,50.050449930326835,1684.317088789616,1563.6606864562889,30.16410058333178,1596.026820251663,84.44973898121151,0.5096972017170738,0.3645658583962203,0.2998739461669741,1.699704796748895,0.06975345760673482,0.07068809801666287,0.04224448180695798,1.651184678122839,1.4559044100368597,0.9333028222119016,0.17116563949962588,0.13205188852104546,1.2961997624922201,0.0988853506714813,1.0,0.9851422953924956,0.0988853506714813,1.0,0.00335391457622335,0.011503790031280992,0.9851422953924956,2.0
2019-06-17 00:00:00+00:00,454.75,464.25,408.25,415.0,1686123,68.75,0.3129141494353841,419.8875,382.78,419.2168352547215,457.7294410178949,382.045558982105,18.180613254003617,16.038513361023842,2.1420998929797754,0.0938063740228503,0.199868073878628,23.821428571428573,17.817143128571438,4.764204653061225,25.18357142857143,25.84000057428574,4.920357074489796,0.0,0.0,0.0,0.0,3.852099895477295,3.9040000438690186,3.830199956893921,3.8945000171661377,0,28.458860281606743,0.1255321929431581,3.876499891281128,3.999900102615357,-0.0004900633454213,0.1285321982393583,256.092,0.2128758589384327,1.7902284687663972,0,0,0,0,0,0,6,25,1.2246467991473532e-16,-1.0,0.120536680255323,-0.992708874098054,15.350000381469728,-0.0377161481526531,16.50000023841858,1.0,1771.0238828063011,-0.2618821934805627,415.75,424.25,19.219285714285718,28.428572059428596,13.543919163434488,48.48848545574354,1812.4885707112594,1524.0568092850403,72.10794035655482,1666.0256452735184,81.23975299283863,0.5069976247221696,0.3986755839527454,0.3316337548303456,1.528787712498259,0.12314458493677845,0.08164795025581713,0.04754588485234858,2.5900150858280795,1.757095147941863,0.7830168578290654,0.17038288492758477,0.1320163486131501,1.2906194862324663,-0.036258999352611565,0.0,0.07156129770585769,-0.036258999352611565,0.0,0.7432538842302017,0.18518481806394066,0.07156129770585769,0.0
2019-06-24 00:00:00+00:00,446.75,458.0,436.5,455.5,1036617,61.31578947368421,0.3276598578203191,432.7875,391.29,429.70874938141367,460.052898835997,405.522101164003,16.126139284947385,16.694936940991827,-0.5687976560444419,-0.0175920835623969,0.1462475946119308,24.517142857142858,46.402856860000014,3.7272327273469386,25.50714285714286,59.471428957142884,4.486078348979592,0.0,0.0,0.0,0.0,3.887700080871582,3.887900114059448,3.7920000553131104,3.820499897003174,0,37.27998733520515,0.1080712791720057,3.8945000171661377,4.038700103759766,0.0119597777697994,0.1241862649644618,256.092,0.2128758589384327,1.7902284687663972,0,0,0,0,0,0,6,26,1.2246467991473532e-16,-1.0,-3.216245299353273e-16,-1.0,15.260000228881836,-0.0058804580295333,16.352500200271606,1.0,1706.808328986168,0.9831019180415073,454.75,415.75,11.714285714285714,57.56285828000002,14.315740046899545,49.19706245583382,1823.2930114808162,1553.8714466152112,67.35539121640126,1682.3387187585786,62.85237536490309,0.38378764999029985,0.4217170324768579,0.333611747348414,1.1504020512966624,0.048125349748181306,0.07173574514118604,0.0491940771914386,0.9782750833632037,1.0720036806993218,0.7680825362598742,0.08130416774388671,0.12576488400745045,0.6464774481428034,-0.07078378473732183,0.0,0.01353045694553115,-0.07078378473732183,0.0,0.9420888273905514,0.04438071566391741,0.01353045694553115,0.0
2019-07-01 00:00:00+00:00,412.0,455.0,410.25,451.0,506431,41.98473282442749,0.2912050770309982,434.6125,398.56,430.1000481218678,463.4831165504266,405.7418834495734,8.02038905656002,13.320879468502712,-5.300490411942691,-0.0777839955232232,-0.0351288056206089,30.09,42.70285756428573,4.50004618,26.104285714285716,100.6542843171429,3.643992449795918,3.8,0.0,0.0,0.0,3.825500011444092,3.871000051498413,3.7973999977111816,3.849499940872192,0,43.53764734988116,0.1006020271040931,3.820499897003174,3.9800000190734863,-0.0044919230452326,0.1053533152511485,256.092,0.2128758589384327,1.7902284687663972,0,1,0,0,1,0,7,27,-0.4999999999999997,-0.8660254037844388,-0.1205366802553228,-0.992708874098054,14.0600004196167,-0.0819011246278866,15.152500152587892,0.0,1585.993975639343,-0.6620681634616927,446.75,454.75,20.55,46.81714351228574,15.0762913802793,52.516883221079574,1840.2051843650165,1497.535324250954,85.6674650285156,1643.8008215108846,40.084170723567624,0.4721480071437317,0.4696905018015036,0.3599172603990698,1.3118237049870445,0.10861650485436893,0.08430629410216495,0.05328352081108527,2.038462977227703,0.5439865824856651,0.7249067793375427,0.10271926752588519,0.12277829770587065,0.8366239073107347,0.05591530184545079,1.0,0.8855190049507612,0.05591530184545079,1.0,0.028037751568305957,0.08644324348093291,0.8855190049507612,2.0
2019-07-08 00:00:00+00:00,438.5,442.75,408.25,412.5,14207,41.68797953964194,0.3272835245873727,436.75,404.935,430.29126943655126,463.08588706252704,410.41411293747296,5.577115344249535,8.747774940906634,-3.1706595966570994,0.0434265318262938,0.0428061831153387,29.102857142857143,29.768572462857158,4.7981008693877545,31.24785714285714,58.09143064000003,4.904293664081632,2.4,0.0,0.0,0.0,3.839499950408936,3.878200054168701,3.783499956130981,3.8190999031066895,0,35.53464039008533,0.0866446348087725,3.849499940872192,3.878400087356568,0.0087405047886943,0.0961271092118486,256.092,0.2128758589384327,1.7902284687663972,0,1,0,0,2,0,7,28,-0.4999999999999997,-0.8660254037844388,-0.2393156642875574,-0.970941817426052,13.960000038146973,-0.0071378161604162,14.65750026702881,0.0,1674.6753075122833,0.6611746199309974,412.0,446.75,13.237857142857141,51.9542860694286,16.119618203671422,52.87653144165509,1838.6121367236665,1530.6386107483813,76.9933814938213,1656.1506159114442,57.27584224791397,0.5054581676139261,0.4748867971781434,0.36551080563879706,1.3828815618781225,0.07867730900798175,0.08566344123080905,0.05641685257235829,1.3945707971100483,0.01608588984284791,0.6828328055879952,0.08156059122555415,0.11724985484001026,0.6956135202104086,-0.016603154304151047,0.0,0.1707731468627459,-0.016603154304151047,0.0,0.5200287058144311,0.309198147322823,0.1707731468627459,0.0
2019-07-15 00:00:00+00:00,441.0,460.0,428.0,437.25,335366,46.99738903394256,0.3299121102343046,438.5375,413.45,434.6997577828205,462.39799090688496,414.6770090931151,6.274220327359217,6.80252548284173,-0.5283051554825136,0.0057012542759407,-0.002262443438914,29.96142857142857,13.062857268571442,5.136238533061225,28.582142857142856,56.66000163371431,4.710865479795919,4.0,0.0,0.0,0.0,3.7992000579833984,3.820499897003174,3.719599962234497,3.7344000339508057,0,31.91911151614373,0.089066507667732,3.8190999031066895,3.84820008277893,0.0048031741228786,0.0882422735598061,256.143,0.0199147181481507,1.6484846560762545,0,1,0,0,3,0,7,29,-0.4999999999999997,-0.8660254037844388,-0.3546048870425356,-0.9350162426854148,12.68000030517578,-0.0961701269902475,13.990000247955324,0.0,1646.8704149723053,0.4604026941397093,438.5,412.0,19.490000000000002,65.60285915428574,16.92365205228248,53.12062629275569,1756.1615717173179,1551.012441837732,51.28728246989652,1652.4385355357888,29.41180341107129,0.49426981172928,0.48187532556590973,0.36791128324660255,1.343448327904363,0.07256235827664399,0.08622522136479088,0.05869544282087334,1.2362517842411003,0.4055368281761259,0.6833662002416735,0.0976560606464334,0.11589329493447638,0.8426376372789272,-0.039568490014502467,0.0,0.06131678123535078,-0.039568490014502467,0.0,0.7735427060952333,0.16514051266941587,0.06131678123535078,0.0
2019-07-22 00:00:00+00:00,422.25,441.5,421.0,437.75,651826,55.55555555555556,0.3245365099974514,434.0875,420.895,432.5053680225548,456.1336686610928,412.0413313389071,1.8499080371525447,4.539659379399625,-2.68975134224708,-0.042517006802721,-0.0616666666666666,30.674285714285713,26.68857177942858,5.394413108979592,31.217857142857145,23.27428597371431,5.384620845510203,4.2,0.0,0.0,0.0,3.7246999740600586,3.767800092697144,3.70199990272522,3.7458999156951904,0,32.68015621956417,0.0881826804747922,3.7344000339508057,3.837699890136719,-0.0054478709190131,0.0815459595455064,256.143,0.0199147181481507,1.6484846560762545,0,1,0,0,4,0,7,30,-0.4999999999999997,-0.8660254037844388,-0.464723172043768,-0.8854560256532101,13.529999732971191,0.0648834493700726,13.557500123977665,0.0,1581.7062394022942,-0.5647018100494606,441.0,438.5,14.705714285714285,71.55142892514289,17.845858832319557,51.19505594959173,1714.0564817434022,1530.5664870197108,45.87249868092288,1624.145617082391,29.319559021892957,0.3433400148299122,0.49375361529400535,0.3733217550873536,0.9196892518430423,0.04854943753700414,0.07130619188483601,0.05923935305388793,0.8195469200578753,0.7797870230335355,0.6785871259369916,0.09524574262533027,0.11545955786112454,0.8249272398099777,-0.005156933389815377,0.0,0.2674014724026869,-0.005156933389815377,0.0,0.3793864293740384,0.35321209822327476,0.2674014724026869,0.0
2019-07-29 00:00:00+00:00,417.0,430.5,412.0,423.75,607408,40.264026402640255,0.3167175914843122,429.175,426.905,427.3382940958806,451.03345615007976,407.31654384992027,-2.241388100540746,0.8540483914625786,-3.0954364920033246,-0.0124333925399644,-0.0522727272727272,28.240000000000002,15.325714531428583,5.3237068020408165,30.254999999999995,63.34000082000002,5.458219505306123,2.2,0.0,0.0,0.0,3.730700016021729,3.802900075912476,3.716799974441528,3.7734999656677246,0,44.439611154956,0.0965563919556333,3.7458999156951904,3.815999984741211,0.0076373669183208,0.0961446675289603,256.143,0.0199147181481507,1.6484846560762545,0,1,0,0,5,0,7,31,-0.4999999999999997,-0.8660254037844388,-0.5680647467311556,-0.8229838658936566,12.829999923706056,-0.0531232497656247,13.250000000000002,0.0,1573.5494856834412,0.7438219736839293,422.25,441.0,22.205714285714286,62.25714484228574,18.646448585073138,51.978600779940656,1718.0801754638887,1520.3205483212732,49.439906785653854,1603.9071645228112,46.721806920024164,0.3413898344238754,0.36085610740137825,0.37272248453879137,0.9159356878803702,0.04436450839328537,0.07055402361385683,0.05936537989199192,0.747312676190642,0.7017401169628397,-0.1082861691846457,0.09232899514051457,0.10879756279594888,0.8486310196798111,0.0002548123166132843,0.0,0.3236037314572205,0.0002548123166132843,0.0,0.3180515448130096,0.35834472372976983,0.3236037314572205,1.0
2019-08-05 00:00:00+00:00,405.25,417.0,387.25,417.0,578190,31.366459627329192,0.2648421272318616,423.075,428.07,417.20188645494216,454.8555385665627,391.2944614334373,-7.351663668533206,-3.933851683994059,-3.417811984539147,-0.0281774580335731,-0.0662442396313364,28.111428571428572,10.117143222857154,5.016381250204082,30.30071428571429,15.83428620571431,5.2375871616326535,1.2000000000000002,0.0,0.4,0.4,3.746299982070923,3.945199966430664,3.746299982070923,3.883899927139282,0,76.29248169967228,0.0938654086876697,3.7734999656677246,3.800800085067749,-0.0004503886841978,0.0907517963418625,256.143,0.0199147181481507,1.6484846560762545,0,1,0,0,6,0,8,32,-0.8660254037844385,-0.5000000000000004,-0.663122658240795,-0.7485107481711013,24.59000015258789,0.6505536897523655,15.907500028610231,1.0,1573.950445473194,-0.0649535865679307,417.0,422.25,24.447142857142858,103.59143052857146,19.398336694791922,49.646709517087345,1664.8863840899148,1523.1519086757025,35.43361885355307,1591.9244769029644,0.39493007003710545,0.25201908858449557,0.35703355076182025,0.3650823588576692,0.6903074760171384,0.07341147439851943,0.06351301752268693,0.059974042440989216,1.2240539268336388,0.6669553934432875,-0.09507979166794674,0.13705537849662566,0.11866519642405006,1.1549752671971794,-0.03557187000671691,0.0,0.07387782149596411,-0.03557187000671691,0.0,0.7366431256882487,0.18947905281578714,0.07387782149596411,0.0
2019-08-12 00:00:00+00:00,385.25,417.0,385.25,405.75,898882,26.11275964391692,0.2510170952214152,413.7125,426.28,411.47891319269416,441.2248297718597,386.2001702281402,-7.596982673010189,-5.963434214530536,-1.633548458479653,-0.0493522516964836,-0.14293659621802,28.490000000000002,7.728571502000012,4.875400116734694,29.082857142857144,19.29714345314288,4.792899080816326,1.6,0.0,0.2,0.0,3.973000049591065,4.011300086975098,3.898099899291992,3.940200090408325,0,79.9641373901573,0.1223042363437985,3.883899927139282,3.754800081253052,0.0120707741897047,0.1007530173088704,256.143,0.0199147181481507,1.6484846560762545,0,0,0,0,0,0,8,33,-0.8660254037844385,-0.5000000000000004,-0.7485107481711011,-0.6631226582407952,21.09000015258789,-0.1535408607076176,18.009999990463257,1.0,1517.9620848298073,1.1871627008223191,405.25,417.0,24.168571428571425,89.77428395714288,20.02314446563484,47.688672996832864,1620.712401713411,1502.8717259809573,29.460168933113398,1562.3395200737018,0.30911958816831486,0.13091210827289196,0.3569777790314213,0.3640266599537509,0.35962229989776345,0.08241401687216093,0.06426035909552277,0.06238309088170063,1.3210952278317434,1.034531592890016,-0.062043726532628504,0.13539457702240912,0.114433718595411,1.1831701953984806,-0.03707804552465155,0.0,0.0688876983494086,-0.03707804552465155,0.0,0.7509905603453776,0.18012174130521394,0.06888769834940861,0.0
2019-08-19 00:00:00+00:00,365.0,379.0,358.25,379.0,790190,28.832951945080083,0.3442347266857031,397.3625,420.705,393.0053955515587,441.0866577813245,353.6383422186755,-15.366022994853324,-11.389695303446697,-3.976327691406628,-0.0525632706035041,-0.1526407428903076,27.66857142857143,23.64285750857144,4.24016808367347,28.648571428571426,23.848571655428596,4.7524187024489795,0.8,0.0,0.0,0.0,3.983299970626831,4.05049991607666,3.941999912261963,4.0046000480651855,0,71.74119138886999,0.1402190873675937,3.940200090408325,3.717400074005127,0.0057523063067425,0.1227874457507624,256.571,0.1670941622453403,1.8114648063935144,0,0,0,0,0,0,8,34,-0.8660254037844385,-0.5000000000000004,-0.8229838658936564,-0.5680647467311559,16.8799991607666,-0.2226695622755743,18.84749984741211,1.0,1461.6790175437927,0.40813646842890966,385.25,405.25,25.18357142857143,25.84000057428574,20.579623624533973,46.15060194254872,1639.0426983174527,1424.527818447665,53.62871996744694,1522.0753190617384,0.3318403035731734,0.14195576912587674,0.35917500008731346,0.36192985225505464,0.39221900133191956,0.05684931506849315,0.061117750453892596,0.061839240118193695,0.9193079631437436,0.9248225718550304,-0.0589183675190344,0.0711014737921014,0.11712158441647483,0.6070739913194007,0.012016149669317633,0.0,0.46277090030020207,0.012016149669317633,0.0,0.2057383894900126,0.33149071020978527,0.46277090030020207,2.0
2019-08-26 00:00:00+00:00,358.5,370.25,357.0,366.5,606981,25.0,0.3512830808525379,382.5625,413.405,380.2438394446707,425.6303396926464,339.4946603073536,-15.978128823196355,-14.535658043153004,-1.4424707800433545,-0.0178082191780821,-0.1351025331724969,25.99142857142857,23.177143052000012,3.84062859877551,27.430714285714284,55.3200009394286,4.040527678367347,0.8,0.0,0.0,0.0,4.073299884796143,4.156000137329102,4.011000156402588,4.126200199127197,0,64.08980981414979,0.1616429687420702,4.0046000480651855,3.775199890136719,0.0036274424619439,0.1495634083137409,256.571,0.1670941622453403,1.8114648063935144,0,0,0,0,0,0,8,35,-0.8660254037844385,-0.5000000000000004,-0.8854560256532096,-0.4647231720437691,19.31999969482422,0.1350113735383326,20.46999979019165,1.0,1479.2427713871002,0.1956500839490497,365.0,385.25,25.50714285714286,59.471428957142884,21.02162947364238,46.74217607137968,1607.6814704760707,1408.7356891408765,49.73644533379849,1504.9422999918831,13.793954134033015,0.16172027691941768,0.2554265889397611,0.360847849505067,0.4481674829420647,0.03695955369595537,0.05879977368568284,0.06271499558076925,0.5893255267011974,0.7251666696036551,-0.019078012776339977,0.07030604854821033,0.12351981445408242,0.5691883781323386,0.0028889099188238454,0.0,0.3530739413379432,0.0028889099188238454,0.0,0.29019328575590986,0.35673277290614697,0.3530739413379432,1.0
2019-09-02 00:00:00+00:00,358.0,369.0,355.25,359.0,436847,30.60498220640569,0.3459620764294707,374.25,406.245,373.3560882567908,415.4727581497859,333.0272418502141,-14.151269233669892,-14.672220616116714,0.520951382446821,-0.004864489228631,-0.0884786760025461,25.50857142857143,14.3857143177143,4.053973468979592,24.49,32.30571456800003,3.902083696122449,0.4,0.0,0.0,0.0,4.151500225067139,4.18120002746582,4.102000236511231,4.143899917602539,0,65.16295211756409,0.1724246735567389,4.126200199127197,3.837300062179565,0.0142054960293954,0.1674718415924319,256.571,0.1670941622453403,1.8114648063935144,0,0,1,0,0,1,9,36,-1.0,-1.8369701987210294e-16,-0.9350162426854148,-0.3546048870425359,18.979999542236328,-0.0177550439249548,19.06749963760376,1.0,1483.516170501709,1.2534554406941998,358.5,365.0,26.104285714285716,100.6542843171429,21.24539531405255,45.810791458258414,1532.7066225932979,1438.4933995379067,23.55330576384775,1496.3718481958135,16.283188453291118,0.16896950950223172,0.2545133902563432,0.360690143681019,0.4684616637793282,0.03840782122905028,0.057608436252835814,0.06339486286551603,0.6058505915853396,0.5433618076279448,-0.06302103612091153,0.07742815356646665,0.12350409193038848,0.6269277890875887,-0.06715684354192664,0.0,0.016177212397153487,-0.06715684354192664,0.0,0.9313645866517908,0.05245820095105573,0.016177212397153487,0.0
2019-09-09 00:00:00+00:00,340.75,359.0,340.0,358.75,13294,22.598870056497177,0.329826031541878,358.675,396.36,362.062097332204,379.1233302626017,338.2266697373983,-14.81194130847848,-14.654855254258043,-0.1570860542204375,-0.0481843575418994,-0.1709245742092457,25.68285714285714,9.560000070285728,3.8047402257142857,24.255,30.859999856571452,3.939088258367346,0.4,0.0,0.0,0.0,4.184500217437744,4.184800148010254,4.04670000076294,4.061299800872803,0,48.71790393192567,0.168541395871701,4.143899917602539,3.91759991645813,-0.0058229142401886,0.1749017267395997,256.571,0.1670941622453403,1.8114648063935144,0,0,1,0,0,2,9,37,-1.0,-1.8369701987210294e-16,-0.970941817426052,-0.2393156642875577,15.270000457763672,-0.2174956198550538,17.612499713897705,1.0,1383.8879071474075,-0.7493855862642003,358.0,358.5,31.24785714285714,58.09143064000003,21.43956335830723,44.84622425814958,1544.949484979689,1359.2134483103157,46.434009167343376,1451.3782717764511,12.285422927868751,0.2394610502452779,0.24936387969631416,0.37881035863020035,0.6321396405045157,0.05575935436537051,0.05407801224620604,0.06502003988611015,0.857571694624031,0.017147832074301202,-0.057418736875978364,0.13440089214796697,0.12763067124421318,1.0530453245078228,0.10411898510942352,1.0,0.9885239345666045,0.10411898510942352,1.0,0.0025836909801430353,0.008892374453252527,0.9885239345666045,2.0
2019-09-16 00:00:00+00:00,374.0,374.75,344.0,344.0,280074,62.109375,0.23628805490371,355.6125,389.72,360.20427595746844,372.51428673214673,338.7107132678533,-8.523775679853827,-12.359362541033269,3.83558686117944,0.0975788701393984,0.0367290367290367,28.625714285714285,22.794286045714298,3.67625276,23.73785714285714,21.837143051428598,3.774396217142857,3.0,0.0,0.0,0.0,4.093299865722656,4.126299858093262,4.024600028991699,4.0854997634887695,0,41.329429437330326,0.1573543404286854,4.061299800872803,3.9900999069213854,-0.010946235214547,0.1743935787521637,256.558,-0.0050668236082906,1.7497798894291483,0,0,1,0,0,3,9,38,-1.0,-1.8369701987210294e-16,-0.992708874098054,-0.1205366802553235,14.670000076293944,-0.040085551852947,17.05999994277954,0.0,1527.9769115447998,-1.0895566978464093,340.75,358.0,28.582142857142856,56.66000163371431,21.58784037666529,43.36176740610307,1589.9682341531845,1347.3436461373237,60.656147003965195,1482.0177276837908,62.48292041681079,0.45909760951339884,0.3280879032793518,0.41081674948041325,1.1175240515845788,0.08221925133689839,0.05403905913915352,0.06717787745295507,1.223903496436634,0.3811909641869027,0.5425910313320059,0.1326908211853245,0.12771322121825335,1.0389747398886555,0.013335363308887738,0.0,0.4792040453728463,0.013335363308887738,0.0,0.19516873330581583,0.32562722132133787,0.4792040453728463,2.0
2019-09-23 00:00:00+00:00,373.25,374.5,365.75,374.0,631967,69.91525423728814,0.2593888947901266,357.9125,382.805,364.6101483518679,379.7101791377338,336.11482086226624,-1.9287633476800463,-6.527929694945384,4.599166347265338,-0.0020053475935828,0.0275292498279422,27.93285714285714,18.18000027257144,4.016475812244898,27.740714285714283,49.545715099428605,3.7740403848979587,2.0,0.0,0.0,0.0,4.074399948120117,4.181099891662598,4.040200233459473,4.1483001708984375,0,44.99029252133726,0.1306638975621482,4.0854997634887695,4.067999839782715,0.0065320907077452,0.1448143850433321,256.558,-0.0050668236082906,1.7497798894291483,0,0,1,0,0,4,9,39,-1.0,-1.8369701987210294e-16,-1.0,-1.8369701987210294e-16,14.90999984741211,0.0162275211871492,15.957499980926515,0.0,1548.3530387878418,0.6582758943828105,374.0,340.75,31.217857142857145,23.27428597371431,21.98479998370071,43.7607317734144,1632.3711787394386,1339.4958352514404,73.21883587199954,1508.5518521254112,62.876083948855275,0.43125200353618653,0.33119987015700736,0.4108570040729244,1.0496401150879273,0.02344273275284662,0.04735774267602422,0.06634720312784265,0.3533340987160298,0.8262999376973815,0.8181644922071296,0.13188276510863384,0.12950137328855893,1.0183888523782687,0.0417229387918705,1.0,0.7918555929519808,0.0417229387918705,1.0,0.055401832869912224,0.152742574178107,0.7918555929519808,2.0
2019-09-30 00:00:00+00:00,388.0,388.25,368.25,372.0,866945,81.6,0.2599259604715956,362.1625,377.075,369.3736131216911,390.1504085734876,334.17459142651245,1.8763702987454849,-1.7985550138493611,3.674925312594846,0.0395177494976557,0.0785267546907575,25.21142857142857,33.67714288400001,3.568291335102041,25.762142857142855,43.63142951942859,3.8691328608163267,1.0,0.0,0.0,0.0,4.122300148010254,4.192999839782715,4.121399879455566,4.157100200653076,0,63.17760254419685,0.1196388528302842,4.1483001708984375,4.168099880218506,-0.0044017571176266,0.1262859617657654,256.558,-0.0050668236082906,1.7497798894291483,0,0,1,0,0,5,9,40,-1.0,-1.8369701987210294e-16,-0.992708874098054,0.1205366802553232,16.239999771118164,0.0854452020971053,15.272500038146974,1.0,1612.9548778533936,-0.43510888815436943,373.25,374.0,30.254999999999995,63.34000082000002,22.228499523922785,43.75238969251209,1711.5908271300605,1324.9955405366609,96.64882164834988,1550.3130624166042,69.68977550309471,0.44159013092177213,0.3345250357018684,0.41285838254981866,1.0695922352322933,0.05154639175257732,0.050275110287348615,0.06550725652842117,0.7868805169913976,1.0729525294201818,0.7641137296152316,0.0943709297537182,0.12938623768379964,0.7293737274485805,-0.027170487268732058,0.0,0.10827105482744022,-0.027170487268732058,0.0,0.6476041159915037,0.2441248291810561,0.10827105482744022,0.0
2019-10-07 00:00:00+00:00,387.0,392.75,383.75,386.75,728232,70.2127659574468,0.2702705357295828,372.925,373.795,376.6599762290418,399.3128460859296,346.5371539140705,5.142361253682225,2.544726940850284,2.597634312831941,-0.0025773195876288,0.1299270072992699,19.824285714285715,48.19142917714287,2.945825234693878,23.150000000000002,73.51714288000002,3.379906147755103,0.4,0.0,0.0,0.0,4.1458001136779785,4.182600021362305,4.0518999099731445,4.054599761962891,0,45.53986567935253,0.1018453196375108,4.157100200653076,4.105999946594238,-0.0029063932832572,0.1166400216895603,256.558,-0.0050668236082906,1.7497798894291483,0,0,1,0,0,6,10,41,-0.8660254037844386,0.5000000000000001,-0.970941817426052,0.2393156642875573,17.860000610351562,0.0950862889827494,15.920000076293949,1.0,1569.1301078796387,-0.2855725047174294,388.0,373.25,30.30071428571429,15.83428620571431,22.28795116754067,45.67269634976938,1637.303393717346,1491.904074315491,36.34982985046372,1557.839880601818,83.94060228257823,0.464805623932961,0.34110603535167905,0.34177521848572284,1.3599745832731631,0.023255813953488372,0.04724470883223623,0.06178572846002874,0.3763945294355158,0.9585099392336277,0.7674177607649914,0.1252246824512309,0.12472864251333977,1.0039768724178117,0.04144064810885961,1.0,0.7895196470890764,0.04144064810885961,1.0,0.05614513339268487,0.1543352195182387,0.7895196470890764,2.0
2019-10-14 00:00:00+00:00,397.75,402.5,378.25,387.5,1081508,64.74358974358975,0.2938484808421263,382.175,372.695,383.2247522724718,402.7381888782882,361.61181112171175,6.699953523582053,5.02839891114612,1.6715546124359335,0.0277777777777776,0.1188466947960618,16.005714285714284,27.888571537142873,2.86390876,18.367857142857144,96.57428670857148,2.81737402,0.0,1.2,0.0,0.0,4.104800224304199,4.135499954223633,4.0706000328063965,4.108500003814697,0,38.665551737148654,0.1006116702030814,4.054599761962891,4.058899879455566,-0.0069555514836737,0.0950775960656545,256.759,0.0783448576930023,1.7113045131695204,0,0,1,0,0,7,10,42,-0.8660254037844386,0.5000000000000001,-0.9350162426854148,0.3546048870425355,14.56999969482422,-0.203599010360948,15.894999980926515,0.0,1634.1558765172958,-0.7739000060603722,387.0,388.0,29.082857142857144,19.29714345314288,22.035041875625605,48.956669921305,1669.8158225044253,1512.4811280146596,39.33367362244149,1588.3662789680093,77.38992518575034,0.33315583376446795,0.3536517887285256,0.3468317497275577,0.9605689917963902,0.06096794468887492,0.048286426896937115,0.06254593769199876,0.9747704997469292,1.4522732036694845,0.7190762570830469,0.11646960760662393,0.12256445164164396,0.9502722571177258,-0.025782317278952527,0.0,0.11515679106272572,-0.025782317278952527,0.0,0.6316067211982611,0.2532364877390132,0.11515679106272572,0.0
2019-10-21 00:00:00+00:00,387.25,398.5,386.5,397.0,697079,46.263345195729535,0.2906432362030151,387.275,371.115,386.4177479639008,404.10299984993486,370.4470001500651,5.2611072983922895,5.6560235079931696,-0.39491620960088,-0.0263984915147705,0.0445043830074174,16.091428571428573,12.485714175714302,2.4565692636734693,12.774285714285716,44.91428530000003,2.7930119336734696,0.0,0.4,0.6000000000000001,0.0,4.085912227630615,4.185699939727783,4.085912227630615,4.111100196838379,0,43.668537998444165,0.1039952734240205,4.108500003814697,4.166600227355957,2.4373134585953664e-05,0.0984872219935491,256.759,0.0783448576930023,1.7113045131695204,0,0,1,0,0,8,10,43,-0.8660254037844386,0.5000000000000001,-0.8854560256532101,0.464723172043768,14.0,-0.0399072696463653,15.667500019073488,0.0,1592.0235512256622,-0.07590754423440693,397.75,387.0,28.648571428571426,23.848571655428596,21.437573736184326,48.69587091347887,1657.8508277166527,1546.2813790213424,27.89236217382756,1589.8291878710706,60.12838847944179,0.24451337092569644,0.3477568890405636,0.34688621654315227,0.7048805983516883,0.030987734021949646,0.038040123433947366,0.06050074572485818,0.5121875528774196,1.012207920536874,0.7322319830581784,0.11557345377966169,0.11470929514824887,1.007533378659177,-0.03449063534421393,0.0,0.07766299612059398,-0.03449063534421393,0.0,0.7260218530041631,0.19631515087524293,0.07766299612059398,0.0
2019-10-28 00:00:00+00:00,384.0,392.5,383.25,387.0,639386,39.1705069124424,0.2850153714498232,389.8875,372.94,386.4369680905704,399.3625017359772,380.4124982640228,2.6795825357559693,4.2134747722392,-1.533892236483231,-0.0083925112976113,0.0336473755047106,11.861428571428572,25.8571427257143,2.237654255877551,17.715714285714288,15.745714177142887,2.4429801691020407,0.0,2.0,0.0,0.0,4.124374866485596,4.1305999755859375,3.97160005569458,4.002900123596191,0,35.07273185673432,0.1139217102309479,4.111100196838379,4.1691999435424805,-0.0120887604630908,0.1054359040974879,256.759,0.0783448576930023,1.7113045131695204,0,0,1,0,0,9,10,44,-0.8660254037844386,0.5000000000000001,-0.822983865893657,0.5680647467311548,13.109999656677246,-0.0656820580275035,14.88499999046326,0.0,1537.1136474609375,-1.2872209040020823,387.25,397.75,27.430714285714284,55.3200009394286,21.197453771637875,46.57005434984429,1664.724704239971,1501.486887301796,40.80945423454372,1568.7429717070177,31.582347148095593,0.27886692549462616,0.34590892817769375,0.3475390608138353,0.8024045320763534,0.024088541666666668,0.038169285216711375,0.05821749992785478,0.4137679831466177,0.9770902169412268,0.7336745433361557,0.12795116343719753,0.12186527962526997,1.0499393537785973,-0.005319146035321021,0.0,0.26581561681335325,-0.005319146035321021,0.0,0.3812979564147628,0.35288642677188403,0.26581561681335325,0.0
2019-11-04 00:00:00+00:00,383.25,391.75,382.0,383.5,804275,33.87096774193549,0.2471480666984697,389.825,375.53,386.94591276075033,399.4209147010279,380.2290852989721,1.7086918333062044,2.8401633858688053,-1.131471552562601,-0.001953125,-0.0038986354775828,7.218571428571429,20.762857628571442,1.4279771575510203,12.315714285714288,68.06857112857146,1.9589633489387757,0.0,5.4,0.6000000000000001,0.0,3.988800048828125,4.02899980545044,3.955399990081787,3.989399909973145,0,32.52326937873856,0.1180213501214079,4.002900123596191,4.082900047302246,-0.0090522716343594,0.1185422497668181,256.759,0.0783448576930023,1.7113045131695204,0,0,1,0,0,10,11,45,-0.5000000000000004,0.8660254037844384,-0.7485107481711011,0.6631226582407952,12.829999923706056,-0.0215890989067372,13.627499818801883,0.0,1528.9375154972079,-0.9835720211289424,384.0,387.25,24.49,32.30571456800003,20.62443832093313,47.95705543234283,1671.926289687007,1474.1890056635445,49.43432100586558,1552.820789223094,38.195601086735536,0.22161479450952973,0.34615777381395474,0.3063923153154109,0.7233040001292192,0.025440313111545987,0.03294806948850511,0.05333228633659315,0.477015145775572,1.3178673415423146,0.7477085939406273,0.12394740332540413,0.12200496754631039,1.0159208732148362,0.009061207991527098,0.0,0.4263057932006828,0.009061207991527098,0.0,0.23093123589429726,0.34276297090502,0.4263057932006828,2.0
2019-11-11 00:00:00+00:00,373.25,385.0,372.5,383.25,1116597,27.131782945736436,0.1790750181052687,385.85,377.335,382.9845285758068,397.83727395382897,373.8627260461711,-1.66660609210129,0.5134272011889068,-2.180033293290197,-0.0260926288323548,-0.0615964802011314,5.172857142857143,5.002857265714298,1.4641649731020407,9.210714285714287,23.568572905714316,1.3633113328979591,0.0,5.6,1.0,0.0,4.010900020599365,4.169099807739258,3.972899913787842,4.133399963378906,0,51.0667975105113,0.1269559473549438,3.989399909973145,4.108399868011475,-0.0066455100083746,0.1172501710701457,256.759,0.0783448576930023,1.7113045131695204,0,0,1,0,0,11,11,46,-0.5000000000000004,0.8660254037844384,-0.6631226582407955,0.7485107481711007,12.6899995803833,-0.0109719240214439,13.157499790191654,0.0,1542.7915363311768,-0.7428958585304622,383.25,384.0,24.255,30.859999856571452,19.888069028338368,46.38360494675389,1607.1075641876712,1493.3255610698209,28.4455007794626,1548.8090880663271,11.634957341282814,0.21679891996916206,0.34639748846614676,0.30319206810456106,0.7150546984093535,0.033489618218352314,0.0349948303414779,0.052600499760101706,0.6366785867872844,1.817720379449712,0.7460112343487522,0.16447239632573152,0.12864900888127553,1.278458224990552,-9.973679680763681e-05,0.0,0.31973566569204903,-9.973679680763681e-05,0.0,0.321908877795251,0.35835545651269995,0.31973566569204903,1.0
2019-11-18 00:00:00+00:00,367.75,378.0,367.5,373.5,907831,27.71084337349397,0.1198396586770893,381.3375,380.18,379.0788420075867,395.0931447744168,367.5818552255832,-3.4225323241383308,-1.633902520450089,-1.7886298036882418,-0.0147354320160749,-0.059462915601023,4.2057142857142855,5.43714293428573,1.1955523191020407,8.935,5.085714228571453,1.4506496606530612,0.0,6.2,0.0,0.0,4.151299953460693,4.194900035858154,4.14330005645752,4.194799900054932,0,82.4103902183587,0.1325249712848311,4.133399963378906,4.161099910736084,0.0082352451963844,0.1411016858504843,257.346,0.2286190552229783,1.7640429444213843,0,0,1,0,0,12,11,47,-0.5000000000000004,0.8660254037844384,-0.5680647467311559,0.8229838658936564,12.460000038146973,-0.0182907322387121,12.772499799728395,0.0,1542.637663245201,0.5949054644154618,373.25,383.25,23.73785714285714,21.837143051428598,19.181419413606864,43.71922490041954,1550.898955061087,1524.8412262061745,6.514432213728094,1546.3405181378769,17.97031348272519,0.13295498951543333,0.2934987450148807,0.28011903138234207,0.47463745720148837,0.028552005438477225,0.02851164249139836,0.04859727478930712,0.5875226478652884,1.4311104560267165,0.7888258570510366,0.16568124206411944,0.12972009254180433,1.277221022938415,0.007526006029773491,0.0,0.4076473473855133,0.007526006029773491,0.0,0.24484451324862502,0.3475081393658617,0.4076473473855133,2.0
2019-11-25 00:00:00+00:00,370.5,373.0,365.75,367.75,1085153,34.899328859060404,0.1259199058735549,376.9,381.455,375.09802245736415,392.3633692795501,361.4366307204498,-4.155735863733469,-3.324698184128581,-0.8310376796048873,0.0074779061862677,-0.042016806722689,9.40857142857143,11.331428597142871,1.116944488734694,7.984999999999999,14.3885716114286,1.121834674734694,0.0,3.8,0.0,0.0,4.216400146484375,4.219699859619141,4.169652938842773,4.195000171661377,0,83.1533325323126,0.1128850834082496,4.194799900054932,4.039299964904785,0.0001191368175212,0.1240056333727514,257.346,0.2286190552229783,1.7640429444213843,0,0,1,0,0,13,11,48,-0.5000000000000004,0.8660254037844384,-0.4647231720437684,0.88545602565321,11.869999885559082,-0.0485093174404746,12.462499856948856,0.0,1554.2475636005402,-0.2167053734708583,367.75,373.25,27.740714285714283,49.545715099428605,18.459069774019326,41.82692468822658,1562.8600944096327,1521.4470449274302,10.353262370550581,1549.5033363229422,75.35058521821371,0.12913085697011492,0.19086569620181063,0.2643139609819067,0.48855100806969615,0.019568151147098516,0.026227725916428128,0.04564181689626296,0.4287328636422463,1.5774829988389822,0.6167777377714482,0.16585366968691556,0.12829279092773282,1.2927745632456862,0.017973880463340475,1.0,0.5371051649752834,0.017973880463340475,1.0,0.16128553420376512,0.3016093008209515,0.5371051649752834,2.0
2019-12-02 00:00:00+00:00,373.5,375.5,362.25,369.75,393437,50.28901734104046,0.1396114823881102,372.8375,381.3,373.1156482364146,383.4444428604176,362.2305571395824,-3.6276725863559136,-3.781505181208626,0.1538325948527124,0.0128813559322034,-0.0423076923076922,4.378571428571428,25.505714860000015,0.9538970708979592,7.79,34.274286068571456,1.0297320808367345,0.0,5.4,0.0,0.0,4.225399971008301,4.268499851226807,4.183300018310547,4.236100196838379,0,64.61061954173137,0.1096814035627132,4.195000171661377,4.015999794006348,0.0007870056355703,0.1020218854238026,257.346,0.2286190552229783,1.7640429444213843,0,0,1,0,0,14,12,49,-2.4492935982947064e-16,1.0,-0.3546048870425359,0.9350162426854148,14.90999984741211,0.2280179195623301,12.98249983787537,0.0,1582.1834235191345,-0.14991849166594828,370.5,367.75,25.762142857142855,43.63142951942859,17.770742691824534,41.339657680506896,1592.7122131221568,1518.2178802258695,18.623583224071847,1562.5753712014193,99.71267490838517,0.064129400166236,0.1927364174043086,0.2655289444461444,0.2415156580569558,0.03547523427041499,0.028505064437177798,0.043787460695951505,0.8101686100287805,0.5695340118363259,0.48694010868528537,0.11054512926514251,0.1198922607375832,0.9220371637392752,-0.04784262836497133,0.0,0.041402444238805125,-0.04784262836497133,0.0,0.8378247512443131,0.12077280451688177,0.041402444238805125,0.0
2019-12-09 00:00:00+00:00,365.75,376.0,364.75,373.75,12552,47.33333333333333,0.149670223068043,369.95,380.745,370.87123934558383,377.6441536248027,362.2558463751973,-3.4333918773522782,-3.497668471259861,0.0642765939075826,-0.0207496653279786,-0.0253164556962025,6.688571428571429,13.517143440000014,0.9110896541632653,6.432142857142857,57.19428743428574,0.8714203166734694,0.0,4.8,0.6,0.0,4.2221999168396,4.223299980163574,4.118899822235107,4.118899822235107,0,35.93072461175369,0.1132292569107097,4.236100196838379,4.099500179290772,0.0114197398199158,0.1230723662042347,257.346,0.2286190552229783,1.7640429444213843,0,0,0,0,0,0,12,50,-2.4492935982947064e-16,1.0,-0.2393156642875578,0.970941817426052,15.859999656677246,0.0617680760169001,13.774999856948856,1.0,1506.4876099824905,0.9133549267686016,373.5,370.5,23.150000000000002,73.51714288000002,17.039220121845073,42.36253701946037,1609.0967597735514,1483.6813704001318,31.35384734335487,1540.140266713848,34.269775227253504,0.19128551782937928,0.19737220460525248,0.2692906067643136,0.7103311661126116,0.030758714969241284,0.02956874480871686,0.04289792456756336,0.7170208840893479,0.019051626081785098,0.6050171289828347,0.1672973144359588,0.13207615604331896,1.2666730073091905,0.052308997302021654,1.0,0.8659309105123391,0.052308997302021654,1.0,0.03339286569134617,0.1006762237963148,0.8659309105123391,2.0
2019-12-16 00:00:00+00:00,388.0,389.5,357.0,365.75,413538,62.86764705882353,0.1811421427612031,368.4,378.755,370.39063759009895,380.0069398479378,356.79306015206214,-1.561200821721059,-3.236141556846646,1.6749407351255874,0.060833902939166,0.0326014637391882,-0.7171428571428571,7.117143577142873,0.8556371452653061,6.071428571428572,5.411428851428598,1.0078673032244898,0.0,7.0,0.0,0.0,4.14109992980957,4.148799896240234,4.06357479095459,4.0858001708984375,0,30.9289981994846,0.1155436927774652,4.118899822235107,4.194300174713135,-0.0158249961234727,0.1146663427518654,257.208,-0.0536243034669148,2.05127798189162,0,0,0,0,0,0,12,51,-2.4492935982947064e-16,1.0,-0.1205366802553236,0.992708874098054,12.140000343322754,-0.267294380647973,13.6949999332428,0.0,1585.2904663085938,-1.5288753088803553,365.75,373.5,18.367857142857144,96.57428670857148,16.331620666979493,39.97859455700671,1630.023692485661,1484.0808392197184,36.48571331648567,1558.2003465517464,60.99047342749002,0.26072366878123543,0.22852872363061388,0.28262414358605764,0.9225102153268241,0.08376288659793814,0.03962339848463402,0.044867843477796,1.8668797391742917,0.6370474278665826,0.5766969149417883,0.121627770284864,0.13357628986657052,0.9105490300776267,0.00048607889532470416,0.0,0.32613990812097526,0.00048607889532470416,0.0,0.3155488128219748,0.35831127905704996,0.32613990812097526,1.0
2019-12-23 00:00:00+00:00,388.75,390.5,385.0,387.5,510482,65.02242152466368,0.2644982249729466,373.3125,378.455,377.3138833604278,394.23898473012,352.38601526988,3.429705355364717,0.4912789714693509,2.9384263838953664,0.0019329896907216,0.0549525101763908,4.871428571428572,4.160000032857155,0.8083458565306122,-0.75,15.960001477142885,0.7786330495306123,0.0,5.4,1.6,1.6,4.0619001388549805,4.102700233459473,4.037999153137207,4.079899787902832,0,22.086482505154905,0.1148350774709466,4.0858001708984375,4.191699981689453,-0.0003542564839963,0.1162555042884801,257.208,-0.0536243034669148,2.05127798189162,0,0,0,0,0,0,12,52,-2.4492935982947064e-16,1.0,6.432490598706546e-16,1.0,12.609999656677246,0.0379843088389537,13.879999876022342,0.0,1586.061042547226,0.018198655067284797,388.0,365.75,12.774285714285716,44.91428530000003,15.229580623948559,38.42900790669292,1643.1016469135066,1486.9096242652158,39.048005662072725,1569.3446249499384,58.68247606134333,0.26056883371525136,0.20553734695239956,0.2826241276972877,0.921962419198394,0.01414790996784566,0.03674257939050771,0.04190466525626231,0.3376212768939516,0.7905104430808417,0.6807458168663404,0.10167222701388383,0.1269093898327307,0.8011402397922455,-0.015386014493284916,0.0,0.1795645143361208,-0.015386014493284916,0.0,0.504825031382749,0.31561045428113016,0.1795645143361208,0.0
2019-12-30 00:00:00+00:00,388.25,392.0,386.5,388.5,309087,71.22641509433963,0.2565155902608629,377.425,377.99,381.03913026678345,400.4485005798295,354.4014994201705,4.434261538963312,2.6959669464588503,1.7382945925044622,0.0012894906511928,0.0702963473466575,8.424285714285714,10.380000337142867,0.9033921315918368,8.580714285714285,11.631428774285736,0.8743793340816326,0.0,3.8,2.0,0.0,4.082200050354004,4.083600044250488,4.009399890899658,4.022299766540527,0,18.583771732935205,0.0998608201143048,4.079899787902832,4.188000202178955,0.0027243173905341,0.1157399316035629,257.208,-0.0536243034669148,2.05127798189162,0,0,0,0,0,0,12,1,-2.4492935982947064e-16,1.0,0.120536680255323,0.992708874098054,14.81999969482422,0.1614874765251844,13.85749983787537,0.0,1561.6578843593597,0.32605604252032483,388.75,388.0,17.715714285714288,15.745714177142887,14.8006215053528,36.700131833634394,1634.5740664104674,1485.1744351883676,37.34990780552494,1566.269928713707,44.28806576030125,0.26876675572935393,0.1999849251449636,0.27720354328796654,0.9695646125075164,0.014166130070830651,0.03566217517525413,0.0384922709161958,0.3680252178786887,0.5015425394032025,0.6853678427407459,0.10186204093733858,0.12792938245145422,0.796236415927579,-0.00046557746292652524,0.0,0.3157702473423117,-0.00046557746292652524,0.0,0.32591466555795157,0.35831508709973675,0.3157702473423117,1.0
2020-01-06 00:00:00+00:00,384.75,392.0,382.75,388.25,427151,70.1086956521739,0.2465091120445798,380.9625,377.92,383.15200197190205,403.6551112482716,358.2698887517284,3.898285272376597,3.611165996600986,0.2871192757756113,-0.0134615384615384,0.0433898305084745,4.652857142857143,22.2628579177143,0.9174093582040816,8.456428571428571,38.36571553942861,0.8303146114489796,0.0,6.6,0.0,0.0,4.015711784362793,4.067005157470703,4.000820159912109,4.057000160217285,0,48.38524152236085,0.0778219196375085,4.022299766540527,4.184599876403809,-0.008022856595649,0.0795651589597172,257.208,-0.0536243034669148,2.05127798189162,0,0,0,0,0,0,1,2,0.4999999999999999,0.8660254037844387,0.2393156642875577,0.970941817426052,13.850000381469728,-0.0676923390994949,13.35500001907349,0.0,1560.9308116436005,-0.7486613560979852,388.25,388.75,12.315714285714288,68.06857112857146,14.391318735422205,36.807588846911436,1601.651560655695,1545.318541773695,14.083254720500058,1564.1342818856644,75.99870905069211,0.26018491059397836,0.1815346677320666,0.2691746980406621,0.9666023694717792,0.024041585445094216,0.033375445410189976,0.03685188443502585,0.652383976826003,0.7141550670031753,0.7081230317636855,0.09920872867667307,0.12603016825383168,0.7871823245132707,0.015714276415178086,1.0,0.5089275063074887,0.015714276415178086,1.0,0.17715922320932156,0.31391327048318973,0.5089275063074887,2.0
2020-01-13 00:00:00+00:00,389.5,389.5,376.5,385.0,726654,53.46534653465347,0.239245670023655,386.3125,377.775,384.1515534093365,396.6729447680341,375.9520552319659,2.7559453232298665,3.1119496877230963,-0.3560043644932298,0.0123456790123457,0.0887491264849755,2.8442857142857143,18.47142908028573,1.01397069122449,3.8207142857142857,32.757144039428596,0.9893156727959184,0.0,5.6,0.4,0.0,4.060500144958496,4.138800144195557,4.037520885467529,4.070499897003174,0,46.696400930382914,0.0654172398632479,4.057000160217285,4.087247848510742,0.0083165496900408,0.069915340176308,256.974,-0.0909769525053838,2.2851297401217163,0,0,0,0,0,0,1,3,0.4999999999999999,0.8660254037844387,0.3546048870425356,0.9350162426854148,12.31999969482422,-0.1170613268416757,13.399999856948856,0.0,1585.4597098827362,0.9226319215094638,384.75,388.25,9.210714285714287,23.568572905714316,13.709344254795889,36.546269827073836,1601.7888000145003,1545.2659242019608,14.130718953134885,1572.6644530844933,50.16780147024704,0.18248268642462276,0.1832221387424736,0.26955983775641756,0.6769653861413353,0.03337612323491656,0.033898927063325035,0.036672712911973916,0.9101075836400194,1.202861525022681,0.6789075421314833,0.06512368524061996,0.11602899135598743,0.5612707554106634,0.021724383063629116,1.0,0.5832718187002484,0.021724383063629116,1.0,0.13749906057623376,0.2792291207235179,0.5832718187002484,2.0
2020-01-20 00:00:00+00:00,389.25,390.5,375.25,389.25,781113,49.22279792746114,0.161077470119672,386.8125,377.715,384.4946760447455,393.612025912414,380.012974087586,1.8539355212259352,2.5366172509094858,-0.6826817296835506,0.0090732339598185,-0.0019230769230769,-2.957142857142857,29.345714648571445,0.6634720164081633,-0.6614285714285713,67.2457161314286,0.9295297726326531,0.0,6.6,0.0,0.0,4.145899772644043,4.190499782562256,4.110199928283691,4.161600112915039,0,77.03042725377249,0.0945768610051696,4.070499897003174,4.06879997253418,-0.0052925040408864,0.0659842341966959,256.974,-0.0909769525053838,2.2851297401217163,0,0,0,0,0,0,1,4,0.4999999999999999,0.8660254037844387,0.4647231720437685,0.8854560256532099,12.100000381469728,-0.0180184492054933,13.272500038146976,0.0,1619.902843952179,-0.4382734515832562,389.5,384.75,8.935,5.085714228571453,12.782197620845924,38.52687926606447,1637.4411795916928,1526.5344453272448,27.72668356611199,1591.5598094315678,70.11943562063516,0.10527882561792214,0.18749918758361295,0.2711150290358933,0.38831791106941926,0.03917790622992935,0.02498193098972327,0.03671121716201787,1.0671914086942742,1.2571876467395104,0.645963710750293,0.09616805762865184,0.12155726952877713,0.7911336778961501,-0.022972394698458576,0.0,0.1302647728954155,-0.022972394698458576,0.0,0.5983559914700824,0.27137923563450206,0.1302647728954155,0.0
2020-01-27 00:00:00+00:00,380.5,394.0,377.25,389.0,1055451,46.25550660792951,0.2015142352966587,386.75,378.825,385.5651597156188,394.7483550941764,378.7516449058237,1.5210662546435287,2.159751870598809,-0.6386856159552803,-0.0224791265253693,-0.0180645161290322,0.8885714285714286,18.66285682714287,0.6122010577142857,-4.2,38.91142720000003,0.6161790306938776,0.0,7.0,0.0,0.0,4.188700199127197,4.229700088500977,4.14739990234375,4.1595001220703125,0,65.25087911894377,0.1019557158666489,4.161600112915039,4.054699897766113,-0.0052724648347129,0.0990280454935624,256.974,-0.0909769525053838,2.2851297401217163,0,0,0,0,0,0,1,5,0.4999999999999999,0.8660254037844387,0.5680647467311558,0.8229838658936564,18.229999542236328,0.4098630794509934,14.125000000000004,1.0,1582.689796447754,-0.4362695309659062,389.25,389.5,7.984999999999999,14.3885716114286,11.686571967888122,38.55168881018935,1636.0024436093424,1538.4891373537923,24.37832656388753,1588.0118042380423,60.8510189587173,0.1389358605776937,0.19817001390262878,0.2456583003089324,0.5655654815950342,0.04402102496714849,0.03095655398958384,0.036124300692106766,1.218598337899003,1.5672867203147376,0.6374469338579998,0.0955628865249089,0.11658367899584156,0.8196934523861014,0.02485953066173252,1.0,0.620807376367184,0.02485953066173252,1.0,0.11994231547523354,0.25925030815758254,0.620807376367184,2.0
2020-02-03 00:00:00+00:00,378.75,388.25,376.5,382.5,908531,41.88679245283019,0.2245123323089743,385.0625,379.83,384.0383146515436,393.811748088109,376.313251911891,-0.2656764427661642,0.9911268489844748,-1.256803291750639,-0.0045992115637318,-0.0325670498084291,2.0742857142857143,5.697142831428587,0.5772344784897959,1.5071428571428573,23.425714331428605,0.5897213576530612,0.0,6.8,0.0,0.0,4.206099987030029,4.284200191497803,4.181700229644775,4.282599925994873,0,70.23669791037702,0.1051499151044434,4.1595001220703125,4.023399829864502,-0.0023052349737039,0.0979460316143201,256.974,-0.0909769525053838,2.2851297401217163,0,0,0,0,0,0,2,6,0.8660254037844386,0.5000000000000001,0.6631226582407952,0.7485107481711011,17.969999313354492,-0.0143649009953022,15.154999732971197,1.0,1622.0347219705582,-0.13954654486500617,380.5,389.25,7.79,34.274286068571456,11.029834605904558,37.57581948897898,1645.218810845502,1559.8247252811116,21.348521391097627,1601.6209713310488,72.5425765222831,0.14243199543297932,0.20434541694230873,0.1926806077715477,0.7392128854488842,0.031023102310231022,0.03432794843746391,0.033564493240773395,0.9242830763109541,1.2889735375029727,0.5950868950810678,0.09115587366086599,0.12488994546486286,0.7298895521386604,0.016817191722609426,1.0,0.5226992825875705,0.016817191722609426,1.0,0.1692629935564429,0.3080377238559866,0.5226992825875705,2.0
2020-02-10 00:00:00+00:00,381.75,385.0,376.0,378.25,965734,44.16243654822336,0.2264210120280285,384.3125,381.14,383.05461712880566,393.7295547972629,374.8954452027372,-0.6598511254440496,-0.094506453663393,-0.5653446717806565,0.0079207920792079,-0.0039138943248532,0.42142857142857143,9.362857082857158,0.8237007670204081,3.5871428571428576,8.265714510857173,0.6375558290408163,0.0,6.6,0.0,0.0,4.246500015258789,4.325500011444092,4.207224845886231,4.320400238037109,0,67.73334495832313,0.1162028802316098,4.282599925994873,4.092100143432617,0.0094783060058419,0.106931026691076,256.974,-0.0909769525053838,2.2851297401217163,0,0,0,0,0,0,2,7,0.8660254037844386,0.5000000000000001,0.7485107481711011,0.6631226582407953,15.039999961853027,-0.177990346599484,15.834999799728395,1.0,1649.3127908706665,1.0388075530895737,378.75,380.5,6.432142857142857,57.19428743428574,10.549660944694127,35.684844974261445,1673.211754453289,1563.7583221672899,27.363358071499785,1620.6976991468962,73.08846597025463,0.1405495467123091,0.2039260103686713,0.19325902372912215,0.7272599060456222,0.023575638506876228,0.03423475904982032,0.03357113852847488,0.7022589199436977,1.3384403955556896,0.602978003695796,0.09104660169379966,0.12348946156324982,0.7372823005981258,-0.015837545766507644,0.0,0.17626253799815578,-0.015837545766507644,0.0,0.51046779233909,0.3132696696627542,0.17626253799815578,0.0
2020-02-17 00:00:00+00:00,377.75,383.75,376.25,381.0,861191,46.58385093167701,0.2210608929592589,383.2375,381.95,382.0057679611021,391.8237114065409,374.6512885934591,-1.1057437111244326,-0.5679614910436287,-0.5377822200808039,-0.014993481095176,-0.0251612903225806,1.715714285714286,13.999999799428586,0.9507683384081632,1.3657142857142859,23.305713936571454,0.8917950253061225,0.0,6.6,0.0,0.0,4.323200225830078,4.380099773406982,4.294353008270264,4.296999931335449,0,63.24689276765004,0.1018311685260101,4.320400238037109,4.183599948883057,0.0092081690106525,0.1180771483215483,256.974,-0.0909769525053838,2.2851297401217163,0,0,0,0,0,0,2,8,0.8660254037844386,0.5000000000000001,0.8229838658936564,0.5680647467311559,13.68000030517578,-0.0947783814827506,16.22999978065491,0.0,1623.191724061966,1.011793853570634,381.75,378.75,6.071428571428572,5.411428851428598,9.957148257018009,34.88619135892661,1674.2459954871592,1564.368521188313,27.46936857471161,1621.6953091129242,51.26537137590032,0.16234357788726747,0.1641730229062615,0.18442950068903083,0.880247294919072,0.01985440105890139,0.03153041461461728,0.03198653899379108,0.6207109451774662,1.1940271398605393,0.6746878289837991,0.10579872141127349,0.12407367037349878,0.8527088186051045,0.006722158863109895,0.0,0.3979792471397288,0.006722158863109895,0.0,0.2523518863387259,0.3496688665215452,0.3979792471397288,2.0
2020-02-24 00:00:00+00:00,372.25,383.25,370.0,378.5,900113,41.66666666666667,0.155871732200441,380.475,383.18,380.32923586922,386.5597090491299,374.39029095087017,-1.8175935899076308,-1.0489811874433488,-0.768612402464282,-0.014559894109861,-0.0546031746031746,3.8299999999999996,8.628571428285728,1.295248324612245,6.097142857142857,20.559999693714314,1.0932567575102041,0.0,5.8,0.2,0.2,4.326600074768066,4.403200149536133,4.321497917175293,4.389800071716309,0,73.58187008044287,0.1044322823806033,4.296999931335449,4.169099807739258,-0.0115152497709835,0.1071891922472752,256.974,-0.0909769525053838,2.2851297401217163,0,0,0,0,0,0,2,9,0.8660254037844386,0.5000000000000001,0.8854560256532099,0.4647231720437686,25.030000686645508,0.6041401983740081,17.930000066757202,2.0,1634.1030766963959,-1.0605480245929662,377.75,381.75,-0.75,15.960001477142885,9.70811565057445,33.96192092891291,1657.4836906055968,1606.8374661941964,12.661556102850085,1626.6584161463131,74.8000940477093,0.1489111668326684,0.12197179186204243,0.17843925906297028,0.8345201569959269,0.035594358629952985,0.030813705094622012,0.03260346622761431,1.0917350770040122,1.2332964966513527,0.1359796943329759,0.1047568982480418,0.11926613618249075,0.87834562951126,0.01852641182747483,1.0,0.5439663013044672,0.01852641182747483,1.0,0.15758329817054434,0.2984504005249885,0.5439663013044672,2.0
2020-03-02 00:00:00+00:00,374.75,375.75,361.75,373.0,569706,42.22222222222222,0.1333471783022734,377.3125,382.775,376.1792056823619,388.2680021024981,366.3569978975019,-3.481207402296264,-2.546831333452442,-0.9343760688438212,0.0067159167226327,-0.0125164690382081,4.87,7.639999701142869,1.4539705537142855,10.1,16.745714290285743,1.4359848232244894,0.0,5.2,1.6,1.2,4.386799812316895,4.51230001449585,4.35047721862793,4.441299915313721,0,68.02758218645695,0.1016023489192168,4.389800071716309,4.242199897766113,-0.0005693529408395,0.10136124376413,256.974,-0.0909769525053838,2.2851297401217163,0,0,0,0,0,0,3,10,1.0,6.123233995736766e-17,0.9350162426854148,0.3546048870425355,33.41999816894531,0.2890793355014741,21.792499780654907,2.0,1664.3771432638168,0.0340416584214338,372.25,377.75,8.580714285714285,11.631428774285736,9.733398511827714,32.85119791996922,1678.6738690887992,1606.8184983576234,17.963842682793985,1641.7459069933147,72.3833697442745,0.11466020488161069,0.12653825842229094,0.16861114474789488,0.6800273982646586,0.037358238825883926,0.029481147866369094,0.03142298093446476,1.1888823347146558,0.8089507031598825,0.005773786156486037,0.09474357127345852,0.11896480812834404,0.7963999169169943,0.032057314899710754,1.0,0.701167952143761,0.032057314899710754,1.0,0.08683825716156607,0.21199379069467295,0.701167952143761,2.0
2020-03-09 00:00:00+00:00,374.25,388.5,368.5,375.75,10497,41.935483870967744,0.1738756570431681,377.325,382.12,377.8552213843121,389.1517092901461,365.49829070985385,-0.9811111063118574,-1.6035988645747663,0.6224877582629089,-0.0013342228152101,-0.0131839156229399,12.087142857142856,5.577142976000015,2.251884575510204,10.639285714285714,15.117142241714314,1.5697776968571429,0.0,2.0,0.0,0.0,4.472499847412109,4.788899898529053,4.448660850524902,4.589799880981445,0,83.37128684149454,0.1078104433308955,4.441299915313721,4.280799865722656,-0.0097467633236826,0.1097326840204819,256.974,-0.0909769525053838,2.2851297401217163,0,0,0,0,0,0,3,11,1.0,6.123233995736766e-17,0.970941817426052,0.239315664287558,54.459999084472656,0.4883120020565508,31.64749956130981,2.0,1717.732605457306,-0.8836993798628762,374.75,372.25,8.456428571428571,38.36571553942861,9.791842847470166,31.707065295565684,1744.5279684382215,1575.1743063015208,42.33841553417522,1672.1405863789112,78.35186055132345,0.1276445450797944,0.12835504489015748,0.16894665889658936,0.7555315882429408,0.053440213760855046,0.0339645701564939,0.03254560492141003,1.6420096498376366,0.01566894272103549,-0.4623655104105897,0.10332011119978231,0.12760091510949287,0.8097128693316645,0.00216988323701095,0.0,0.3449062219920925,0.00216988323701095,0.0,0.29765405438227505,0.35743972362563253,0.3449062219920925,1.0
2020-04-13 00:00:00+00:00,331.5,335.5,326.5,328.0,625431,32.08955223880598,0.2592229419876589,339.5375,362.455,341.617369128109,355.20449094482933,323.8705090551707,-9.758638138656975,-9.803394117225611,0.0447559785686344,0.002267573696145,-0.1034482758620689,14.257142857142856,9.988571699142872,3.0596856212244896,12.681428571428572,14.842857199428602,2.8165149487755103,0.0,1.6,0.0,0.0,5.284900188446045,5.286399841308594,5.050000190734863,5.105500221252441,0,47.36921262123676,0.2218000965263162,5.348499774932861,4.790200233459473,0.017579005931702,0.2395395432259829,256.974,-0.0909769525053838,2.2851297401217163,1,0,0,2,0,0,4,16,0.8660254037844387,-0.4999999999999998,0.9350162426854148,-0.3546048870425354,41.16999816894531,-0.0942718970429547,51.27000045776367,2.0,1692.4733233451843,1.8488775456755837,327.75,341.25,3.5871428571428576,8.265714510857173,10.104835624077785,33.28290265725562,1782.9025029458862,1677.3614801845688,26.385255690329412,1717.5522863779277,34.24787136963384,0.1302733192252665,0.13338220430309186,0.16794905886376058,0.775671577738508,0.027149321266968326,0.05573566741626697,0.039922590296369735,0.6800489212982723,1.0238883712493327,-0.04841027243049866,0.29792625545819507,0.17759671489801487,1.6775436350488984,-0.028418402937364307,0.0,0.10239243343496456,-0.028418402937364307,0.0,0.6617091648520657,0.2358984017129699,0.10239243343496457,0.0
2020-04-20 00:00:00+00:00,314.25,332.0,313.5,331.25,739963,19.318181818181813,0.182953042892975,333.45,356.44,333.06290492834074,354.10480701032594,312.79519298967404,-10.75136438966905,-10.220935172797354,-0.5304292168716955,-0.0520361990950226,-0.0904486251808972,10.502857142857142,12.762857510000014,2.7137429897959184,14.725714285714288,21.731429242857175,3.1400773448979598,0.0,4.0,0.0,0.0,5.198599815368652,5.298500061035156,5.071872234344482,5.232699871063232,0,53.27225151313255,0.1945759120899778,5.105500221252441,5.094200134277344,-5.87448339854542e-05,0.2124116730914613,256.974,-0.0909769525053838,2.2851297401217163,1,0,0,3,0,0,4,17,0.8660254037844387,-0.4999999999999998,0.8854560256532099,-0.4647231720437685,43.83000183105469,0.0626087649006523,46.83000087738037,2.0,1644.3759344816208,0.08510246910683839,331.5,327.75,1.3657142857142859,23.305713936571454,10.402956828054332,32.53764630793959,1807.7059210759617,1608.181438364365,49.88112067789912,1688.2817456194052,15.448584721524,0.15109337052996147,0.14840830008242775,0.17436470455959435,0.8665363913311761,0.0588703261734288,0.052005856681960484,0.04109234489152043,1.4326345211619138,1.177974875564194,0.03102106501295449,0.2665060555585956,0.17918941264592506,1.4872867584668017,0.03530417226290394,1.0,0.7340382452406352,0.03530417226290394,1.0,0.07479885343633154,0.19116290132303326,0.7340382452406352,2.0
2020-04-27 00:00:00+00:00,305.5,323.5,301.0,314.25,703913,31.223628691983123,0.1961181183873544,325.1125,349.635,325.2517181455991,344.91579252268696,305.30920747731307,-10.756934028250726,-10.541536748886497,-0.2153972793642289,-0.0278440731901352,-0.1240143369175627,18.665714285714284,10.937142831428586,3.6424161085714286,15.957142857142857,24.78571485857146,2.8122932255102038,0.0,0.2,0.0,0.0,5.315999984741211,5.713500022888184,5.303800106048584,5.5725998878479,0,69.60023474270045,0.1893116023622019,5.232699871063232,5.022600173950195,0.0003440613832151,0.189869456574838,256.974,-0.0909769525053838,2.2851297401217163,1,0,0,4,0,0,4,18,0.8660254037844387,-0.4999999999999998,0.8229838658936565,-0.5680647467311557,33.290000915527344,-0.2750614771184991,40.882500648498535,2.0,1702.4292657375336,0.1253830908268938,314.25,331.5,6.097142857142857,20.559999693714314,10.761291410576174,32.03752169830294,1787.1127019655673,1609.0119604337247,44.525185382960615,1693.940753666657,38.8763850386645,0.2061818167458422,0.16186493910212893,0.15898791616215033,1.2968394627373105,0.07364975450081833,0.05232532723277916,0.043236896868099284,1.7034001698016472,1.0621359961637504,-0.05265658444400811,0.3031100920516342,0.1854716989716882,1.6342659143659652,-0.000265175329603462,0.0,0.3179391712491434,-0.000265175329603462,0.0,0.32371715689320846,0.35834367185764815,0.3179391712491434,1.0
2020-05-04 00:00:00+00:00,310.75,313.0,300.25,305.0,277128,37.02127659574467,0.2321001124241805,318.1125,342.52,318.7137614982097,336.9451948347585,299.2798051652415,-9.66938498535194,-10.483253919930156,0.8138689345782169,0.0171849427168575,-0.068215892053973,20.32857142857143,30.26571485514287,3.9313308069387753,18.80857142857143,32.8257141494286,3.7368707422448977,0.0,0.2,0.0,0.0,5.653200149536133,5.65399980545044,5.3310651779174805,5.477000236511231,0,63.67743878421317,0.235823147302775,5.5725998878479,5.255300045013428,0.0071134509626887,0.1900971186803232,256.974,-0.0909769525053838,2.2851297401217163,1,0,0,5,0,0,5,19,0.4999999999999999,-0.8660254037844387,0.7485107481711013,-0.663122658240795,35.970001220703125,0.0774282125557271,38.56500053405762,2.0,1701.977823495865,0.8023220487742538,305.5,314.25,10.1,16.745714290285743,11.280470766575869,32.08837282418202,1740.665045249803,1629.9631282802989,27.675479242375996,1697.1555815983402,34.74174520602614,0.20397426547581174,0.1621631744558177,0.13970754060944873,1.4600088870358916,0.04102976669348351,0.05188659192678722,0.04110024087287655,0.9982850669303442,0.42250731766366506,-0.04044003275599952,0.3267796028167154,0.18919159610734346,1.727241549137795,0.08967148687435378,1.0,0.9766509801174362,0.08967148687435378,1.0,0.005306119031211609,0.018042900851352184,0.9766509801174362,2.0
2020-05-11 00:00:00+00:00,318.5,322.25,310.5,310.5,3863,59.78835978835978,0.2414022478572169,314.4,337.16,317.6506554641904,326.5605488104252,302.2394511895748,-5.741073473053007,-8.199387045751374,2.458313572698368,0.0249396621078037,-0.0399397136397889,14.1,12.445713835714301,3.741979507346939,21.74785714285714,50.762858368000025,4.1806525659183675,0.0,0.4,0.0,0.0,5.539295196533203,5.870999813079834,5.481327056884766,5.822909593582153,0,71.62322853802266,0.2511656214813863,5.477000236511231,5.105800151824951,-0.001641854656825,0.2591523470857342,256.974,-0.0909769525053838,2.2851297401217163,1,0,0,6,0,0,5,20,0.4999999999999999,-0.8660254037844387,0.6631226582407952,-0.7485107481711012,27.56999969482422,-0.2659570776776525,35.165000915527344,2.0,1854.5967055559158,-0.0732085131771162,310.75,305.5,10.639285714285714,15.117142241714314,11.955786016658532,33.29317834313802,1905.9639634991788,1545.7259011362887,90.05951559072254,1760.1320311813708,81.27126167027265,0.3606999356402701,0.24728568365343406,0.19246669881203693,1.8740900068724602,0.036891679748822605,0.047518169676704296,0.0422374293619254,0.8734355184911685,0.006126087180262516,-0.11485333320320872,0.348341594218344,0.2012146558464299,1.7311938608103428,0.012648914270082301,0.0,0.4706452250875197,0.012648914270082301,0.0,0.2006164946587694,0.3287382802537109,0.4706452250875197,2.0
2020-05-18 00:00:00+00:00,320.75,324.5,312.75,318.75,308498,78.125,0.2348928453867899,314.5375,331.14,318.85889228602,326.4442373675224,302.6307626324776,-2.536875323691333,-4.892826933225375,2.355951609534041,0.0070643642072214,-0.0046547711404189,19.648571428571426,22.771427920000015,3.4630735685714287,14.855714285714287,28.414284382857172,3.5694700232653065,0.0,0.0,0.0,0.0,5.8171000480651855,5.966484069824219,5.706500053405762,5.855199813842773,0,59.80223109459476,0.2473937334835823,5.822909593582153,5.230899810791016,-0.0009972075375353,0.2502933508395498,256.974,-0.0909769525053838,2.2851297401217163,1,0,0,7,0,0,5,21,0.4999999999999999,-0.8660254037844387,0.5680647467311558,-0.8229838658936564,29.299999237060547,0.060859276017552,31.53250026702881,2.0,1878.0553402900696,-0.008743801248146207,318.5,310.75,14.38642857142857,15.045714825142888,12.142878163049227,32.97841099086183,1974.7429314482388,1593.7866360914531,95.23907383919637,1807.3013548248505,99.80755484947012,0.310216151603124,0.2418183296670384,0.18843601396869816,1.6462677627641686,0.036632891660171474,0.04941488375534493,0.04336076744139244,0.8448393645544167,0.4892503003318441,-0.003016256564476254,0.2521966956686018,0.19504278894146912,1.2930325909867821,-0.06385795855215037,0.0,0.019023043160118148,-0.06385795855215037,0.0,0.9200405362886415,0.06093642055124039,0.019023043160118148,0.0
2020-05-25 00:00:00+00:00,318.0,325.5,316.0,320.75,493155,63.55140186915888,0.1920268325754285,315.275,326.605,318.9001840879387,327.36338067611746,303.1866193238825,-1.7375735951417823,-3.099378074345532,1.3618044792037494,-0.0039154267815192,-0.0039154267815192,22.987142857142857,44.19142693428573,3.199280626530612,21.514285714285716,70.82856919428575,3.3247314071428566,0.0,0.0,0.0,0.0,5.719200134277344,5.759300231933594,5.44068717956543,5.52869987487793,0,49.3320178542559,0.2674758663606532,5.855199813842773,5.533100128173828,0.0078528141519183,0.2507590785288707,256.974,-0.0909769525053838,2.2851297401217163,1,0,0,8,0,0,5,22,0.4999999999999999,-0.8660254037844387,0.464723172043769,-0.8854560256532096,28.15999984741211,-0.0396849641128945,30.25,2.0,1758.1265602111816,0.8762583676972139,320.75,318.5,4.558571428571429,54.44571584571431,12.747485101838679,35.42035668140531,1963.2024447219753,1633.1757700545406,82.50666866685872,1787.6314369793831,59.39380004717759,0.39818390518279095,0.2965664180040157,0.22393248109754244,1.7781426144602956,0.029874213836477988,0.043615661287954764,0.04365239886096163,0.6843657570337318,0.7780277657569216,0.07705278137494036,0.37344889871675835,0.23028968690048074,1.621648314028324,-0.0191411337719134,0.0,0.15354586661146596,-0.0191411337719134,0.0,0.5515800234300449,0.2948741099584892,0.15354586661146596,0.0
2020-06-01 00:00:00+00:00,323.25,330.75,316.5,316.75,814200,58.11965811965811,0.1342684426984321,319.2875,323.92,320.6943545029765,327.73591156058507,310.839088439415,0.1372470819561613,-1.3231933107672689,1.4604403927234302,0.0165094339622642,0.0377207062600322,24.174285714285713,40.40857205428573,3.8293320591836735,25.51,72.46571255428574,3.31028011,0.4,0.0,0.0,0.0,5.443299770355225,5.457499980926514,5.268927097320557,5.334799766540527,0,26.960932371368656,0.2498256363293221,5.52869987487793,5.486000061035156,-0.0042776030250767,0.2708232927671573,256.974,-0.0909769525053838,2.2851297401217163,1,0,0,9,0,0,6,23,1.2246467991473532e-16,-1.0,0.3546048870425358,-0.9350162426854148,28.229999542236328,0.0024827001786565,28.3149995803833,2.0,1724.4740245342255,-0.3367833500022862,318.0,320.75,6.5614285714285705,61.36571635428573,13.570873159784572,37.81037964094598,1952.014973426977,1655.6113418687194,74.10090788956435,1762.3684720013202,53.41204281777359,0.39869696975992985,0.3001470045803526,0.2268760390648185,1.7573338895989947,0.04408352668213457,0.037702415724218015,0.044187769033322534,0.9976406971911996,1.2757156510975467,0.09560821302988289,0.327828582111222,0.244107896252505,1.3429658512253038,-0.04015192649747301,0.0,0.059659069186097015,-0.04015192649747301,0.0,0.7786120509888397,0.16172887982506332,0.059659069186097015,0.0
2020-06-08 00:00:00+00:00,333.75,334.75,321.25,323.5,836338,72.41379310344828,0.1336229035504172,322.875,322.13,323.95491051530445,331.9933735854799,313.7566264145201,2.198028906923639,0.4669787973034261,1.731050109620213,0.0324825986078887,0.0561708860759493,30.398571428571433,11.65714285428573,5.585970679183673,22.861428571428572,67.09142951428575,4.282291297755102,3.8,0.0,0.0,0.0,5.366000175476074,5.368500232696533,4.882454872131348,4.959499835968018,0,20.05835735439142,0.2467928934084548,5.334799766540527,5.828719139099121,-0.0128140860659444,0.2405406380344976,256.974,-0.0909769525053838,2.2851297401217163,0,0,0,0,0,0,6,24,1.2246467991473532e-16,-1.0,0.2393156642875576,-0.970941817426052,25.809999465942383,-0.0896232330112592,27.87499952316284,2.0,1655.2330702543259,-1.190431654089056,323.25,318.0,15.729285714285712,41.83999944514289,14.17026383150354,39.699479632774356,1940.2818209928662,1567.662676652035,93.15478608520776,1719.5143113025226,9.525153708555422,0.42332517883777443,0.3132890776984842,0.2360249070825676,1.7935613920359281,0.04044943820224719,0.03758635002597075,0.04425134563193842,0.9140835941544082,1.3047572802280638,0.12900691005972947,0.38998251323184296,0.28037937164711313,1.3909100980994276,0.004081057204380789,0.0,0.3668052137014573,0.004081057204380789,0.0,0.27807048992533123,0.35512429637321147,0.3668052137014573,2.0
2020-06-15 00:00:00+00:00,329.25,334.0,324.25,332.25,1177254,64.33566433566433,0.1424308124527431,324.9125,321.06,325.82002023751,334.4990517098941,315.32594829010594,2.249393484688028,1.622133827799338,0.6272596568886899,-0.0134831460674157,0.0281030444964871,27.259999999999998,20.017142834285732,6.24819471632653,29.755714285714284,23.702857211428604,5.993359161632654,1.4000000000000001,0.0,0.0,0.0,4.821499824523926,5.361299991607666,4.818515777587891,5.047800064086914,0,34.59982484296938,0.2734778295719832,4.959499835968018,5.8094000816345215,-0.0313024983526483,0.2525657030260237,256.974,-0.0909769525053838,2.2851297401217163,0,0,0,0,0,0,6,25,1.2246467991473532e-16,-1.0,0.120536680255323,-0.992708874098054,34.400001525878906,0.2872946156976618,29.15000009536743,2.0,1661.9881711006165,-3.039272882759446,333.75,323.25,12.681428571428572,14.842857199428602,15.175776764033268,38.6674394765585,1799.4652153599638,1600.4456976902109,49.75487941743823,1696.5038552217602,2.9424070936684927,0.2330304053311506,0.31286054060795493,0.23240391045381154,1.0026956725863994,0.029612756264236904,0.03613056532905361,0.04353093219679284,0.6802691320202721,1.8193290674094198,0.13098331744415884,0.28272848622918706,0.28026370886236823,1.008794457508891,0.048748427651632786,1.0,0.8438847455178524,0.048748427651632786,1.0,0.0396418319858441,0.11647342249630344,0.8438847455178524,2.0
2020-06-22 00:00:00+00:00,328.25,334.5,325.0,331.75,961229,56.66666666666666,0.1389325530716124,327.6,321.045,327.54630144800007,335.3313442694512,319.8686557305488,2.186571978821007,2.0630880549729738,0.1234839238480334,-0.0030372057706909,0.0330448465774979,29.027142857142856,16.688572117142872,6.348687947755102,26.387857142857143,40.93428590285718,6.29286635755102,3.2,0.0,0.4,0.0,5.152804851531982,5.38070011138916,5.047800064086914,5.309999942779541,0,47.84400579788835,0.305245828967527,5.047800064086914,5.5524001121521,0.0145271660574719,0.2845910889197114,256.974,-0.0909769525053838,2.2851297401217163,0,0,0,0,0,0,6,26,1.2246467991473532e-16,-1.0,-3.216245299353273e-16,-1.0,31.770000457763672,-0.0795341460461948,30.05250024795532,2.0,1743.0074812173843,1.543693558252574,329.25,333.75,14.725714285714288,21.731429242857175,15.899136788473518,38.813687633093906,1784.4109553576623,1607.9404181956138,44.11763429051208,1715.1053056200099,46.035232222924684,0.313820995833986,0.3240149862958372,0.2412068469568829,1.3010450855055222,0.028941355674028942,0.03459225813182511,0.04342684486498274,0.6664391368891376,1.4794595733553015,0.06021483879036313,0.37562099571095864,0.28642149547918705,1.3114273492925737,0.025895518257706973,1.0,0.6329227157243297,0.025895518257706973,1.0,0.11458131145261446,0.2524959728230559,0.6329227157243297,2.0
2020-06-29 00:00:00+00:00,326.25,329.0,313.5,327.5,927654,48.17518248175183,0.1554099881076061,327.2875,320.865,325.3163680254459,336.16721520418946,318.4077847958106,-0.2888350648795494,0.8544566033700517,-1.143291668249601,-0.006092916984006,0.0015349194167306,28.46857142857143,31.88000033428573,5.096268182857143,28.465,47.568573757142886,5.997722670816326,1.4,0.0,0.0,0.0,5.25190019607544,5.489799976348877,5.1458001136779785,5.480899810791016,0,78.83824575952319,0.3251613409896893,5.309999942779541,5.403600215911865,-0.0125759916728628,0.3148042019119546,256.974,-0.0909769525053838,2.2851297401217163,0,0,0,0,0,0,6,27,1.2246467991473532e-16,-1.0,-0.1205366802553228,-0.992708874098054,31.780000686645508,0.0003147200246827,30.940000534057617,2.0,1788.1435632705688,-1.1666222147808962,328.25,329.25,15.957142857142857,24.78571485857146,16.709837640830067,39.37851899593578,1841.1043826568607,1583.081760264587,64.50565559806839,1744.3206086802336,65.74797993978011,0.2531935793945168,0.3168610211056751,0.24294563767006547,1.0421819934735717,0.0475095785440613,0.03811933107334177,0.04462354186684199,1.0646749654942596,1.4319796027336709,0.01868479420492267,0.36875342355498464,0.28836342432988094,1.278780107512312,0.029223892231614368,1.0,0.6706650715447626,0.029223892231614368,1.0,0.09874970392370491,0.23058522453153252,0.6706650715447626,2.0
2020-07-13 00:00:00+00:00,334.0,356.5,332.0,347.5,3363,53.72168284789644,0.2524287212553673,334.2375,326.755,336.1160209035506,354.89095326043986,313.58404673956016,4.680151284931355,4.203436778985517,0.4767145059458384,-0.036075036075036,0.0128885519332828,30.611428571428572,9.977143209714301,5.626120984489796,31.111428571428572,38.280000036000025,5.18914142265306,4.4,0.0,0.0,0.0,5.354100227355957,5.395174026489258,5.241000175476074,5.326900005340576,0,54.06635180874393,0.2669773121675303,5.311399936676025,4.974999904632568,-0.0089033011736363,0.2943115254641068,256.974,-0.0909769525053838,2.2851297401217163,0,1,0,0,2,0,7,29,-0.4999999999999997,-0.8660254037844388,-0.3546048870425356,-0.9350162426854148,32.189998626708984,0.1415964297054161,30.920000076293945,2.0,1779.1846017837524,-0.7993531648582461,346.5,326.25,21.74785714285714,50.762858368000025,18.427159832253103,40.345304184187,1868.0781861408773,1707.289676024097,40.1971275291951,1781.3252785723637,74.45388943082787,0.2242067155567053,0.32828789389408014,0.25200913668232555,0.8896768966855513,0.07335329341317365,0.051756412652116016,0.04948702252131192,1.482273025394755,0.005989910127302849,0.04920596035481506,0.22380932006214926,0.2952466002258974,0.7580419632622016,-0.006441054194924023,0.0,0.2550129115761366,-0.006441054194924023,0.0,0.39461660607977667,0.35037048234408674,0.2550129115761366,0.0
2020-07-20 00:00:00+00:00,328.25,336.5,322.75,334.0,512556,51.29032258064517,0.2907961441702357,334.2625,328.545,333.857960722142,355.0967298053269,313.4282701946731,0.9797430472369228,2.7007442802884727,-1.7210012330515498,-0.0172155688622754,-0.0083081570996979,29.91714285714286,22.06571479828573,5.454436878367347,29.385714285714283,34.14857239371432,5.57132620510204,3.6,0.0,0.0,0.0,5.401400089263916,5.4496002197265625,5.290160179138184,5.385300159454346,0,48.62946768948294,0.247385272462538,5.326900005340576,5.377200126647949,-0.0020441314547709,0.2644573989500955,256.974,-0.0909769525053838,2.2851297401217163,0,1,0,0,3,0,7,30,-0.4999999999999997,-0.8660254037844388,-0.464723172043768,-0.8854560256532101,24.459999084472656,-0.2746167098192243,29.09249973297119,1.0,1767.724777340889,-0.11343619297170619,334.0,346.5,14.855714285714287,28.414284382857172,19.134163345379633,39.94551503641458,1858.1239081696212,1729.6026020571053,32.13032652812904,1775.8850780797738,57.266890600280455,0.23294453351716873,0.2553664933500198,0.25138441360591074,0.9266466480928438,0.041888804265041886,0.05421162225227701,0.04971355079326982,0.8426031770130767,0.9175944323051595,0.06439211424128931,0.22355176828825793,0.29523513185503264,0.7571990477950186,-0.03861868336364804,0.0,0.06410780535969991,-0.03861868336364804,0.0,0.7651157281145804,0.1707764665257197,0.06410780535969991,0.0
2020-07-27 00:00:00+00:00,325.0,329.75,322.0,327.75,588064,32.758620689655174,0.2997023360050294,335.15,329.1,330.74472611870635,353.52575633966813,316.7742436603318,-1.3379332177914307,0.3365572922770142,-1.6744905100684448,-0.0099009900990099,0.024428684003152,29.462857142857143,20.865714608571444,5.07715516122449,31.99214285714286,35.854286457142884,5.4414878181632655,2.4,0.0,0.0,0.0,5.327700138092041,5.328999996185303,5.092899799346924,5.229100227355957,0,40.41198488195877,0.2219231173829384,5.385300159454346,5.359499931335449,0.0101905022198489,0.2332834748237796,256.974,-0.0909769525053838,2.2851297401217163,0,1,0,0,4,0,7,31,-0.4999999999999997,-0.8660254037844388,-0.5680647467311556,-0.8229838658936566,24.739999771118164,0.0113822648833998,27.332499504089355,1.0,1699.457573890686,1.1100271744902739,328.25,334.0,21.514285714285716,70.82856919428575,19.96371041065468,39.68156480549382,1887.2223611753493,1656.1611543614358,57.76530170347835,1745.3140764041389,27.048022847250152,0.2306562628097119,0.26233851600455776,0.25533360425735474,0.903352515807926,0.023846153846153847,0.05319258188670199,0.048233847797534764,0.49438620369637165,1.0010196352122935,0.029811543687869826,0.19539562176436526,0.2988815246401909,0.6537560843281691,-0.024552879649960557,0.0,0.1215702148750618,-0.024552879649960557,0.0,0.6171913814217427,0.2612384037031955,0.1215702148750618,0.0
2020-08-03 00:00:00+00:00,317.5,323.5,314.5,323.0,528099,30.93922651933701,0.2325925024115404,329.2875,328.825,325.28277069979475,350.52257215612724,308.0524278438728,-4.056111883589608,-2.22220937793167,-1.8339025056579383,-0.0230769230769231,-0.072992700729927,26.374285714285715,32.468572264285726,4.6789191138775506,30.35,45.108572151428596,4.931255813877551,0.6000000000000001,0.0,0.0,0.0,5.143099784851074,5.333199977874756,5.111319065093994,5.221199989318848,0,37.14259482802591,0.1866521562467357,5.229100227355957,5.35890007019043,0.0035442296628474,0.2015820627560026,256.974,-0.0909769525053838,2.2851297401217163,0,1,0,0,5,0,8,32,-0.8660254037844385,-0.5000000000000004,-0.663122658240795,-0.7485107481711013,24.280000686645508,-0.0187683632412629,26.417499542236328,1.0,1657.7309966087341,0.4453999187901238,325.0,328.25,25.51,72.46571255428574,20.63379360996728,40.03169431168316,1841.1169935062007,1610.93198130583,57.546253050092695,1710.2808444859772,0.0,0.1987294255027513,0.22584298607481565,0.25825307093035704,0.7695142485302723,0.028346456692913385,0.04935995751647241,0.045775201639932366,0.6192534272891298,0.8878829223020962,-0.008614636575112621,0.1401803794139033,0.2871332963055033,0.4882066146124983,0.0184104809591763,1.0,0.5425280078502255,0.0184104809591763,1.0,0.15835432215469183,0.2991176699950827,0.5425280078502255,2.0
2020-08-10 00:00:00+00:00,310.5,316.75,307.25,316.5,663213,33.98692810457517,0.2142567677895774,320.775,327.585,319.1756486303819,337.7896221945517,303.76037780544823,-5.852869181084429,-4.468969806352567,-1.383899374731862,-0.0220472440944882,-0.0881057268722467,27.495714285714286,15.27142851714287,4.332715152653061,25.990714285714287,70.46571587428573,4.387681690408163,1.8,0.0,0.0,0.0,5.318699836730957,5.438199996948242,5.232500076293945,5.43720006942749,0,56.92287934477469,0.1926264959815563,5.221199989318848,5.337800025939941,0.0129735204286802,0.1796925095924864,256.974,-0.0909769525053838,2.2851297401217163,0,0,0,0,0,0,8,33,-0.8660254037844385,-0.5000000000000004,-0.7485107481711011,-0.6631226582407952,22.1299991607666,-0.0927188783315152,23.90249967575073,1.0,1688.2506215572357,1.3883289953734037,317.5,325.0,22.861428571428572,67.09142951428575,20.979401395499348,41.99517957378656,1796.1588821058517,1610.4231025929207,46.4339448782328,1701.4687553144809,20.082237459647345,0.16906871539987262,0.2291440591188966,0.2599636899214423,0.6503550897720067,0.030595813204508857,0.039606104284358304,0.04370237221282157,0.7000948610882026,1.14767215913012,-0.048531664114493826,0.1813441090119382,0.2876672423192646,0.6303953875524048,0.06280717227812382,1.0,0.9160891388056096,0.06280717227812382,1.0,0.02002866911979838,0.063882192074592,0.9160891388056096,2.0
2020-08-17 00:00:00+00:00,331.0,331.0,308.0,311.25,970185,61.70212765957447,0.2098437161298826,318.4875,327.085,320.41447601272347,333.09776585738064,303.8772341426194,-1.8021519712349343,-3.853782718958466,2.0516307477235314,0.0660225442834139,-0.0060060060060059,29.032857142857146,16.905714074285726,4.676263060816327,30.957857142857144,16.957142360000027,4.563655543265306,2.4,0.0,0.2,0.2,5.480000019073486,5.483699798583984,5.35699987411499,5.42080020904541,0,69.88807127810014,0.210443942372569,5.43720006942749,5.330699920654297,0.0196691652987537,0.2031660173041252,256.974,-0.0909769525053838,2.2851297401217163,0,0,0,0,0,0,8,34,-0.8660254037844385,-0.5000000000000004,-0.8229838658936564,-0.5680647467311559,21.350000381469727,-0.0358823585980067,23.125,1.0,1794.2848691940308,2.057893482380754,310.5,317.5,29.755714285714284,23.702857211428604,21.62317273403856,40.37982233418743,1827.8018319775815,1592.0601986477618,58.935408332454905,1738.595200866301,55.38640126883369,0.28481241934096024,0.24646120405498456,0.27863920348440746,1.022154835205556,0.06948640483383686,0.03883272656849095,0.04501552029334125,1.5436096027533717,1.6242581736506223,-0.14713591119417788,0.18309769359656625,0.28753550392279315,0.6367828832640487,0.03883755922009069,1.0,0.7670767677981541,0.03883755922009069,1.0,0.06345432357182053,0.16946890863002528,0.7670767677981541,2.0
2020-08-24 00:00:00+00:00,331.75,332.5,320.75,330.0,572153,76.11111111111111,0.2174379417272968,318.775,326.845,323.1237489329056,334.12435280659207,303.4256471934079,0.7928893509634349,-1.2947059431998855,2.0875952941633207,0.0022658610271903,0.0168582375478927,30.012857142857143,4.8685714400000135,5.086461948979592,29.09857142857143,33.085714000000024,4.735375360612245,3.2,0.0,0.4,0.4,5.508500099182129,5.6678009033203125,5.416800022125244,5.618599891662598,0,69.22688442641197,0.1912288268280718,5.42080020904541,5.210599899291992,0.0099743322136596,0.2157292024754442,256.974,-0.0909769525053838,2.2851297401217163,0,0,0,0,0,0,8,35,-0.8660254037844385,-0.5000000000000004,-0.8854560256532096,-0.4647231720437691,22.3700008392334,0.046669055475991,22.53250026702881,1.0,1863.9705140590668,1.0884101738713436,331.0,310.5,26.387857142857143,40.93428590285718,22.10545652078262,39.90923469972373,1941.7509540514202,1560.3675466581135,95.34585184832665,1788.7453261434075,83.17246665234543,0.3038528485732169,0.25533183040620233,0.2847953736968542,1.0669163405283568,0.03541823662396383,0.03753861304027534,0.04384974257457758,0.8077180495768175,0.9749696617580874,-0.17598066124476533,0.21164719871492813,0.28353725850993694,0.746452837848054,0.007749285357367741,0.0,0.410345875586613,0.007749285357367741,0.0,0.242786228619102,0.34686789579428495,0.410345875586613,2.0
2020-09-07 00:00:00+00:00,347.25,350.5,343.25,347.75,9438,70.1863354037267,0.1874919867136893,333.175,330.13,336.81886758264005,359.1162798451085,307.2337201548915,6.812959211724888,5.014126075103643,1.7988331366212442,0.0036127167630057,0.1156626506024096,27.424285714285713,9.131428353714298,4.75063332122449,26.99857142857143,9.202857188000031,5.470945704489795,1.2000000000000002,0.0,0.0,0.0,5.491399765014648,5.492499828338623,5.248000144958496,5.301000118255615,0,38.9534378482709,0.2380267627368781,5.389999866485596,5.331299781799316,-0.0326162440518252,0.2310398213471571,256.974,-0.0909769525053838,2.2851297401217163,0,0,1,0,0,1,9,37,-1.0,-1.8369701987210294e-16,-0.970941817426052,-0.2393156642875577,30.75,0.1521472737211418,25.22000026702881,2.0,1840.7722910642624,-3.170647452677136,348.5,331.75,29.76928571428572,56.571428330857174,22.94580385578227,35.864555487287895,1917.9786121520106,1770.7427017417845,36.80897760255655,1831.076822670187,83.47607257691894,0.2213980845076255,0.2411525381888054,0.27480229953098406,0.8056631142783856,0.02087832973362131,0.041749214554939386,0.0432110411081771,0.4831710684693428,0.017403679998731006,-0.09523960051710914,0.2522171800635563,0.2803722469499751,0.8995796617229418,0.03246959463746846,1.0,0.7054692415935216,0.03246959463746846,1.0,0.08521748350641299,0.20931327490006535,0.7054692415935216,2.0
2020-09-14 00:00:00+00:00,357.5,366.75,346.0,348.0,139984,73.95348837209302,0.1909483812273685,342.9,332.295,344.644415674957,366.3820199974382,319.41798000256176,8.624163456865688,7.02463019023732,1.5995332666283677,0.0295176385889128,0.0991544965411221,21.361428571428572,33.7771427337143,3.771834043673469,29.289285714285718,26.9542851034286,4.525808773673469,0.4,0.4,0.0,0.0,5.298399925231934,5.4045000076293945,5.258999824523926,5.316199779510498,0,33.01410369561728,0.2237157450323768,5.301000118255615,5.367000102996826,0.0020961950974463,0.2324705033025532,256.974,-0.0909769525053838,2.2851297401217163,0,0,1,0,0,2,9,38,-1.0,-1.8369701987210294e-16,-0.992708874098054,-0.1205366802553235,25.850000381469727,-0.1735793785410395,26.34500026702881,2.0,1900.541421175003,0.3005964622500138,347.25,348.5,31.111428571428572,38.280000036000025,23.355060749879268,35.28969933349052,1921.1347877974688,1820.7148020868124,25.104996427664137,1858.8626620721136,79.26502519916755,0.22362508407471382,0.24320482899225176,0.274043485122957,0.8160204057183638,0.05804195804195804,0.047238443522429216,0.042430651285234086,1.3679248987372417,0.272288034305984,-0.06911150491137126,0.20405679909462826,0.2598279061800268,0.7853536374946083,0.04858465819966962,1.0,0.8428029290324759,0.04858465819966962,1.0,0.039954747890924534,0.11724232307659954,0.8428029290324759,2.0
2020-09-21 00:00:00+00:00,369.75,379.25,361.75,369.0,927999,66.03773584905662,0.200187034113823,354.2375,334.89,355.6135547353862,379.960454626928,328.51454537307205,11.445657848780913,9.64042337513531,1.8052344736456012,0.0342657342657342,0.1394453004622495,22.75,5.337142977142867,3.6273226555102043,23.714285714285715,65.58571455085718,3.260530196734694,0.0,0.0,2.4,2.0,5.268099784851074,5.494699954986572,5.192558765411377,5.389800071716309,0,41.453951250656985,0.2073155770515598,5.316199779510498,5.555900096893311,-0.0008085436004995,0.217392548188035,256.974,-0.0909769525053838,2.2851297401217163,0,0,1,0,0,3,9,39,-1.0,-1.8369701987210294e-16,-1.0,-1.8369701987210294e-16,27.780000686645508,0.0720057463319708,27.69750022888184,2.0,1992.878576517105,0.010122592455433815,357.5,347.25,29.385714285714283,34.14857239371432,23.378236554034522,37.2442809604174,2032.5649639997278,1773.7386571135726,64.70657672153885,1912.4690278501105,81.56519027905709,0.1971212050497416,0.2422912664381023,0.28197633410314754,0.6990700077224714,0.04732927653820149,0.04280701786330214,0.04274562677746998,1.107230587874817,1.6976227036792408,-0.15096820527449367,0.2126254574542378,0.2597629725577162,0.8185364033037117,0.02341078441562483,1.0,0.603612273459016,0.02341078441562483,1.0,0.12780144826458878,0.26858627827639514,0.603612273459016,2.0
2020-09-28 00:00:00+00:00,366.75,373.25,360.5,369.75,725855,62.54980079681275,0.2113843487551379,360.7375,338.39,359.8985820298604,381.4939035775906,339.98109642240945,8.606376010619783,9.58688496940445,-0.9805089587846664,-0.0081135902636917,0.065359477124183,24.988571428571426,2.14000006000001,3.9701288604081633,22.562857142857144,0.8885714582857224,3.9327078855102044,0.6000000000000001,0.0,3.0,0.0,5.413000106811523,5.621200084686279,5.38100004196167,5.561100006103516,0,68.35195616298233,0.2183527757003767,5.389800071716309,5.568699836730957,0.0286067057828846,0.2225537395516846,256.974,-0.0909769525053838,2.2851297401217163,0,0,1,0,0,4,9,40,-1.0,-1.8369701987210294e-16,-0.992708874098054,0.1205366802553232,26.190000534057617,-0.0589386831321764,27.642500400543213,2.0,2039.5334272384644,2.951647530793844,369.75,357.5,31.99214285714286,35.854286457142884,23.325631430732756,34.89875131511858,2122.5368573026035,1764.326000694814,89.55271415194743,1963.2947876054525,84.07696380851415,0.18582230897725288,0.23910560471973397,0.25092504431639906,0.7405490435520395,0.034764826175869123,0.042676335773683204,0.042639284098822304,0.8153236799675191,1.245577402702838,0.34426735097955913,0.20260357006720628,0.24420616956146962,0.8296414547372604,0.05718651472769798,1.0,0.8918062921903872,0.05718651472769798,1.0,0.026356617016840597,0.08183709079277224,0.8918062921903872,2.0
2020-10-12 00:00:00+00:00,389.0,399.25,378.5,378.5,1077678,67.24890829694323,0.2387939592828323,376.25,350.5,375.6981834049359,395.3004869395419,357.1995130604581,10.574293994527466,9.934226641137473,0.6400673533899948,0.0250329380764162,0.0657534246575342,24.785714285714285,7.037142905714298,3.520300834693878,15.755,14.648571617142883,3.0033752753061225,0.2,0.0,0.8,0.0,5.573400020599365,5.643099784851074,5.484499931335449,5.52899980545044,0,57.56824529116179,0.1894236589517406,5.681600093841553,5.320499897003174,0.0069942519851297,0.1758371380161649,256.974,-0.0909769525053838,2.2851297401217163,0,0,1,0,0,6,10,42,-0.8660254037844386,0.5000000000000001,-0.9350162426854148,0.3546048870425355,25.06999969482422,-0.1091029846241715,26.75,2.0,2150.7809243202214,0.7904021510183539,379.5,366.75,25.990714285714287,70.46571587428573,22.90247691879348,31.867451931378493,2247.916174409028,1921.763907435302,81.53806674343146,2084.5786298131407,97.93637507162826,0.1636835939053866,0.1875915867109949,0.23403086857892563,0.6994102440639481,0.05334190231362468,0.051607318569134863,0.04520895542847212,1.1798965494580975,1.6700952850885176,0.2497060877677187,0.1621411057485273,0.23263449122542632,0.6969778983531344,0.06359287902054644,1.0,0.9190600507251778,0.06359287902054644,1.0,0.019271961002182612,0.06166798827263953,0.9190600507251778,2.0
2020-10-19 00:00:00+00:00,405.25,409.0,388.0,389.0,953435,80.68181818181819,0.2172523307748895,383.125,359.36,385.4257521375644,410.2710474975436,355.9789525024564,12.022346187905043,10.965751392622224,1.056594795282818,0.0417737789203085,0.070673712021136,15.04142857142857,16.820000151428584,3.6581698685714286,23.927142857142858,16.171428628571444,3.840608799387755,0.0,1.6,0.0,0.0,5.53000020980835,5.645899772644043,5.521699905395508,5.644800186157227,0,48.35891974072801,0.1819785488601128,5.52899980545044,5.237800121307373,-0.0125096183732429,0.1930843575020779,256.974,-0.0909769525053838,2.2851297401217163,0,0,1,0,0,7,10,43,-0.8660254037844386,0.5000000000000001,-0.8854560256532101,0.464723172043768,29.18000030517578,0.1518116535557732,27.09999990463257,2.0,2287.555275440216,-1.1599848848189063,389.0,379.5,30.957857142857144,16.957142360000027,22.968584398686986,30.854805266681268,2361.399449138601,1955.618982167284,101.4451167428293,2165.769288063971,98.2365941210645,0.1913167633531919,0.2026802509772054,0.24245840161277404,0.7890704310095887,0.05181986428130783,0.05036289981700483,0.04559577230843078,1.1365056515704568,1.461783073774384,0.1596268450048796,0.16439821370169785,0.22664897893302108,0.725342806405726,0.02562222769393152,1.0,0.6297422874797396,0.02562222769393152,1.0,0.11597492899609582,0.25428278352416456,0.6297422874797396,2.0
2020-10-26 00:00:00+00:00,417.75,420.0,403.5,404.25,967374,79.90867579908675,0.1931001229309271,395.25,369.15,397.3083278161022,425.6040511473286,364.8959488526714,14.040794353905198,12.704405379415403,1.336388974489795,0.0308451573103023,0.1437371663244353,8.737142857142857,33.174284131428585,1.8763893936326532,13.125714285714285,39.322856865714314,3.246830693428571,0.0,3.8,0.0,0.0,5.605599880218506,5.660200119018555,5.563704013824463,5.616199970245361,0,56.65420211551411,0.14347967933977,5.644800186157227,5.508399963378906,0.005970225662848,0.1604094889480437,256.974,-0.0909769525053838,2.2851297401217163,0,0,1,0,0,8,10,44,-0.8660254037844386,0.5000000000000001,-0.822983865893657,0.5680647467311548,32.459999084472656,0.1065249803286308,28.667499542236328,2.0,2346.1675375699997,0.6879995187901838,405.25,389.0,29.09857142857143,33.085714000000024,22.333560520430684,31.401131176296303,2429.8559496380117,2040.4795368336413,97.34410320109257,2237.9285878663827,98.30302550826507,0.18902272447974722,0.18737275147384644,0.22408679207742738,0.8435245749744571,0.03949730700179533,0.04879650590972359,0.04554816574840819,0.8671545315001046,1.4684038033803724,0.2182806986185134,0.17278622618311937,0.18761054561145526,0.9209835002086059,-0.027261962307654986,0.0,0.10783025677528482,-0.027261962307654986,0.0,0.6486471997494403,0.24352254347527488,0.10783025677528482,0.0
2020-11-02 00:00:00+00:00,397.5,422.25,393.0,416.75,1181369,55.86854460093896,0.2020848162931364,401.5625,376.7,399.0107142788884,423.2613206083065,379.8636793916936,8.201571217908054,11.085123184299684,-2.8835519663916305,-0.0484739676840215,0.0467412771560236,9.637142857142857,14.757142377714299,1.5156897209795919,6.119285714285715,72.39999631600003,1.4568402944489793,0.0,3.6,0.8,0.8,5.622700214385986,5.803500175476074,5.599400043487549,5.741399765014648,0,76.54869955521643,0.1164632882738506,5.616199970245361,5.642000198364258,0.0044434531476024,0.1251301197871666,256.974,-0.0909769525053838,2.2851297401217163,0,0,1,0,0,9,11,45,-0.5000000000000004,0.8660254037844384,-0.7485107481711011,0.6631226582407952,37.130001068115234,0.1344167630742356,30.960000038146973,2.0,2282.2064065933228,0.5353222672656238,417.75,405.25,30.79857142857143,5.717143020000029,21.287478274872946,34.046219249825576,2431.7137371591048,2101.641334802775,82.51810058908254,2255.6397153571593,73.80486536447113,0.27402768404324307,0.2213834691669802,0.23484151649015303,1.1668621309814775,0.07358490566037736,0.05656052180662524,0.04774677321821521,1.5411489675456294,1.7926728681462125,0.276768829938769,0.1587562507788277,0.1884763921954019,0.8423136739114853,-0.04246161180707331,0.0,0.053500441886666916,-0.04246161180707331,0.0,0.7978774133495821,0.14862214476375102,0.053500441886666916,0.0
2020-11-09 00:00:00+00:00,407.5,417.25,395.25,396.25,1010674,48.67724867724868,0.1957672471387055,405.8125,383.23,401.8514140848234,421.432894058035,390.192105941965,6.447921432761859,8.225182464949638,-1.7772610321877789,0.0251572327044025,0.0316455696202531,21.087142857142855,1.8000000754285794,2.467638335918367,13.554999999999998,12.405714504571451,1.799823243877551,0.0,0.0,4.2,0.0,5.741199970245361,5.761799812316895,5.223599910736084,5.36269998550415,0,31.33550927805436,0.1232006681808288,5.741399765014648,5.598599910736084,-0.0063199596818462,0.1193685556505446,256.974,-0.0909769525053838,2.2851297401217163,0,0,1,0,0,10,11,46,-0.5000000000000004,0.8660254037844384,-0.6631226582407955,0.7485107481711007,25.75,-0.3659906698461495,31.13000011444092,2.0,2185.3002440929413,-0.5410190156792362,397.5,417.75,26.99857142857143,9.202857188000031,20.78860870875211,32.65005765335757,2408.5742858289295,2142.0404460193104,66.6334599524047,2227.5039268514724,54.84476368131285,0.30290900750261623,0.2645566107752276,0.2467120454707125,1.2277835670603254,0.053987730061349694,0.05444634186369096,0.04899909193758125,1.1018106031845916,1.5279190664320754,0.2993059544062557,0.27153214289663835,0.2085740984073494,1.3018497116925494,0.039434358753984045,1.0,0.7723657332397997,0.039434358753984045,1.0,0.0617039286671885,0.16593033809301172,0.7723657332397997,2.0
2020-11-16 00:00:00+00:00,416.25,428.0,403.75,407.0,1217180,50.17421602787456,0.2301572223405961,409.6375,389.945,406.9026167727041,424.9349671106681,394.3400328893319,6.637529866276964,7.3526949764242575,-0.7151651101472938,0.0214723926380369,0.0354477611940298,9.184285714285712,24.320000322857158,1.8610935558367347,20.458571428571428,8.651428751428588,2.4579387558775507,0.0,3.8,0.0,0.0,5.384099960327148,5.522600173950195,5.335908889770508,5.456999778747559,0,38.80251314218175,0.1742188915231394,5.36269998550415,5.611199855804443,-0.0295260050080153,0.1723043807620736,256.974,-0.0909769525053838,2.2851297401217163,0,0,1,0,0,11,11,47,-0.5000000000000004,0.8660254037844384,-0.5680647467311559,0.8229838658936564,22.450000762939453,-0.1371439789375423,29.44750022888184,1.0,2271.4761579036713,-2.861623548296146,407.5,397.5,29.289285714285718,26.9542851034286,20.76731598099852,31.101759014523445,2403.550387144836,2139.0247859351316,66.131400302426,2245.0928192723522,47.36973174941322,0.3222369675015831,0.25289663660088774,0.24967384465231074,1.2906316039792065,0.058258258258258255,0.05542961305261768,0.049536525923291094,1.1760664562510592,1.8007027767849058,0.21473600131979637,0.27617500845556436,0.2039587882972273,1.3540725419116122,0.00981012158180472,0.0,0.43548811771380624,0.00981012158180472,0.0,0.22434790762526657,0.3401639746609272,0.43548811771380624,2.0
2020-11-23 00:00:00+00:00,426.5,429.75,417.25,417.5,786353,69.17293233082707,0.2382926482389223,411.7625,396.695,413.57488538806354,431.2773223019235,392.2476776980765,7.934709857521511,7.547588905831543,0.3871209516899681,0.0246246246246246,0.0172927847346451,10.404285714285715,10.962857748571443,1.8696415811836735,9.763571428571428,53.314286834285745,1.605646572387755,0.0,3.8,0.0,0.0,5.414899826049805,5.446000099182129,5.275786876678467,5.378099918365479,0,28.474855766892677,0.1859405879306126,5.456999778747559,5.591300010681152,5.496405120874092e-05,0.1758277131412661,256.974,-0.0909769525053838,2.2851297401217163,0,0,1,0,0,12,11,48,-0.5000000000000004,0.8660254037844384,-0.4647231720437684,0.88545602565321,22.65999984741211,0.0093106006938583,26.9975004196167,1.0,2293.759615182877,0.0964733576262579,416.25,407.5,23.714285714285715,65.58571455085718,20.05739697761613,32.53482532547585,2357.055377128771,2159.315834757635,49.4348855927839,2264.5595376365623,40.2705655841057,0.25178073017461516,0.2524180661263894,0.2480409324804358,1.0150772999682274,0.029308323563892145,0.05092730490913454,0.04703368813323174,0.6231345764237131,1.1017421779020504,0.30432413478673764,0.2603859385778024,0.19864592727752686,1.3108042487373854,-0.02234111707984565,0.0,0.13388275244673373,-0.02234111707984565,0.0,0.5907473778630038,0.27536986969026245,0.13388275244673373,0.0
2020-11-30 00:00:00+00:00,419.75,430.5,416.5,425.75,351528,58.4192439862543,0.2146436208003295,415.5875,400.685,416.5502524085019,433.6941104532909,397.4808895467091,6.77700871300749,7.391661930802064,-0.614653217794574,-0.0082693443591258,0.0533249686323713,7.234285714285714,19.368571551428587,1.0953225815102041,8.155,19.7628580114286,1.8382197701020409,0.0,5.6,0.0,0.0,5.43940019607544,5.444399833679199,5.275783061981201,5.34250020980835,0,46.57248179134584,0.19464286880791,5.378099918365479,5.7778000831604,0.0137796004336355,0.1957838483814554,256.974,-0.0909769525053838,2.2851297401217163,0,0,1,0,0,13,11,49,-0.5000000000000004,0.8660254037844384,-0.3546048870425359,0.9350162426854148,20.56999969482422,-0.0967675600371594,22.857500076293945,1.0,2242.5144630670547,1.4689369958689338,426.5,416.25,22.562857142857144,0.8885714582857224,19.28950039841509,31.710827434246998,2342.114609922719,2154.410630200553,46.9259949305416,2255.7415078087593,42.266116390078615,0.23752880938055135,0.25699372474163745,0.24309542557862515,0.9771010665633277,0.03335318642048839,0.04969848079287316,0.04503368278359748,0.7406273916012622,0.4807916140208665,0.3331879513766566,0.26007574226162367,0.1989417586245326,1.3072958185692551,-0.03578292053743437,0.0,0.0731590575129884,-0.03578292053743437,0.0,0.7386851977868847,0.18815574470012691,0.0731590575129884,0.0
2020-12-07 00:00:00+00:00,419.5,423.25,409.0,420.0,14077,52.94117647058823,0.2194408656245282,419.2375,405.815,417.3916915713982,430.5063146764635,407.9686853235365,4.28573827853063,5.716301232031865,-1.4305629535012354,-0.0005955926146515,0.0250458155161881,5.658571428571428,1.6228571742857225,1.1490944971428572,7.974285714285714,31.205714354285742,0.9845916972244897,0.0,6.6,4.2,4.2,5.331099987030029,5.359700202941895,5.055500030517578,5.154399871826172,0,30.591587324143877,0.1884618908838805,5.34250020980835,5.523399829864502,0.001348637745568,0.1919192171318511,256.974,-0.0909769525053838,2.2851297401217163,0,0,0,0,0,0,12,50,-2.4492935982947064e-16,1.0,-0.2393156642875578,0.970941817426052,21.299999237060547,0.0348733480677235,21.74499988555908,1.0,2162.270746231079,0.22584072706218383,419.75,426.5,24.407142857142855,6.320000168571452,18.559486547826097,31.678239493604337,2357.4191213756044,2127.5913698167365,57.456937889717075,2218.353203177687,45.201152994942426,0.24795296267594896,0.27694349257601864,0.2537535972561824,0.9771406418889751,0.03396901072705602,0.041775301806208885,0.044637693106698184,0.7609936973203879,0.019932875048541587,0.5138826964165158,0.23295476339294094,0.20617204366746003,1.129904656082436,-0.01808512091541481,0.0,0.16053456216222325,-0.01808512091541481,0.0,0.5384877239744867,0.30097771386329,0.16053456216222325,0.0
2020-12-14 00:00:00+00:00,419.25,429.75,415.5,418.75,114514,43.61233480176212,0.1807833467641602,421.05,410.41,418.6825327307645,427.9068060695657,414.1931939304344,3.274290744344853,4.250629520861994,-0.9763387765171414,-0.000595947556615,0.0269442743417023,5.801428571428572,6.754285720000006,0.9863378137142857,4.759285714285714,5.53142858285716,1.0927546572857145,0.0,4.4,3.2,2.8,5.098400115966797,5.170100212097168,5.009974002838135,5.064199924468994,0,21.85167434768411,0.1717651093424908,5.154399871826172,5.456699848175049,0.000659818948526,0.1604323019119674,256.974,-0.0909769525053838,2.2851297401217163,0,0,0,0,0,0,12,51,-2.4492935982947064e-16,1.0,-0.1205366802553236,0.992708874098054,24.71999931335449,0.1489055679159425,22.31249952316284,1.0,2123.165818333626,0.15695884735798382,419.5,419.75,15.755,14.648571617142883,17.669151010178332,29.991348467104523,2359.5163584010834,2051.3389630062347,77.04434884871212,2180.278249240063,11.553180482528504,0.21621785054623718,0.2501789229222935,0.24460369872974302,0.8839516443519313,0.03398926654740608,0.03777560910342016,0.04514484874176079,0.752893407903493,0.1677755715667602,-0.1047737733779342,0.13966483895662077,0.20275887510921783,0.6888222870301792,0.057036561893953674,1.0,0.8910807329977761,0.057036561893953674,1.0,0.026549705885390493,0.08236956111683336,0.8910807329977761,2.0
2020-12-21 00:00:00+00:00,440.0,440.75,420.5,424.0,600677,73.05936073059361,0.1622052980044719,423.75,414.945,424.4029923873365,437.030377293382,410.46962270661805,5.812005545940679,4.556540617432929,1.2554649285077495,0.0494931425163982,0.0414201183431952,2.7357142857142853,8.025714345142868,0.7959694454693877,3.045714285714286,24.057142933714303,0.921212114612245,0.0,6.8,0.8,0.0,5.117800235748291,5.220300197601318,5.0416998863220215,5.100599765777588,0,33.19803073192705,0.1848552799984312,5.064199924468994,5.304500102996826,0.0079299337681186,0.1868691894887025,256.974,-0.0909769525053838,2.2851297401217163,0,0,0,0,0,0,12,52,-2.4492935982947064e-16,1.0,6.432490598706546e-16,1.0,25.15999984741211,0.0176428209549705,22.93749952316284,2.0,2244.2638969421387,0.8839703293172438,419.25,419.5,23.927142857142858,16.171428628571444,16.725703479567752,29.60849649720838,2313.612196078276,2072.495266208673,60.279232467400846,2205.8725083208933,41.515753024820675,0.26284636587729476,0.28181946910859484,0.24654350940737982,1.0661256337587066,0.04602272727272727,0.035328502906313966,0.04602866227075149,0.9998708414183827,0.8754034067131616,0.11942858863163625,0.11353545505275432,0.2032512238977145,0.5585966337104289,0.06083089925681051,1.0,0.9081743714835729,0.06083089925681051,1.0,0.02206296311796219,0.06976266539846487,0.9081743714835729,2.0
2020-12-28 00:00:00+00:00,456.5,457.5,437.25,440.0,508741,83.33333333333333,0.1580651712402998,428.775,419.3,432.8798744911331,454.1624710085991,403.38752899140087,9.426720139489362,6.731571031495949,2.695149107993413,0.0434285714285713,0.0869047619047618,2.6014285714285714,7.371428614285728,1.2107538659183672,4.38,4.434285776571454,0.8465137188163265,0.0,5.8,0.2,0.0,5.121799945831299,5.305500030517578,5.102396011352539,5.2153000831604,0,60.86892195383409,0.1730178527672286,5.100599765777588,5.335299968719482,0.0086044817883744,0.1772372213034565,256.974,-0.0909769525053838,2.2851297401217163,0,0,0,0,0,0,12,53,-2.4492935982947064e-16,1.0,0.1205366802553231,0.992708874098054,21.700000762939453,-0.1479431300626248,23.21999979019165,1.0,2380.784487962723,0.9514251313428238,440.0,419.25,13.125714285714285,39.322856865714314,15.929206480885963,27.984353870070517,2455.4152399455284,1999.8272347892548,113.89700128906838,2275.837300177625,68.33978963527525,0.33159488181998825,0.2788059097987807,0.25652580742782966,1.292637462945726,0.0443592552026287,0.03833868923406127,0.046716834370657476,0.949534494467919,0.7498599192672047,0.12145460298334437,0.16113983933623668,0.19494719485849116,0.8265819428044908,0.05493862613794076,1.0,0.8804745082009241,0.05493862613794076,1.0,0.029399670578640957,0.09012582122043489,0.8804745082009241,2.0
2021-01-04 00:00:00+00:00,483.75,497.75,453.5,455.75,788281,92.5,0.1480988089121771,440.3875,424.87,447.7104942053926,485.1087050845283,395.66629491547167,15.884677486993212,10.988889969395064,4.895787517598148,0.0726164079822615,0.1545346062052506,-0.7628571428571428,15.965714188571441,0.6585751133469387,2.1149999999999998,20.228571405714312,1.1520453372653061,0.0,7.0,0.0,0.0,5.245200157165527,5.252799987792969,5.116399765014648,5.19189977645874,0,61.779418265940826,0.1569444574331055,5.2153000831604,5.151000022888184,0.0,0.1741929638930194,256.974,-0.0909769525053838,2.2851297401217163,0,0,0,0,0,0,1,1,0.4999999999999999,0.8660254037844387,0.120536680255323,0.992708874098054,26.96999931335449,0.2174128159871211,24.637499809265137,2.0,2511.5815168619156,0.0909769525053838,456.5,440.0,6.119285714285715,72.39999631600003,15.03796735308687,27.48398080785399,2651.154880254222,1978.7429797959792,168.10297511456076,2370.134986851341,90.85308977384615,0.3327524661511099,0.29799565764282737,0.25331888294605776,1.3135714524931503,0.09147286821705426,0.04996262559337445,0.04781615753981835,1.9130112872572087,1.1776763182527545,0.11243574414002756,0.16120281508881149,0.19498114947508527,0.8267609830754443,0.06074580947008079,1.0,0.9078189572840183,0.06074580947008079,1.0,0.022154945679607647,0.07002609703637408,0.9078189572840183,2.0
2021-01-25 00:00:00+00:00,511.5,534.25,492.5,531.5,1130218,62.642369020501135,0.246560008321124,498.8375,453.73,497.88606001984095,548.5512265276404,449.1237734723595,20.280257356141647,22.166810136482564,-1.8865527803409168,-0.0376293508936971,0.1533258173618941,0.4814285714285714,7.574286111428585,0.8844367244081633,0.8385714285714287,18.15428695428574,0.8216999145102042,0.0,6.8,0.0,0.0,5.295000076293945,5.467299938201904,5.233826160430908,5.465499877929688,0,59.36399300904411,0.2011613551231603,5.291299819946289,5.2153000831604,0.0182133546078633,0.19388191830069,256.974,-0.0909769525053838,2.2851297401217163,0,0,0,0,0,0,1,4,0.4999999999999999,0.8660254037844387,0.4647231720437685,0.8854560256532099,23.190000534057617,-0.0483999195313073,24.64499998092651,1.0,2795.6031875610356,1.9123124132917138,531.5,492.25,9.763571428571428,53.314286834285745,12.231048065432272,26.211272370261675,2975.1451577106855,2416.68490622841,139.6150628705688,2688.7861751747982,96.26946051737673,0.20202656608267247,0.28261237004877254,0.2610158377621025,0.7740011490291019,0.08162267839687194,0.07137982286854853,0.05343631434915378,1.527475540112903,1.4704672952764175,-0.03631290133656758,0.1923521812287359,0.19530096231316738,0.984901298495826,0.07287919373231255,1.0,0.9475470336582205,0.07287919373231255,1.0,0.012201019687739725,0.04025194665403986,0.9475470336582205,2.0
2021-02-01 00:00:00+00:00,549.25,555.75,508.0,513.0,1207362,72.09302325581396,0.3189509747440004,517.0875,466.22,514.604787033687,557.0668614519682,477.1081385480318,21.797957856774303,21.481103334118547,0.3168545226557562,0.0738025415444769,0.1575342465753424,-1.9742857142857144,16.128571422857156,0.7311457170612244,-0.4949999999999998,13.254285874285742,0.9142940511428571,0.0,7.0,0.0,0.0,5.463791847229004,5.503699779510498,5.341590881347656,5.4608001708984375,0,48.52636082987517,0.2254447209607707,5.465499877929688,5.1921000480651855,0.0214524543051015,0.2145447635760471,256.974,-0.0909769525053838,2.2851297401217163,0,0,0,0,0,0,2,5,0.8660254037844386,0.5000000000000001,0.5680647467311558,0.8229838658936564,30.239999771118164,0.2654443694453969,25.46250009536743,2.0,2999.344493865967,2.2362223830155337,511.5,531.5,8.155,19.7628580114286,11.410012706372127,25.375337757618066,3093.753125396929,2541.958427044192,137.94867458818422,2813.0095026512663,96.79155792338389,0.2158248201963078,0.30208472234324674,0.27255440887081733,0.7918595526370913,0.08693673190714611,0.07989531820945203,0.05488105304241318,1.5840934392972612,1.4688453318865655,-0.10206843795102082,0.19362883242174847,0.19532357719433327,0.9913233481069614,0.009182718308151205,0.0,0.42779233802628086,0.009182718308151205,0.0,0.2298539764741189,0.34235368549960027,0.42779233802628086,2.0
2021-02-08 00:00:00+00:00,563.75,565.75,536.5,549.75,1087047,66.74057649667407,0.3252783397666084,531.9125,478.89,529.4152889630607,567.8240415401693,496.0009584598307,21.312144084639613,21.326247158648915,-0.0141030740093022,0.0263996358670914,0.1411943319838056,-5.7457142857142856,13.817143356000013,0.6787158464081633,-0.9778571428571426,38.5628574194286,0.6669903050408162,0.0,7.0,0.0,0.0,5.43120002746582,5.453100204467773,5.307300090789795,5.369200229644775,0,54.88961857408872,0.223411353848894,5.4608001708984375,5.40880012512207,0.0041859638594815,0.2286270827553218,256.974,-0.0909769525053838,2.2851297401217163,0,0,0,0,0,0,2,6,0.8660254037844386,0.5000000000000001,0.6631226582407952,0.7485107481711011,21.239999771118164,-0.3532793581447314,24.75250005722046,1.0,3026.886629462242,0.5095733384535338,549.25,511.5,7.974285714285714,31.205714354285742,10.610795296744433,26.226145477734878,3151.475605450522,2665.6044771448264,121.46778207642379,2898.560353375657,95.77904848812868,0.24212475467086852,0.2799481720434378,0.2700678953544153,0.8965328714388464,0.05188470066518847,0.07197768469907886,0.05510882424876253,0.9414951590334818,1.3098013061901543,-0.1803159810979902,0.20861200050493392,0.19624889709329188,1.0629970051540971,-0.04445275106088875,0.0,0.04867743784198776,-0.04445275106088875,0.0,0.8134579501194471,0.13786461203856515,0.04867743784198776,0.0
2021-02-15 00:00:00+00:00,538.75,574.25,524.75,565.0,1055477,62.41457858769932,0.3328364980591737,537.025,488.7,533.5917743787569,567.7456856420494,506.3043143579506,15.538376839753482,19.094777238153767,-3.556400398400285,-0.0177757520510483,0.027168732125834,-14.26142857142857,8.742857391428586,0.5144313497142857,-12.918571428571427,22.611429464571458,0.6421089830204082,0.0,7.0,0.0,0.0,5.364299774169922,5.444799900054932,5.333690166473389,5.368599891662598,0,40.42303516087427,0.1851037088480477,5.369200229644775,5.195799827575684,-0.010467993550037,0.2243842859627866,256.974,-0.0909769525053838,2.2851297401217163,0,0,0,0,0,0,2,7,0.8660254037844386,0.5000000000000001,0.7485107481711011,0.6631226582407953,19.96999931335449,-0.0616550725538851,23.65999984741211,1.0,2892.3331916332245,-0.9558224024983162,563.75,549.25,4.759285714285714,5.53142858285716,9.092771637046637,25.99293799301466,3140.417515059879,2716.6662362013553,105.93781971463095,2896.0694886786846,60.456847577049274,0.33658056861615554,0.29279503946397367,0.2904031397885678,1.1590114255344954,0.09187935034802784,0.08212602810540358,0.057964550457370465,1.5850952655045096,1.246998734720595,-0.233429924476535,0.1543809577876686,0.18885629607619905,0.8174519612036654,0.025042954923634397,1.0,0.6229639266190301,0.025042954923634397,1.0,0.11897760681185074,0.2580584665691191,0.6229639266190301,2.0
2021-02-22 00:00:00+00:00,551.0,555.5,538.5,547.0,735031,50.83532219570406,0.3267816784373467,544.275,501.785,539.8972734629888,566.9697130407465,521.5802869592535,12.415033906215967,15.392340024109922,-2.9773061178939546,0.022737819025522,0.0510252742012398,-6.101428571428571,9.237142845714299,0.5153229282448979,-14.257142857142854,13.474286048000028,0.47385878214285715,0.0,7.0,0.0,0.0,5.367800235748291,5.528031826019287,5.3643999099731445,5.38070011138916,0,43.09102504055228,0.1475512224679525,5.368599891662598,5.349500179290772,0.0005962463842464,0.1605758672117618,256.974,-0.0909769525053838,2.2851297401217163,0,0,0,0,0,0,2,8,0.8660254037844386,0.5000000000000001,0.8229838658936564,0.5680647467311559,23.450000762939453,0.1606394143831474,23.72499990463257,1.0,2964.7657613754272,0.15060159093002382,538.75,563.75,3.045714285714286,24.057142933714303,7.586325540647315,25.18528302882017,3087.1879856831,2854.47705248533,58.177733299442366,2923.547997757382,69.29892375775034,0.30572444578630076,0.26799616398761744,0.28348907429963,1.0784346301784566,0.030852994555353903,0.06863529117451764,0.05627926869633711,0.5482123308975874,0.8808746920513953,0.2412352034508217,0.12925088961525844,0.18489868832905434,0.6990362332634572,0.033702571291369665,1.0,0.7181146007271505,0.033702571291369665,1.0,0.08053289273869492,0.2013525065341546,0.7181146007271505,2.0
2021-03-01 00:00:00+00:00,547.5,562.5,542.5,550.75,465831,41.19241192411924,0.2570985214886155,549.85,514.99,545.3728694330607,564.0491474911526,535.6508525088475,10.178976895660185,12.6203175259826,-2.4413406303224168,-0.0063520871143375,0.0243217960710944,6.388571428571429,5.9285716714285845,1.1212610454285714,0.21214285714285733,18.5228571914286,0.6676300200816326,0.0,5.2,0.4,0.4,5.464799880981445,5.606900215148926,5.389699935913086,5.597599983215332,0,74.07283855857983,0.1304573480037667,5.38070011138916,5.437989234924316,-0.0083468277933882,0.1263500069175283,256.974,-0.0909769525053838,2.2851297401217163,0,0,0,0,0,0,3,9,1.0,6.123233995736766e-17,0.8854560256532099,0.4647231720437686,23.350000381469727,-0.0042735269750798,22.00250005722046,1.0,3064.6859908103943,-0.7437058268334361,551.0,538.75,4.38,4.434285776571454,7.110571819130898,24.755449103827168,3138.0855733049193,2836.2502133357248,75.45883999229855,2980.003194978587,59.768547599137925,0.3042628078781976,0.262140200672775,0.2829752810378433,1.075227475735708,0.0365296803652968,0.05961669156820261,0.05543865759892073,0.658920604470082,0.5795065751518497,0.17437508498700477,0.15038636854632847,0.19187903614280655,0.7837560774322537,0.0489059654847126,1.0,0.8449196643945996,0.0489059654847126,1.0,0.039343040925861446,0.11573729467953886,0.8449196643945996,2.0
2021-03-08 00:00:00+00:00,565.0,571.25,542.0,547.25,17811,57.306590257879655,0.2696238663578153,551.925,527.06,550.0685894228208,568.6386093302411,535.2113906697588,8.878674246943206,10.127057968710014,-1.2483837217668086,0.0319634703196347,0.0272727272727273,12.852857142857143,4.814286000000008,1.9699086143673468,9.85357142857143,12.02285769714288,1.4223725812244898,0.0,2.1999999999999997,2.8,3.2,5.640699863433838,5.769100189208984,5.545100212097168,5.689499855041504,0,74.81585956006519,0.137581137388575,5.597599983215332,5.4257001876831055,0.0125072953760355,0.1446508808241036,256.974,-0.0909769525053838,2.2851297401217163,0,0,0,0,0,0,3,10,1.0,6.123233995736766e-17,0.9350162426854148,0.3546048870425355,25.46999931335449,0.0869042615804343,23.05999994277954,2.0,3214.5674180984497,1.3417064901089337,547.5,551.0,2.1149999999999998,20.228571405714312,7.287539535868998,23.933991593718506,3313.155718750801,2755.020462207947,139.53381413571358,3073.8288842265324,70.54354827271689,0.25952627282264246,0.2563940957670795,0.27790797549625224,0.9338568388353934,0.05176991150442478,0.05258332748765835,0.05543615996007657,0.9338652280940022,0.023526550850589974,0.02075817859780816,0.15218540753536183,0.1907347657126285,0.7978901957797813,-0.06065491073105089,0.0,0.022253621799213082,-0.06065491073105089,0.0,0.9074379145412073,0.07030846365957966,0.022253621799213082,0.0
2021-03-15 00:00:00+00:00,549.5,565.0,532.75,565.0,268939,47.78067885117493,0.2498876259680031,553.3875,536.425,550.9262633811596,565.2679073561974,541.5070926438027,5.302148975775367,7.747240590471237,-2.44509161469587,-0.027433628318584,0.0157116451016636,13.12,11.645713982857155,2.856207639918367,13.552142857142856,9.160000125714303,2.246343938489796,0.0,2.0,1.2,0.0,5.874599933624268,5.877500057220459,5.495155811309815,5.495155811309815,0,51.54648080814465,0.1961804746349347,5.689499855041504,5.3653998374938965,0.0037330694013475,0.1293286742622181,256.974,-0.0909769525053838,2.2851297401217163,0,0,0,0,0,0,3,11,1.0,6.123233995736766e-17,0.970941817426052,0.239315664287558,20.030000686645508,-0.2402700780737934,23.07500028610229,1.0,3019.5881183147435,0.46428389264013376,565.0,547.5,-1.110714285714286,34.491427911428595,7.691707492080215,22.980830853847266,3280.304557258218,2851.499087041289,107.20136755423238,3052.1325778618166,62.30197203120632,0.3600521553188278,0.32298398983044313,0.30548610819544847,1.1786203492509215,0.058689717925386714,0.05394433093969799,0.056395780506256134,1.0406755078444394,0.37242061002761007,-0.6409963001719413,0.19524818880518072,0.19889349353132135,0.9816720271832983,-0.0011994798585932553,0.0,0.30789603767494367,-0.0011994798585932553,0.0,0.3340272878708601,0.3580766744541963,0.3078960376749437,1.0
2021-03-22 00:00:00+00:00,549.0,559.0,545.25,549.5,708086,44.337349397590366,0.232222333416756,554.2,542.765,551.6967914926262,565.760595504682,542.6394044953181,3.468604387757864,5.336313539615082,-1.867709151857218,-0.0009099181073702,0.0115154306771072,12.23857142857143,37.94571434000001,2.0246022943265305,11.634285714285713,35.27428458285717,2.7875831991836733,0.0,1.8,0.0,0.0,5.614500045776367,5.6774001121521,5.46019983291626,5.493563175201416,0,42.54343909247672,0.2350665273040942,5.495155811309815,5.42579984664917,-0.0071884987643211,0.2221806448199411,256.974,-0.0909769525053838,2.2851297401217163,0,0,0,0,0,0,3,12,1.0,6.123233995736766e-17,0.992708874098054,0.120536680255323,18.8799991607666,-0.0591280676921483,21.93249988555908,1.0,3015.9661831855774,-0.6278729239267261,549.5,565.0,-1.1842857142857144,9.81428586571431,7.946067377383796,23.773956900880165,3265.1998062959315,2892.2040489086507,93.24893934682024,3037.6660199913213,55.70919844242721,0.3134282017418092,0.3081394543971182,0.2988530101055154,1.0487704010190286,0.025045537340619307,0.04057756833821628,0.053968812090268235,0.46407418895910213,1.0137619364738955,-0.6479380982164281,0.1953053285570993,0.19500507526740213,1.0015396690259921,0.04282490784192894,1.0,0.8007909884779403,0.04282490784192894,1.0,0.05258803526054636,0.14662097626151338,0.8007909884779403,2.0
2021-03-29 00:00:00+00:00,546.75,556.0,541.5,551.25,600114,41.551246537396125,0.2417049208604122,553.175,546.48,550.9707745273931,565.0383668781686,541.3116331218313,1.5250851507594234,3.218286591054513,-1.6932014402950897,-0.0040983606557376,-0.0157515751575157,14.044285714285715,35.548572645714295,2.3416719102040813,15.415000000000001,79.37428722285716,2.1286831662040817,0.0,1.2000000000000002,0.0,0.0,5.505300045013428,5.802800178527832,5.474699974060059,5.752399921417236,0,43.183559172000535,0.2308682812865289,5.493563175201416,5.528025150299072,-0.0117872081254183,0.2378901334779495,256.974,-0.0909769525053838,2.2851297401217163,0,0,0,0,0,0,3,13,1.0,6.123233995736766e-17,1.0,-1.6081226496766366e-16,20.739999771118164,0.0939610754991808,21.27999973297119,1.0,3145.124657034874,-1.0877438600364462,549.0,549.5,0.8385714285714287,18.15428695428574,8.427933998197746,27.361074986169005,3294.3758438328587,2903.2473444839634,97.78212483722376,3080.6494748087425,58.42040814257061,0.3295915971618707,0.299740000893618,0.2854242532895576,1.1547427445840726,0.026520347508001828,0.039711038928745876,0.05259544296260084,0.5042327048092866,0.8851948530092215,-0.6578925155246573,0.2353921371648295,0.175152303098445,1.343928224530649,0.004535507747368328,0.0,0.3720985210816853,0.004535507747368328,0.0,0.273532085650172,0.35436939326814276,0.3720985210816853,2.0
2021-04-05 00:00:00+00:00,553.25,585.0,533.75,546.25,675361,51.76470588235294,0.2595862582757611,553.0375,548.735,552.1528545574344,566.3052636636096,539.7697363363905,2.033615453577113,2.3268836982129213,-0.2932682446358083,0.0013574660633484,0.0128146453089244,15.89857142857143,9.30571484514287,3.4256053103673474,14.802142857142856,67.19143145371432,2.342436551387755,0.0,2.2,0.2,0.0,5.781099796295166,5.798600196838379,5.608099937438965,5.710599899291992,0,57.33840193422471,0.2377194245380396,5.752399921417236,5.668300151824951,0.0182448562772698,0.2292337245721213,256.974,-0.0909769525053838,2.2851297401217163,1,0,0,1,0,0,4,14,0.8660254037844387,-0.4999999999999998,0.992708874098054,-0.1205366802553228,17.90999984741211,-0.146704984212696,19.3899998664856,1.0,3159.3893942832947,1.915462580232364,546.75,549.0,-0.4949999999999998,13.254285874285742,8.839173279420013,29.93077540342999,3240.7653351800705,2929.268841229174,77.87412348772412,3112.145442598564,41.93361403566945,0.3182339497713191,0.29721657080428465,0.2840291947470149,1.1204268591139084,0.09263443289652055,0.050931989434990624,0.05431425169451395,1.7055268728043331,1.0376524898721475,-0.6706020014017342,0.21531487168791877,0.17430810137512073,1.2352544582652796,0.022831060301826245,1.0,0.596656500094458,0.022831060301826245,1.0,0.13106749703842838,0.2722760028671136,0.596656500094458,2.0
2021-04-12 00:00:00+00:00,569.0,595.0,552.25,553.75,1000016,59.66183574879227,0.2652382973730861,556.125,553.295,558.7940360722736,576.5813077391209,535.6686922608791,5.716213226890318,3.745820262097873,1.970392964792445,0.0284681427925892,0.0252252252252251,17.992857142857144,21.011428182857156,3.5682989951020407,20.809285714285714,11.528571293714307,3.7651499171020406,0.0,0.4,0.0,0.0,5.662700176239014,5.699900150299072,5.543353080749512,5.679299831390381,0,60.88154598948524,0.2016322016299446,5.710599899291992,5.534800052642822,0.000560527995116,0.2447516187813683,256.974,-0.0909769525053838,2.2851297401217163,1,0,0,2,0,0,4,15,0.8660254037844387,-0.4999999999999998,0.970941817426052,-0.2393156642875575,16.90999984741211,-0.0574540536659577,18.60999965667725,1.0,3231.5216040611267,0.14702975201698382,553.25,546.75,-0.9778571428571426,38.5628574194286,9.611438597798447,28.743536428609627,3317.432191495941,2958.5687277864954,89.71586592736146,3159.8959071835893,98.34748662216357,0.28389419282344225,0.2610074874563145,0.28394901002572065,0.9998069118101783,0.07513181019332162,0.055604369172769987,0.056605426025985416,1.327289664526768,1.5116534904238432,-0.7178975864625616,0.21056117958231255,0.17251518622612663,1.2205369972527906,0.02329308181512757,1.0,0.60220331570909,0.02329308181512757,1.0,0.12845889152980589,0.26933779276110403,0.60220331570909,2.0
2021-05-10 00:00:00+00:00,748.0,775.0,730.0,732.0,7518,81.44444444444444,0.3066978692339247,674.7125,603.25,688.8863756484371,810.5550244441906,538.8699755558093,49.47258747046351,42.70890448835499,6.76368298210852,0.0215090474564698,0.295799047206583,15.741428571428571,23.122856992857155,4.064077625714286,24.452142857142857,38.808570829714306,4.501380374693878,0.0,0.2,0.0,0.0,5.438199996948242,5.478099822998047,5.198400020599365,5.235499858856201,0,26.880621510019907,0.1738018571423962,5.439700126647949,5.566599845886231,0.01917266124332,0.1763538812918532,256.974,-0.0909769525053838,2.2851297401217163,1,0,0,6,0,0,5,19,0.4999999999999999,-0.8660254037844387,0.7485107481711013,-0.663122658240795,19.65999984741211,0.071138777438802,18.22499990463257,1.0,3916.1538944244385,2.008243076837384,732.25,680.5,9.85357142857143,12.02285769714288,11.548298666613412,28.906299499097713,4341.99961429633,3124.7017030140028,304.3244778205819,3754.385728844371,91.80882234706618,0.3754536269581862,0.35677166641813757,0.30569125831755006,1.2282118132604543,0.06016042780748663,0.08740719258995465,0.06733392411542413,0.8934637281754451,0.01059034928713045,-0.6396270346613375,0.09494403917477241,0.1771703720037004,0.5358911467086491,-0.1220088131551531,0.0,0.001057868667167896,-0.1220088131551531,0.0,0.9952763595263274,0.0036657718065046785,0.001057868667167896,0.0
2021-05-17 00:00:00+00:00,652.5,771.5,633.0,747.25,499424,41.55206286836936,0.3926972099386606,706.3125,619.385,696.7800558450243,805.5976919578516,607.0273080421484,28.261317018658588,39.93863851853144,-11.677321499872852,-0.1276737967914438,0.1144321093082836,19.108571428571427,20.6542855457143,3.829765610612245,15.171428571428573,51.99142832285717,3.664890170612245,0.0,0.0,0.0,0.0,5.222599983215332,5.319200038909912,5.204999923706055,5.269499778747559,0,35.84843151970587,0.1631331736904145,5.235499858856201,5.614999771118164,-0.0072188372513714,0.1621355997657041,256.974,-0.0909769525053838,2.2851297401217163,1,0,0,7,0,0,5,20,0.4999999999999999,-0.8660254037844387,0.6631226582407952,-0.7485107481711012,19.71999931335449,0.0030472073970535,18.832499504089355,1.0,3438.348605632782,-0.6309067726317561,748.0,732.25,13.552142857142856,9.160000125714303,11.782048983053102,30.395662649017677,4254.213241297426,3278.26552824336,243.98692826351655,3627.9708795597353,55.385861907327225,0.6814103681478909,0.49401162727022907,0.392641316486581,1.735452491069299,0.21226053639846743,0.1148329378309838,0.07572898817521606,2.8028964004958175,0.703983468319261,-0.7821472212026775,0.1191645377679168,0.17386526858060747,0.6853843317121521,0.024923177246509498,1.0,0.6215562258941368,0.024923177246509498,1.0,0.11960680710229095,0.25883696700357217,0.6215562258941368,2.0
2021-05-24 00:00:00+00:00,657.25,671.25,637.0,653.5,634807,27.03412073490813,0.4542012300808474,710.275,629.76,682.1096402850491,795.6469262373519,624.9030737626481,6.3315778510364,21.00405316915637,-14.672475318119975,0.0072796934865899,0.0026697177726926,25.78,27.428570980000014,3.427489335102041,22.03142857142857,34.67714264000003,3.87586395755102,0.0,0.0,0.0,0.0,5.271699905395508,5.366300106048584,5.229190826416016,5.361800193786621,0,42.66773587499417,0.165243008798095,5.269499778747559,5.44320011138916,-0.0072231866164034,0.16903587331948,256.974,-0.0909769525053838,2.2851297401217163,1,0,0,8,0,0,5,21,0.4999999999999999,-0.8660254037844387,0.5680647467311558,-0.8229838658936564,18.39999961853028,-0.069282670471847,19.02249956130981,1.0,3524.0431773662567,-0.6313417091349561,652.5,748.0,11.634285714285713,35.27428458285717,12.443299279077326,30.67188716456493,4263.656571712634,3167.226475868085,274.1075239611373,3586.399798682344,38.54035620026231,0.6817520627738692,0.46233582045216853,0.3883130877730843,1.7556761970781107,0.05211106884747052,0.11309298943831574,0.07376089820673688,0.7064862691415588,0.9046029861971774,-0.8013528038790764,0.15737033403603368,0.1757035618273806,0.8956581383026274,-0.023832492468403577,0.0,0.12546948314107328,-0.023832492468403577,0.0,0.6086460778272245,0.2658844390317022,0.12546948314107328,0.0
2021-05-31 00:00:00+00:00,656.75,672.75,602.75,660.0,705194,29.878721058434397,0.4758868177757616,697.3875,636.915,669.3223679001438,799.9571778575014,594.8178221424987,-3.273172939234655,7.211522468273395,-10.484695407508047,-0.0041698256254738,-0.0644586894586894,21.041428571428572,32.59999928857144,4.278331259183673,25.935714285714287,61.1342844657143,3.5120746800000004,0.0,0.0,0.0,0.0,5.318600177764893,5.339399814605713,5.1975998878479,5.23799991607666,0,51.78087905071381,0.1535387623709358,5.361800193786621,5.336400032043457,0.0151274833539593,0.1638467086276903,256.974,-0.0909769525053838,2.2851297401217163,1,0,0,9,0,0,5,22,0.4999999999999999,-0.8660254037844387,0.464723172043769,-0.8854560256532096,16.760000228881836,-0.0933555351725185,18.63499975204468,1.0,3440.0564448833466,1.6037252879013137,657.25,652.5,15.415000000000001,79.37428722285716,13.313777666602293,32.63720311947779,4035.3981718071504,3123.9028893462614,227.87382061522226,3527.8624571627456,11.992750402464182,0.5290894613991559,0.4699957920713719,0.3868061682211864,1.3678412889687817,0.10658545869813475,0.10862022078117564,0.0770332894758234,1.3836283714108104,1.0225686237547522,-0.7725069024971186,0.16130403825845818,0.16623748113765355,0.9703228625177566,-0.00392781001209952,0.0,0.2796113004879128,-0.00392781001209952,0.0,0.36502738370621995,0.35536131580586733,0.2796113004879128,0.0
2021-06-07 00:00:00+00:00,679.25,706.25,652.75,666.0,890535,56.99346405228759,0.5068417023815217,678.65,649.515,672.494350735983,757.0622707905363,600.2377292094636,1.0789697489451555,2.400357591108756,-1.3213878421635998,0.0342596117244005,-0.1056616194865043,28.221428571428568,13.497142814285725,4.681546519591836,19.51,66.62285562714288,4.374609341632653,2.2,0.0,0.0,0.0,5.216800212860107,5.21999979019165,5.01830005645752,5.044600009918213,0,27.88068387828528,0.1356344006043304,5.23799991607666,5.273430824279785,-3.823363518950426e-05,0.1362848537362734,256.974,-0.0909769525053838,2.2851297401217163,0,0,0,0,0,0,6,23,1.2246467991473532e-16,-1.0,0.3546048870425358,-0.9350162426854148,16.420000076293945,-0.0204950000396853,17.824999809265137,1.0,3426.544556736946,0.08715358898643338,656.75,657.25,14.802142857142856,67.19143145371432,13.71353394617634,34.8298258619078,3547.115014816087,3367.381377493579,44.93340933062708,3487.3352969924263,12.964412805277263,0.42493852374946584,0.4653857316053988,0.38110839008334,1.1150069734924266,0.07876334192123666,0.10197616673455918,0.07605612261139605,1.0355948852102819,1.2972932577489824,-0.7559655063685957,0.18494865360767293,0.17305044919231516,1.0687556361935742,-0.015514824907724045,0.0,0.1786176471323008,-0.015514824907724045,0.0,0.506434956027371,0.31494739684032824,0.1786176471323008,0.0
2021-06-14 00:00:00+00:00,659.25,717.5,653.0,682.0,1088097,50.431965442764586,0.4888337066535569,665.875,662.535,676.1005899126924,706.0910284882839,625.6589715117161,2.7193331674361616,3.1235453479708384,-0.4042121805346768,-0.0294442399705557,-0.0831015299026425,31.27857142857143,8.877143666000011,6.116915809387755,30.912857142857142,8.625714595142881,5.457348684081632,5.0,0.0,0.0,0.0,5.043357849121094,5.13640022277832,5.01830005645752,5.117000102996826,0,25.360689613351923,0.124250239299796,5.044600009918213,5.307700157165527,-0.0062643119600519,0.1307530175168121,256.974,-0.0909769525053838,2.2851297401217163,0,0,0,0,0,0,6,24,1.2246467991473532e-16,-1.0,0.2393156642875576,-0.970941817426052,16.389999389648438,-0.0018287531542136,16.992499828338623,1.0,3373.3823179006577,-0.5354542434998061,679.25,656.75,20.809285714285714,11.528571293714307,14.823167700800909,33.139238038245544,3565.7900109378265,3316.223237505777,62.391693358012304,3441.7541053557193,36.25665435261237,0.42550007373386933,0.4686576178510365,0.3825252147477255,1.1123451375382778,0.09783845278725825,0.10951177173051349,0.07686691133091536,1.2728290803538178,1.5899711573088484,-0.7403912884924803,0.1767351125131999,0.16537400047156078,1.0686994407963086,-0.004103949193779877,0.0,0.27784077305852434,-0.004103949193779877,0.0,0.36707109790644743,0.35508812903502823,0.27784077305852434,0.0
2021-06-21 00:00:00+00:00,659.25,687.75,629.5,662.75,850353,42.25721784776904,0.4696702545542832,665.625,671.795,668.5713594208927,708.2600794534505,622.9899205465495,-3.273755901744721,-0.0583483174238226,-3.2154075843208987,0.0,-0.0079006772009029,30.599999999999998,9.111428623428582,6.678335355510204,31.412857142857142,23.720001530857168,6.047876609183673,4.0,0.0,0.4,0.0,5.058800220489502,5.101099967956543,4.980167865753174,5.0960001945495605,0,37.98327552620326,0.1290005150135861,5.117000102996826,5.281300067901611,0.0122893939620878,0.126057441156106,256.974,-0.0909769525053838,2.2851297401217163,0,0,0,0,0,0,6,25,1.2246467991473532e-16,-1.0,0.120536680255323,-0.992708874098054,17.889999389648438,0.0875705078872427,16.864999771118164,1.0,3359.538128256798,1.3199163487141639,659.25,679.25,15.189285714285713,51.41999908571431,15.893470245449699,32.53154536034952,3478.6605547283452,3321.100169160529,39.3900963919542,3408.867714516151,0.0,0.13283016758257193,0.46733592600291896,0.36864369640852535,0.36032126759102073,0.08835798255593477,0.08473126096200698,0.0769379738633548,1.1484312184845187,1.275849036391145,-0.7278922714293085,0.17134441536552614,0.16532612838385308,1.036402452996875,-0.011663927507976513,0.0,0.2086311387520827,-0.011663927507976513,0.0,0.45839551417091867,0.33297334707699866,0.2086311387520827,0.0
2021-06-28 00:00:00+00:00,675.5,676.5,634.0,662.75,623618,48.93111638954869,0.4550140240967325,668.925,679.21,664.4054566698309,703.4183632060605,634.4316367939394,-3.9406899674850138,-2.8358104407627223,-1.1048795267222915,0.0246492226014409,0.0165537998495108,28.014285714285712,38.16285799714287,5.472108971428571,29.589285714285715,36.128571974285734,6.557911696938775,1.8,0.0,0.0,0.0,5.012899875640869,5.042500019073486,4.89300012588501,4.91540002822876,0,37.70368135184068,0.1403411634132712,5.0960001945495605,5.2382001876831055,0.0175391309722445,0.1316768724769617,256.974,-0.0909769525053838,2.2851297401217163,0,0,0,0,0,0,6,26,1.2246467991473532e-16,-1.0,-3.216245299353273e-16,-1.0,15.760000228881836,-0.1267667644510227,16.614999771118164,1.0,3320.352719068527,1.844890049729834,659.25,659.25,15.017142857142858,8.817142744000018,16.77707124343912,32.763611593506695,3457.7649987909017,3282.1438621905627,43.90528415008486,3373.4617163371017,0.0,0.06112690246560216,0.46582962521117116,0.3696410186494406,0.16536828362625722,0.06291635825314582,0.08689231884314204,0.07748955674275267,0.8119332820896198,0.9693620636121456,-0.7110613009223895,0.16010248273049837,0.17233654945226967,0.9290105549243042,0.062395283273298796,1.0,0.9144924209019574,0.062395283273298796,1.0,0.020436908044513064,0.0650706710535296,0.9144924209019574,2.0
2021-07-05 00:00:00+00:00,697.25,744.5,668.0,678.25,86410,58.675799086758,0.4440318405060599,675.075,686.35,678.7594136119674,722.9218224760506,627.2281775239495,7.45351760102676,1.72766530113075,5.72585229989601,0.0954438334642575,0.0532477341389727,29.034285714285716,37.017143277142864,4.7059286914285705,27.621428571428574,91.43143062571431,4.976029319183674,3.0,0.0,0.0,0.0,4.924499988555908,5.090099811553955,4.922471046447754,5.059199810028076,0,50.059181284789,0.1393692098869844,4.91540002822876,5.076300144195557,0.0005494148414223,0.139742650164361,256.974,-0.0909769525053838,2.2851297401217163,0,1,0,0,1,0,7,27,-0.4999999999999997,-0.8660254037844388,-0.1205366802553228,-0.992708874098054,15.06999969482422,-0.0447691065648376,16.277499675750732,1.0,3527.527067542076,0.1459184366476138,675.5,659.25,15.900714285714287,19.477142908000026,17.476707200083602,36.54863217622977,3577.2635951437214,3213.136521240308,91.03176847585348,3435.087856819092,66.11254105753784,0.22665871006773478,0.3919869785010353,0.3698377540452283,0.612859832345342,0.10971674435281463,0.087518575974078,0.07838142644299201,1.3997797097353946,0.14525743143642225,-0.810686462323709,0.21414439382244307,0.18044493349220883,1.1867575210368215,-0.0024598913260180932,0.0,0.29463157731736733,-0.0024598913260180932,0.0,0.34818985632047167,0.35717856636216094,0.29463157731736733,1.0
2021-07-12 00:00:00+00:00,669.25,685.25,619.5,685.25,3755,52.03252032520325,0.507128995671245,665.675,682.865,667.1483411612932,716.9631693550424,614.3868306449575,-3.3568787212069537,-0.2882099091694233,-3.0686688120375303,-0.0401577626389386,-0.0425608011444921,26.93,23.857143060000013,5.185352,29.514285714285712,45.754285911428596,4.933882961836735,1.2000000000000002,0.0,0.0,0.0,5.088779926300049,5.309000015258789,5.075799942016602,5.257900238037109,0,76.49354978877739,0.1562640252679396,5.059199810028076,5.054500102996826,0.0027904351687718,0.1420686309530976,256.974,-0.0909769525053838,2.2851297401217163,0,1,0,0,2,0,7,28,-0.4999999999999997,-0.8660254037844388,-0.2393156642875574,-0.970941817426052,16.170000076293945,0.0704516859194011,16.22249984741211,1.0,3518.8497343063354,0.3700204693825638,697.25,675.5,24.452142857142857,38.808570829714306,18.253325168741803,37.142545320436156,3645.680230946101,3217.4535936407674,107.05665932633336,3468.5926078139896,77.05049159851595,0.22595079672819218,0.3479524315537639,0.3694573590386274,0.6115747462721974,0.0982443033246171,0.0914147682547541,0.08175099188145515,1.2017504503134828,0.006725640955374043,-0.8600906441594087,0.21313816405623126,0.1923989244915096,1.1077928504101817,-0.19173521906377422,0.0,3.2418108991156066e-05,-0.19173521906377422,0.0,0.9998547285120135,0.00011285337899533086,3.2418108991156066e-05,0.0
2021-07-19 00:00:00+00:00,556.0,687.0,548.75,669.5,309043,31.03174603174604,0.7160623685114498,653.0875,668.995,640.7101236970234,748.037802097587,558.1371979024129,-21.345809786380187,-8.302613270788777,-13.04319651559141,-0.1692192753081808,-0.1216429699842022,27.608571428571427,37.7342862157143,4.2193250028571425,25.465,70.60285798571431,4.732408543469388,0.6000000000000001,0.0,0.0,0.0,5.172800064086914,5.23799991607666,5.055826187133789,5.1153998374938965,0,66.81369435459108,0.167368136904686,5.257900238037109,5.007400035858154,-1.8953958251394625e-05,0.1561746438989867,256.974,-0.0909769525053838,2.2851297401217163,0,1,0,0,3,0,7,29,-0.4999999999999997,-0.8660254037844388,-0.3546048870425356,-0.9350162426854148,22.5,0.3303576309031187,17.375,1.0,2844.1623096466064,0.08908155668024434,669.25,697.25,15.171428571428573,51.99142832285717,18.718594512693947,39.30127516980894,3943.3854770140674,2662.060438267705,320.3312596865905,3218.8204885470363,22.283412452490396,0.7503678437611965,0.5753068842044324,0.5106435544171826,1.469455205251868,0.24865107913669066,0.12157729352464057,0.09235706182002486,2.692279803123621,0.5614148738254744,-0.946045949210243,0.23887491580162742,0.18377057745346215,1.2998539054141067,0.004705468279578184,0.0,0.37408615873785994,0.004705468279578184,0.0,0.27184667713755856,0.35406716412458156,0.37408615873785994,2.0
2021-07-26 00:00:00+00:00,549.75,579.0,536.75,558.0,391420,28.686058174523566,0.8339597011893091,629.6875,649.96,608.7874101487881,754.7980695185864,504.5769304814136,-31.35504856027308,-21.9441343817866,-9.410914178486475,-0.0112410071942445,-0.1584385763490241,30.568571428571428,9.131428822857156,5.060287447346939,27.879285714285714,53.44285816285716,4.45590944244898,4.6,0.0,0.0,0.0,5.250500202178955,5.291500091552734,5.157700061798096,5.19789981842041,0,58.87971524741749,0.1702953811380798,5.1153998374938965,4.912700176239014,0.0010561356028544,0.1627425721735862,256.974,-0.0909769525053838,2.2851297401217163,0,1,0,0,4,0,7,30,-0.4999999999999997,-0.8660254037844388,-0.464723172043768,-0.8854560256532101,17.579999923706055,-0.2467534212931584,17.829999923706055,1.0,2857.5454251766205,0.1965905127908238,556.0,669.25,22.03142857142857,34.67714264000003,19.309606848280513,40.213635362908825,3963.4754057557757,2410.5668625800436,388.22713579393314,3074.3104631988704,24.40004888254633,0.7554679075661986,0.5221185700254374,0.5034322461340893,1.5006346898935683,0.0768531150522965,0.11927632002391293,0.09361122199741843,0.8209817712303575,0.6877247147357576,-0.9455146065155481,0.2432078949283135,0.18368279892884987,1.324064545542315,0.018482925927634675,1.0,0.5434268791922726,0.018482925927634675,1.0,0.1578721525177614,0.29870096828996595,0.5434268791922726,2.0
2021-08-02 00:00:00+00:00,558.75,564.0,540.25,554.0,350204,21.67664670658684,0.7807403781648848,592.425,638.825,586.707335587931,694.4858822429643,490.3641177570356,-29.794970394078973,-28.114353672834465,-1.6806167212445082,0.0163710777626193,-0.2236887808266759,29.108571428571427,12.097142514285729,5.503562557959183,30.606428571428573,12.614285394285739,5.350553593265306,3.0,0.0,0.6000000000000001,0.0,5.1753997802734375,5.214300155639648,5.042596817016602,5.208700180053711,0,52.96444922608156,0.1739905957747956,5.19789981842041,5.045102119445801,-0.0003270788776288,0.1666463479327422,256.974,-0.0909769525053838,2.2851297401217163,0,1,0,0,5,0,8,31,-0.8660254037844385,-0.5000000000000004,-0.5680647467311556,-0.8229838658936566,19.459999084472656,0.1015991417940156,18.927499771118164,1.0,2910.361225605011,0.058269064742503804,549.75,556.0,25.935714285714287,61.1342844657143,20.038434056225547,38.433032139126695,3683.4051402872137,2382.054207080073,325.3377333017852,3008.7307681613265,8.831660106744977,0.7721669058712164,0.5193009885614716,0.49533559465475746,1.5588762419156337,0.042505592841163314,0.11519416694151643,0.09280201574320728,0.45802440734193295,0.6109466005274699,-0.948092691265104,0.18591976408987593,0.17655172097103164,1.0530611230335736,-0.010807350852710451,0.0,0.21579060691528107,-0.010807350852710451,0.0,0.44778297219096763,0.3364264208937513,0.21579060691528107,0.0
2021-08-09 00:00:00+00:00,550.25,563.5,540.25,555.75,545325,37.85310734463277,0.7492062027530055,568.0125,629.45,572.8898914208881,646.1435429241965,489.8814570758036,-24.25521753916689,-26.830147140997585,2.574929601830693,-0.0152125279642058,-0.1262405716554188,29.32857142857143,13.822857187428584,4.9390200840816325,26.576428571428576,31.379999176571452,5.34928185,2.6,0.0,0.0,0.0,5.174600124359131,5.296500205993652,5.110000133514404,5.23199987411499,0,48.10432433673353,0.1821950698183176,5.208700180053711,5.257999897003174,0.0249403423484931,0.1899373712926805,256.974,-0.0909769525053838,2.2851297401217163,0,0,0,0,0,0,8,32,-0.8660254037844385,-0.5000000000000004,-0.663122658240795,-0.7485107481711013,16.719999313354492,-0.1517554631219921,19.0649995803833,1.0,2878.9079307317734,2.5850111873546937,558.75,549.75,19.51,66.62285562714288,20.460240153980582,37.97799775444571,2930.49032689185,2814.9981186881555,28.87305205092374,2956.8016331895055,8.57121827190548,0.6985510291869446,0.5194450225197067,0.4955464729716901,1.4096579295606702,0.04225352112676056,0.10170152229630562,0.09366241493251434,0.4511256371720578,0.9650448739451163,-0.954430958028454,0.17267546016955357,0.17689361635160256,0.9761542217826167,0.029392277901524988,1.0,0.6725219884655934,0.029392277901524988,1.0,0.09800293004077366,0.22947508149363294,0.6725219884655934,2.0
2021-08-16 00:00:00+00:00,564.75,589.5,544.0,548.5,733425,59.523809523809526,0.429366925191619,556.475,618.255,568.5732846120528,573.8432256767757,539.1067743232244,-15.381437118934514,-21.15872260366301,5.777285484728498,0.0263516583371195,0.0157374100719425,29.275714285714283,26.33714321914287,4.9841859355102045,29.98071428571429,31.057143922285736,4.93777503,2.8000000000000003,0.0,0.0,0.0,5.231599807739258,5.29010009765625,5.158999919891357,5.247499942779541,0,57.05894490937119,0.1675101464476212,5.23199987411499,5.110000133514404,-0.0025198125445112,0.1835307968304788,256.974,-0.0909769525053838,2.2851297401217163,0,0,0,0,0,0,8,33,-0.8660254037844385,-0.5000000000000004,-0.7485107481711011,-0.6631226582407952,16.1200008392334,-0.0365447774491335,17.46999979019165,1.0,2963.525592684746,-0.16100430194573623,550.25,558.75,30.912857142857142,8.625714595142881,21.07446429151179,37.53149105559668,2994.6965153709116,2810.4735717281637,46.0557359106869,2959.491216987602,82.74355800401229,0.7276296502365814,0.5298373606411574,0.4928108352942262,1.4764887120172037,0.08056662239929172,0.09816598611124053,0.09636472867707882,0.8360591592457167,1.2827881203246898,-0.9505900672657974,0.1164491306490403,0.15711418018313233,0.7411751320062636,-0.023493467474536844,0.0,0.12734133017064994,-0.023493467474536844,0.0,0.6046010045530134,0.2680576652763367,0.12734133017064994,0.0
2021-08-23 00:00:00+00:00,538.0,569.5,531.5,567.5,355554,41.935483870967744,0.2189920728640587,553.5625,604.52,560.5036293065768,570.297174843174,536.827825156826,-14.189382148368397,-16.201429348144213,2.012047199775818,-0.0473660911907923,-0.016902695294655,30.237142857142857,7.362857182285726,5.058821971836735,27.420714285714286,39.84000024114288,5.016526410612245,4.0,0.0,0.4,0.0,5.259600162506104,5.471799850463867,5.235044956207275,5.379000186920166,0,72.46150202367204,0.1390928294232615,5.247499942779541,5.1996002197265625,-0.0008952987516378,0.1625881372395735,256.974,-0.0909769525053838,2.2851297401217163,0,0,0,0,0,0,8,34,-0.8660254037844385,-0.5000000000000004,-0.8229838658936564,-0.5680647467311559,17.149999618530273,0.0619373622287098,17.362499713897705,1.0,2893.9021005630493,0.0014470773416038057,564.75,550.25,31.412857142857142,23.720001530857168,21.483899775008727,37.68042713208354,2985.428459688667,2837.919965103623,36.877123646260934,2933.255570417781,57.62161699161804,0.1538088135711369,0.5302614416476876,0.4937439727179869,0.3115153175628437,0.07063197026022305,0.06256216433594701,0.09526460554526396,0.7414292269584927,0.6397703438337684,-0.9447879210654236,0.0718038652748369,0.16395433602300857,0.4379503625037197,-0.0287119285017422,0.0,0.10105141224799367,-0.0287119285017422,0.0,0.6649866147113069,0.23396197304069952,0.10105141224799369,0.0
2021-08-30 00:00:00+00:00,540.25,560.0,531.5,539.5,417521,45.21276595744681,0.2160060410592508,552.8125,593.695,556.0804476976416,570.4199707529867,535.2050292470133,-10.679859629400426,-13.077614378967189,2.3977547495667637,0.0041821561338291,-0.0123400365630712,30.685714285714287,27.982857640000013,4.757499711020408,28.344285714285714,24.225714556571454,4.92759008755102,4.4,0.0,0.0,0.0,5.380099773406982,5.381400108337402,5.182000160217285,5.2027997970581055,0,47.46943415319374,0.1608692103173443,5.379000186920166,5.080399990081787,-0.006504175036656,0.145079598593996,256.974,-0.0909769525053838,2.2851297401217163,0,0,0,0,0,0,8,35,-0.8660254037844385,-0.5000000000000004,-0.8854560256532096,-0.4647231720437691,16.190000534057617,-0.0576043506923909,16.545000076293945,1.0,2810.8125903606415,-0.5594405511602162,538.0,564.75,29.589285714285715,36.128571974285734,21.926505319478213,36.81238115946986,3012.079388630363,2761.494718539742,62.64616752265532,2884.2783783949258,31.48166364557899,0.18568284016256736,0.5302724246431078,0.4930549406250954,0.37659664491180656,0.052753354928273946,0.057742212311142495,0.09414568278201157,0.5603374235125236,0.7928199005065666,-0.9335318765876993,0.15103198413876295,0.17109383260806202,0.8827435390807352,-0.06204408642069836,0.0,0.020791419009200507,-0.06204408642069836,0.0,0.9131092793208218,0.06609930166997774,0.020791419009200507,0.0
2021-09-06 00:00:00+00:00,508.0,542.0,506.75,540.0,15613,23.04038004750593,0.2367341308699707,546.15,582.44,543.3480726878428,580.508175308473,511.79182469152687,-15.636366414984424,-13.57428537537821,-2.0620810396062126,-0.089605734767025,-0.0859199280251912,25.81714285714286,22.845715031428583,4.008734966938776,29.37714285714286,60.84571605828574,4.620629404693878,0.2,0.0,0.0,0.0,5.183199882507324,5.208700180053711,5.115799903869629,5.189799785614014,0,43.62574106396655,0.1448824579002365,5.2027997970581055,5.245200157165527,-0.0093358486347791,0.1490513880996437,256.974,-0.0909769525053838,2.2851297401217163,0,0,1,0,0,1,9,36,-1.0,-1.8369701987210294e-16,-0.9350162426854148,-0.3546048870425359,16.40999984741211,0.0134970951271045,16.46750020980835,1.0,2636.418291091919,-0.8426079109725262,540.25,538.0,27.621428571428574,91.43143062571431,22.407191612230775,38.36291889487734,3108.2893377096457,2544.039949640532,141.06234701727837,2785.134343473723,20.551987235420512,0.24238681213897306,0.5401248717953022,0.4985166723956079,0.4862160499307467,0.06938976377952756,0.06311904649881535,0.0945746304304474,0.7337037017926445,0.03242028887550868,-0.8890873272465741,0.1510098221874142,0.1698439537184589,0.8891091498414097,-0.011368049289062765,0.0,0.21108420455047497,-0.011368049289062765,0.0,0.454724969845577,0.3341908256039481,0.21108420455047497,0.0
2021-09-13 00:00:00+00:00,496.75,509.0,487.75,509.0,2032,29.629629629629637,0.2448437634248207,531.075,563.305,525.5018899959365,580.6715565443205,481.4784434556795,-19.550644196359823,-17.301707104471383,-2.2489370918884437,-0.0221456692913385,-0.1238977072310405,27.907142857142862,9.782857485714299,4.452251703673469,25.820714285714285,41.44571541714288,3.8116171946938775,2.2,0.0,0.6000000000000001,0.6,5.169099807739258,5.330900192260742,5.1631622314453125,5.247000217437744,0,40.56510968346467,0.1659597345585329,5.189799785614014,5.252200126647949,0.0015426547188389,0.1392111237413537,256.974,-0.0909769525053838,2.2851297401217163,0,0,1,0,0,2,9,37,-1.0,-1.8369701987210294e-16,-0.970941817426052,-0.2393156642875577,19.3700008392334,0.1658346249418271,17.28000020980835,1.0,2606.4473580121994,0.2452424243892738,508.0,540.25,29.514285714285712,45.754285911428596,22.627418881487777,38.56180899308802,3013.1249316325184,2460.665238381386,138.11492331278305,2713.6595492891142,0.0,0.24212277016790829,0.4991520824417776,0.44630508622715465,0.5425050536386341,0.042778057372924005,0.06322395374804804,0.09026606819990184,0.4739106675066618,0.004603683875993599,-0.9227142079397601,0.1553062394903699,0.16914027079110228,0.9182096586571344,0.05887463364134149,1.0,0.8996851999203483,0.05887463364134149,1.0,0.024275049459894116,0.07603975061975754,0.8996851999203483,2.0
2021-09-20 00:00:00+00:00,521.75,537.5,497.0,497.0,620892,41.74107142857143,0.3130637105473203,523.15,550.135,524.7350129972418,564.433805924118,481.86619407588194,-10.697178694418085,-14.606736578401907,3.909557883983823,0.0503271263210871,-0.0513636363636363,28.114285714285717,5.725714371428584,4.5607426220408165,29.856428571428577,4.285714285714315,4.778367282857142,2.2,0.0,0.6000000000000001,0.0,5.2129998207092285,5.344799995422363,5.192440986633301,5.289700031280518,0,59.35530059629716,0.1881123298558648,5.247000217437744,5.414100170135498,0.009671237866756,0.1931849696029895,256.974,-0.0909769525053838,2.2851297401217163,0,0,1,0,0,3,9,38,-1.0,-1.8369701987210294e-16,-0.992708874098054,-0.1205366802553235,25.709999084472656,0.2831544649226646,19.420000076293945,2.0,2759.90099132061,1.0581007391809838,496.75,508.0,25.465,70.60285798571431,23.09380660341944,36.3504480442252,2898.7276538744054,2508.0619615182795,97.6664230890315,2732.1561261017127,34.80397327661417,0.3205991142888794,0.535569163623539,0.44176410766797714,0.7257246604393446,0.0776233828461907,0.06263530583742784,0.08854805673449542,0.8766242528923693,1.3600036798769572,0.1473221150456895,0.15720927980046182,0.16971839522966276,0.9262948210462288,0.04326620825533145,1.0,0.8042875576242584,0.04326620825533145,1.0,0.05149949046851431,0.14421295190722727,0.8042875576242584,2.0
2021-09-27 00:00:00+00:00,539.5,540.0,512.75,522.0,565505,72.264631043257,0.3256350708826126,517.825,539.905,526.2271447124981,548.0269954029044,487.6230045970957,-4.6352670569978045,-9.439462578693528,4.804195521695723,0.0340201245807378,-0.0239710538218,23.147142857142857,22.75142918857144,3.845639473877551,29.516428571428573,16.128571651428594,4.402829679795919,0.6000000000000001,0.0,0.2,0.2,5.323400020599365,5.362299919128418,5.248198986053467,5.336999893188477,0,63.38384069023677,0.1684244347957778,5.289700031280518,5.251599788665772,0.0062390295633557,0.1848717198040222,256.974,-0.0909769525053838,2.2851297401217163,0,0,1,0,0,4,9,39,-1.0,-1.8369701987210294e-16,-1.0,-1.8369701987210294e-16,18.76000022888184,-0.3151530298894183,20.0625,1.0,2879.311442375183,0.7148799088409539,521.75,496.75,27.879285714285714,53.44285816285716,23.508169311032933,35.04581085759317,2970.4561786472896,2470.582862752666,124.96832897365594,2791.018252611101,57.176722973199276,0.3631357418075485,0.2634611762409901,0.4524962814694913,0.8025165037889206,0.0505097312326228,0.05861085803190778,0.08806552190575223,0.5735471090628095,1.167346339720354,0.5406215813563066,0.1333725121062987,0.15833876403842734,0.8423237638175122,0.008120144749717673,0.0,0.41483991452225694,0.008120144749717673,0.0,0.23939354776301094,0.34576653771473215,0.41483991452225694,2.0
2021-10-04 00:00:00+00:00,540.75,548.5,527.25,538.75,723707,69.71279373368145,0.2988741418250915,521.65,537.49,531.0479554240875,554.9877453220697,488.3122546779302,0.3427442115551002,-3.837368027218949,4.180112238774049,0.0023169601482855,0.0474576271186439,25.96,14.717143191428582,3.8776176583673467,24.680000000000003,50.57714428000002,3.6700181224489796,0.8,0.0,0.4,0.0,5.390399932861328,5.455031871795654,5.360000133514404,5.367899894714356,0,66.3911475505914,0.1621741429624495,5.336999893188477,5.18179988861084,0.0065984474367942,0.1603239512449179,256.974,-0.0909769525053838,2.2851297401217163,0,0,1,0,0,5,10,40,-0.8660254037844386,0.5000000000000001,-0.992708874098054,0.1205366802553232,22.959999084472656,0.2020265757978775,21.699999809265137,1.0,2902.691868066788,0.7508216961848039,539.5,521.75,30.606428571428573,12.614285394285739,23.583771290966297,36.04783236871619,3058.4783903702833,2515.697439517107,135.69523771329406,2835.687698793376,90.81253395248366,0.34505283659088865,0.26383243145101754,0.4094072369335875,0.8428107689233498,0.039297272306981046,0.055919641507649206,0.07941735870117791,0.49481962132042023,1.460115545127031,0.5366504969548571,0.03772816517099901,0.15827606706198602,0.23836934722752473,0.011191592067214762,0.0,0.452538227614273,0.011191592067214762,0.0,0.21255720019529473,0.33490457219043235,0.452538227614273,2.0
2021-10-18 00:00:00+00:00,532.75,533.75,506.75,532.75,790087,50.17421602787456,0.206573906801751,530.2875,532.665,528.2920583923681,547.0122649657402,513.5627350342598,-1.997582659739351,-1.7710278106634505,-0.2265548490759004,-0.0004690431519699,0.0104314841156947,19.962857142857143,20.168572002857154,2.9136495510204083,24.90142857142857,34.3228585314286,2.781357573469388,0.0,0.0,0.0,0.0,5.535399913787842,5.560800075531006,5.432799816131592,5.458399772644043,0,58.14173095280511,0.1071102916780191,5.506899833679199,5.256800174713135,-0.0018324490392706,0.1101500285195392,256.974,-0.0909769525053838,2.2851297401217163,0,0,1,0,0,7,10,42,-0.8660254037844386,0.5000000000000001,-0.9350162426854148,0.3546048870425355,16.309999465942383,-0.2039538896652516,19.50749969482422,1.0,2907.962478876114,-0.0922679514216762,533.0,540.75,29.98071428571429,31.057143922285736,23.675623842711254,36.08247213496541,2952.156397452714,2860.415302881835,22.935273642719757,2888.4751898403047,86.5598810133333,0.19570587319571578,0.2613200432167319,0.4062026927160786,0.48179362640161283,0.050680431722196155,0.05009495911878385,0.0756347527843039,0.6700679668517928,1.593836204561852,0.547247387402865,0.08817460862650577,0.156684089219377,0.5627540322585669,0.04515433124227397,1.0,0.8187225548958471,0.04515433124227397,1.0,0.04707847960871159,0.1341989654954413,0.8187225548958471,2.0
2021-10-25 00:00:00+00:00,538.0,542.0,528.5,532.0,584748,50.318471337579616,0.1955201426130777,532.275,530.4,531.2595902974202,547.8675927083918,516.6824072916081,0.8307507857853125,-0.6022097799141013,1.4329605656994138,0.0098545283904269,0.0213573801613669,15.267142857142858,22.648572102857152,2.5490600017959184,18.010714285714286,47.794286734285734,2.773212791061224,0.0,0.8,0.4,0.0,5.511300086975098,5.752200126647949,5.508457183837891,5.649199962615967,0,75.21866211181953,0.1146529108257423,5.458399772644043,5.3018999099731445,-0.0098081306496832,0.1127380081263831,256.974,-0.0909769525053838,2.2851297401217163,0,0,1,0,0,8,10,43,-0.8660254037844386,0.5000000000000001,-0.8854560256532101,0.464723172043768,15.239999771118164,-0.0678548486487325,18.6274995803833,1.0,3039.26957988739,-0.8898361124629361,532.75,533.0,27.420714285714286,39.84000024114288,23.310145806775967,36.83807307685704,3073.4942646255226,2819.05650446513,63.60944004009811,2948.7929458591393,87.30568810515652,0.16761584078798974,0.2727625797845727,0.41496015056309465,0.40393236921958386,0.02509293680297398,0.03958886991014052,0.07295123252839077,0.34396860057878315,1.217148077523882,0.5095293531419836,0.1228122420059898,0.14962003629164852,0.820827456279466,0.07325531771970328,1.0,0.948473904375407,0.07325531771970328,1.0,0.011976431374249554,0.03954966425034345,0.948473904375407,2.0
2021-11-01 00:00:00+00:00,579.0,582.0,533.0,538.0,884998,79.42708333333333,0.1954188815975039,538.2875,531.145,544.0631511747265,571.8968169256971,504.6781830743029,9.058369626699571,3.861725394677815,5.196644232021758,0.0762081784386616,0.0692520775623268,12.42,53.645716135714295,1.5499211234693877,12.717857142857143,58.36000226857145,2.197519903142857,0.0,2.0,0.0,0.0,5.553699970245361,5.686200141906738,5.53280782699585,5.633699893951416,0,59.01791153034964,0.1363661334370795,5.649199962615967,5.441699981689453,-0.0015212234053217,0.1166665409151116,256.974,-0.0909769525053838,2.2851297401217163,0,0,1,0,0,9,11,44,-0.5000000000000004,0.8660254037844384,-0.822983865893657,0.5680647467311548,16.40999984741211,0.0739673605635226,16.989999771118164,1.0,3261.91223859787,-0.06114538802678619,538.0,532.75,28.344285714285714,24.225714556571454,22.626772344587657,38.22658463761281,3357.754773453225,2714.4061809029686,160.83714813756413,3074.040662954632,93.42074443007661,0.23118864705954342,0.3034790551855413,0.43245269950859394,0.5345986785982876,0.0846286701208981,0.04641265768779558,0.07229074339507276,1.1706707448240024,1.881894380831387,0.380138105840809,0.13334567041383197,0.14945939707882933,0.8921865342574355,-0.06315178326235416,0.0,0.0196932583464679,-0.06315178326235416,0.0,0.9174041874659618,0.06290255418757035,0.0196932583464679,0.0
2021-11-08 00:00:00+00:00,551.5,586.0,549.5,578.25,832541,61.772853185595565,0.2168080802298231,544.9625,532.27,549.97846479815,583.4248106704049,506.5001893295951,7.765165205387348,7.340429478672652,0.4247357267146956,-0.0474956822107081,0.0395852968897265,12.734285714285715,8.517143045714292,1.5884230308163265,13.818571428571428,92.89143138857145,1.5587170022857142,0.0,2.6,2.8,2.8,5.678800106048584,5.695700168609619,5.522600173950195,5.541100025177002,0,52.15069120142061,0.146986783915958,5.633699893951416,5.517000198364258,-0.0019860541401264,0.1370377084464315,256.974,-0.0909769525053838,2.2851297401217163,0,0,1,0,0,10,11,45,-0.5000000000000004,0.8660254037844384,-0.7485107481711011,0.6631226582407952,17.219999313354492,0.04818056332117,16.294999599456787,1.0,3055.9166638851166,-0.1076284615072562,579.0,538.0,29.37714285714286,60.84571605828574,22.0585013177479,41.75334894412627,3358.779333265161,2773.7511473580844,146.25704647676903,3066.791063326826,60.28160608032999,0.3761777935235834,0.34062311084058355,0.4444573015195529,0.8463755320785948,0.06618313689936536,0.05178983060627244,0.07118200111224429,0.929773349547593,1.7737068210208788,0.36567427991570006,0.16095670588846805,0.15280835933155715,1.0533238892120562,0.029578621851114262,1.0,0.6745706643869419,0.029578621851114262,1.0,0.09718238438176166,0.22824695123129646,0.6745706643869419,2.0
2021-11-15 00:00:00+00:00,576.5,582.0,547.75,551.0,1012284,68.43575418994413,0.2028595481638459,556.825,536.935,558.0400375035374,588.1081298071003,525.5418701928998,9.512663720934713,8.178833611994103,1.3338301089406084,0.0453309156844967,0.096528768426058,9.257142857142856,12.742857322857152,1.6858146735918367,15.08642857142857,5.280000097142866,1.6296471332653062,0.0,3.8,0.8,0.0,5.543000221252441,5.545199871063232,5.391600131988525,5.457600116729736,0,42.789033294828165,0.1702322081675507,5.541100025177002,5.512199878692627,-0.0108770510429457,0.1627824240868321,256.974,-0.0909769525053838,2.2851297401217163,0,0,1,0,0,11,11,46,-0.5000000000000004,0.8660254037844384,-0.6631226582407955,0.7485107481711007,16.489999771118164,-0.0433173364332308,16.339999675750732,1.0,3146.306467294693,-0.9967281517891862,551.5,579.0,25.820714285714285,41.44571541714288,21.608690172824073,39.40022966367573,3330.198133542608,2921.5043412899267,102.17344806317044,3098.597224913973,68.32470479826056,0.3811574796819931,0.2884539708359941,0.44757367301986345,0.8516083365542232,0.05941023417172593,0.05719908194343189,0.07100669490817328,0.8366848489668118,2.0709046997472735,0.34827199673278086,0.15106129379405234,0.14099421951089716,1.071400541129076,0.028663383163772593,1.0,0.6644456532354623,0.028663383163772593,1.0,0.10127211884602043,0.23428222791851727,0.6644456532354623,2.0
2021-11-22 00:00:00+00:00,576.75,584.0,568.0,576.0,796963,52.74725274725275,0.1944321088669342,566.275,544.48,564.1244446017547,586.419804737112,546.1301952628879,8.849778030554262,8.782082931938588,0.0676950986156743,0.0004336513443192,0.0720260223048327,8.82,9.257142852000008,1.5655907984489796,5.907857142857142,30.708571796571448,1.6330929640816325,0.0,4.4,0.8,0.8,5.456200122833252,5.6143999099731445,5.429200172424316,5.611599922180176,0,44.58394731994843,0.17156607632113,5.457600116729736,5.657800197601318,0.0109806832895097,0.1787016385261601,256.974,-0.0909769525053838,2.2851297401217163,0,0,1,0,0,12,11,47,-0.5000000000000004,0.8660254037844384,-0.5680647467311559,0.8229838658936564,19.170000076293945,0.1505924383459457,17.322499752044678,1.0,3236.4902551174164,1.189045281456354,576.5,551.5,29.856428571428577,4.285714285714315,20.595733203148786,38.83947754321739,3362.5556257178177,2987.75718672973,93.69960974702197,3153.7544369953507,66.18654360012962,0.3705294343037379,0.27936476538803123,0.438022685976671,0.845913779598928,0.027741655830082357,0.052611326765009125,0.06690794048203667,0.4146242057964455,1.5199352481337682,0.3227928627384441,0.17345489027930097,0.14054081876101635,1.2341957266685368,0.006686733827724334,0.0,0.3975549465842468,0.006686733827724334,0.0,0.25268621570465527,0.349758837711098,0.3975549465842468,2.0
2021-11-29 00:00:00+00:00,581.0,589.0,566.75,576.25,783679,73.046875,0.178295142639936,571.0875,549.175,570.054497585601,590.9178827232112,551.2571172767888,9.342601671911892,9.084826669963114,0.2577750019487794,0.0179588261060008,0.03243003109729,8.055714285714286,4.59428577085715,1.6688958119183674,9.281428571428572,12.588571387428589,1.6091180838367347,0.0,3.6,1.6,0.0,5.5858001708984375,5.660099983215332,5.546894073486328,5.607800006866455,0,55.97195838827632,0.1566015475514257,5.611599922180176,5.644899845123291,0.0098854854465299,0.1720896629312516,256.974,-0.0909769525053838,2.2851297401217163,0,0,1,0,0,13,11,48,-0.5000000000000004,0.8660254037844384,-0.4647231720437684,0.88545602565321,22.959999084472656,0.1804069705390658,18.95999956130981,1.0,3258.1318039894104,1.0795254971583736,576.75,576.5,29.516428571428573,16.128571651428594,19.86577806561845,37.145870694456825,3359.3008969993193,2989.121698143999,92.5447997138301,3195.5053837929745,49.53695059056034,0.3601788632193105,0.26563431344866717,0.4383748715272293,0.8216229496646884,0.0382960413080895,0.05525194766603223,0.06391052738121031,0.5992132577396938,1.391138827730409,0.11953635540876156,0.128831754423342,0.1288132481788231,1.000143589602347,0.01187823222738671,0.0,0.46105693680813636,0.01187823222738671,0.0,0.20686753144000927,0.3320755317518544,0.46105693680813636,2.0
2021-12-13 00:00:00+00:00,584.25,592.0,576.75,584.0,8130,55.76923076923077,0.1613625332081443,579.45,559.34,578.4067131724747,592.5584544836182,566.3415455163819,7.23049981506233,7.598950342276667,-0.3684505272143363,0.0012853470437017,0.0258999122036873,6.1814285714285715,9.43142864000001,1.279505439387755,8.651428571428571,10.448571453714314,1.4661165148979591,0.0,5.0,0.4,0.0,5.688000202178955,5.689799785614014,5.5152997970581055,5.60866117477417,0,52.0695737610073,0.1285087327511045,5.65009880065918,5.3979997634887695,0.0012001342429048,0.1242449645029708,256.974,-0.0909769525053838,2.2851297401217163,0,0,0,0,0,0,12,50,-2.4492935982947064e-16,1.0,-0.2393156642875578,0.970941817426052,20.309999465942383,-0.291368070653962,22.40499973297119,1.0,3276.860291361809,0.2109903767958638,583.5,581.0,23.697142857142858,38.46571501142859,18.38616403631572,33.65767516316149,3318.675610399952,3215.4818899266816,25.798430118317516,3252.3658907545064,88.28590636483564,0.10783775214014314,0.26125948928014947,0.2585134261130436,0.41714563761779677,0.02610183996576808,0.03947876316687265,0.05123261189798421,0.5094769504036465,0.015314287608725502,0.21091603294911002,0.11885277128035174,0.11792114305660416,1.007900348661791,0.02677505731229579,1.0,0.6430789440212438,0.02677505731229579,1.0,0.11019479883096038,0.24672625714779584,0.6430789440212438,2.0
2021-12-20 00:00:00+00:00,591.0,598.75,576.75,583.25,592686,73.52941176470588,0.1492948453881532,583.625,564.84,583.0644315798389,596.9375386088556,570.3124613911444,6.939175286529235,7.18909980308247,-0.2499245165532357,0.011553273427471,0.0314136125654449,6.938571428571429,14.66857154514287,1.3558343871836733,7.0235714285714295,27.97142878514288,1.2239547416734695,0.0,4.8,0.0,0.0,5.680399894714356,5.729899883270264,5.618000030517578,5.693059921264648,0,59.16177815870461,0.1254402028051753,5.60866117477417,5.556399822235107,0.0067194781246937,0.1224629035626974,256.974,-0.0909769525053838,2.2851297401217163,0,0,0,0,0,0,12,51,-2.4492935982947064e-16,1.0,-0.1205366802553236,0.992708874098054,22.8700008392334,0.1187126954335195,23.32999992370605,1.0,3364.598413467407,0.7629247649747538,584.25,583.5,24.90142857142857,34.3228585314286,17.65309354549351,33.29082055812803,3391.9725806039687,3206.23899889766,46.43339542657721,3297.2588998396673,88.11543170297115,0.10309957881077737,0.26324295718110274,0.2598252222643726,0.3968035664291195,0.03722504230118443,0.03504172479276435,0.05096858437098527,0.730352538864117,1.0915009533133169,0.12722525231402795,0.09885358794888668,0.11922169341299348,0.829157654344612,0.036173825938792925,1.0,0.7424403710254472,0.036173825938792925,1.0,0.07184476174629509,0.1857148672282577,0.7424403710254472,2.0
2021-12-27 00:00:00+00:00,614.75,615.5,589.5,591.0,506054,79.34272300469483,0.1506827218202157,588.5,571.575,590.6232294564311,610.5674802415747,566.4325197584253,9.588542252937714,7.980461751656009,1.6080805012817052,0.0362410450906025,0.0603708495040966,7.877142857142857,6.217142971428583,1.1034503517959184,2.302857142857143,23.091428928571453,1.3104688752040816,0.0,4.8,1.2000000000000002,0.0,5.741000175476074,5.75190019607544,5.626999855041504,5.67110013961792,0,48.2457616548305,0.1279554711972941,5.693059921264648,5.565100193023682,0.0009946975150836,0.1209550070548343,256.974,-0.0909769525053838,2.2851297401217163,0,0,0,0,0,0,12,52,-2.4492935982947064e-16,1.0,6.432490598706546e-16,1.0,17.68000030517578,-0.2573919702599381,22.01000022888184,1.0,3486.3088108301163,0.1904467040137438,591.0,584.25,18.010714285714286,47.794286734285734,16.66275571306536,32.63279529170503,3545.2464810956158,3167.053601826366,94.54821981731253,3372.878864235847,92.55101060494661,0.11826907632224197,0.26048523122792144,0.2617354986295582,0.45186484990705483,0.0422936152907686,0.0379521166849016,0.05097058907918568,0.8297649243844103,0.9353402311319,0.08691352722464393,0.06518752014658408,0.11997226624352458,0.5433548665381976,-0.05868633387978195,0.0,0.024499052357489063,-0.05868633387978195,0.0,0.8988322775820012,0.0766686700605097,0.024499052357489063,0.0
2022-01-03 00:00:00+00:00,589.25,617.75,584.75,614.25,590445,53.6764705882353,0.1417554492260987,593.7875,578.145,593.0888756996558,611.3023621101802,576.2726378898199,6.248870555092935,7.901125124281542,-1.6522545691886066,-0.0414802765351769,0.0212305025996533,-0.049999999999999926,14.374285894285725,0.8185849248979592,6.158571428571429,11.585714254285737,1.027024751122449,0.0,6.4,0.0,0.0,5.623899936676025,5.7027997970581055,5.460599899291992,5.569300174713135,0,37.34505515648339,0.1420684720012953,5.67110013961792,5.643321990966797,-0.0001226680409715,0.1296255214536419,256.974,-0.0909769525053838,2.2851297401217163,0,0,0,0,0,0,1,1,0.4999999999999999,0.8660254037844387,0.120536680255323,0.992708874098054,16.600000381469727,-0.0630313561279695,19.36500024795532,1.0,3281.7101279497147,0.0787101484082338,614.75,591.0,12.717857142857143,58.36000226857145,15.985066404388332,31.274919095742497,3548.2730360445435,3156.46578575998,97.95181257114083,3336.4113697213947,48.25785245783657,0.27422464899323223,0.30548894755608147,0.28250801497345074,0.9706791480312924,0.0560033941450997,0.04149358725230364,0.049742427666476074,1.1258675041340644,1.105933478413584,0.15846848473757152,0.09313796031498506,0.1251853597441658,0.7440003612668621,0.029314496682969038,1.0,0.6716649026270451,0.029314496682969038,1.0,0.09834725451200675,0.2299878428609481,0.6716649026270451,2.0
2022-01-10 00:00:00+00:00,599.75,611.25,591.5,591.75,785845,54.87465181058496,0.1843204541317978,598.3125,583.795,597.425102863774,615.2876172386218,581.3373827613782,6.02854077667655,6.925164703296121,-0.8966239266195712,0.0178192617734407,0.0191163976210704,-3.282857142857143,3.851428645714296,0.832196479877551,-4.3792857142857144,26.42857195142859,0.7389869408163265,0.0,7.0,0.6000000000000001,0.6,5.680900096893311,5.721799850463867,5.619900226593018,5.632199764251709,0,40.784850422978565,0.158734504198558,5.569300174713135,5.571100234985352,-0.0001615497478496,0.1552248587206128,256.974,-0.0909769525053838,2.2851297401217163,0,0,0,0,0,0,1,2,0.4999999999999999,0.8660254037844387,0.2393156642875577,0.970941817426052,19.39999961853028,0.1558703280632932,19.13750028610229,1.0,3377.9118086099625,0.0748219777204238,589.25,614.75,13.818571428571428,92.89143138857145,14.67123723544162,30.96225153804483,3545.6862792387055,3209.578301189895,84.02699451220259,3353.011545276822,59.902179173058556,0.2878185045924983,0.26826724239989075,0.28053354697074284,1.0259681861251102,0.03293038766152564,0.038910855872869264,0.04785734853654121,0.6880945515699917,1.4149097889117717,0.2156651835814383,0.0983741676221442,0.12056198992192109,0.8159633025816901,-0.023293008821183014,0.0,0.12845930014025966,-0.023293008821183014,0.0,0.6022024414074341,0.2693382584523063,0.12845930014025966,0.0
2022-01-17 00:00:00+00:00,596.25,604.75,585.25,599.75,637118,39.66480446927375,0.1940417228172146,600.0,585.785,596.8329056838966,614.0955386746344,585.9044613253656,3.2079081634232125,5.284932887290193,-2.0770247238669803,-0.0173053152039555,0.0179257362355953,3.212857142857143,7.231428554285725,1.043199187387755,0.2178571428571426,7.448571385714303,0.9210431806734694,0.0,6.4,1.4000000000000001,0.4,5.662099838256836,5.672999858856201,5.49370002746582,5.533299922943115,0,42.4818068110751,0.1590753581843357,5.632199764251709,5.687399864196777,-0.0088736308461169,0.1551636537078207,256.974,-0.0909769525053838,2.2851297401217163,0,0,0,0,0,0,1,3,0.4999999999999999,0.8660254037844387,0.3546048870425356,0.9350162426854148,19.190000534057617,-0.0108837085562906,18.21750020980835,1.0,3299.2300790548325,-0.796386132106306,599.75,589.25,15.08642857142857,5.280000097142866,13.738761100436172,29.44523991531383,3547.8033961570372,3174.7770170652757,93.2565947729403,3331.498958788026,43.47871968784128,0.3016538763913247,0.2188700177138469,0.27866986367438284,1.082477529464839,0.03270440251572327,0.04023136838286031,0.04685490091591367,0.6979930572147484,1.1248894850699263,0.21742448125867783,0.11226518028011648,0.11013058129278246,1.0193823438363208,0.027166631527219653,1.0,0.647560118217935,0.027166631527219653,1.0,0.10828966952332243,0.24415021225874256,0.647560118217935,2.0
2022-01-24 00:00:00+00:00,621.0,621.5,588.25,592.75,831648,68.19484240687679,0.2088422074942745,603.375,591.195,603.0463865685474,621.0478307684486,585.7021692315514,6.1888425260700615,5.013345683202971,1.1754968428670909,0.0415094339622641,0.0307053941908712,-0.6271428571428574,5.711428597142867,0.8891760447755102,-0.965714285714286,18.91428577714288,1.0199459295714286,0.0,6.8,1.0,0.0,5.5157999992370605,5.566299915313721,5.399700164794922,5.457099914550781,0,29.015697193651107,0.1675893222249405,5.533299922943115,5.671795845031738,0.0011934726806927,0.16158590703105,256.974,-0.0909769525053838,2.2851297401217163,0,0,0,0,0,0,1,4,0.4999999999999999,0.8660254037844387,0.4647231720437685,0.8854560256532099,29.89999961853028,0.443469129788852,21.272500038146976,2.0,3388.859046936035,0.2103242205746538,596.25,599.75,5.907857142857142,30.708571796571448,12.790085269071627,28.765823519302806,3445.5350265439674,3228.320504731305,54.30363045316552,3354.4429940472296,39.613358967583295,0.302067920426958,0.21760120632305283,0.2515576136649677,1.2007901649971917,0.0535426731078905,0.043494894544201516,0.04606254638233182,1.1623903949983077,1.3696792325890834,0.22158195834679287,0.08955540018554109,0.11318909897346102,0.7912015652189538,-0.009404799840250222,0.0,0.2278942191944678,-0.009404799840250222,0.0,0.4305126142817475,0.34159316652378474,0.22789421919446784,0.0
2022-01-31 00:00:00+00:00,626.0,642.5,615.0,620.0,1055364,66.66666666666666,0.1994279329817214,609.375,596.49,612.5745693448799,635.9721407248721,582.7778592751279,9.45061276103354,7.45126974374692,1.99934301728662,0.0080515297906602,0.0503355704697987,-1.73,2.5799999914285836,0.9334861090204082,1.3292857142857142,3.9142857742857364,0.9246710240000001,0.0,6.6,1.2000000000000002,1.2,5.486100196838379,5.5177001953125,5.2826762199401855,5.362599849700928,0,22.69415271112796,0.1631152692718599,5.457099914550781,5.570199966430664,0.0071723190847604,0.1745912985537424,256.974,-0.0909769525053838,2.2851297401217163,0,0,0,0,0,0,1,5,0.4999999999999999,0.8660254037844387,0.5680647467311558,0.8229838658936564,24.82999992370605,-0.1858058711910326,23.32999992370605,1.0,3356.9875059127808,0.8082088609814239,621.0,596.25,9.281428571428572,12.588571387428589,12.050678846182214,27.162498503495254,3435.6085534829613,3275.885666773844,39.9307216772792,3355.46079879345,62.69930200440964,0.26909034988041103,0.21369671370095938,0.2510597411069334,1.07181795845005,0.0439297124600639,0.04382211397806059,0.04612012913668881,0.9525060696340698,1.599397197337375,0.2697637613457951,0.09119951875086284,0.11661155078030325,0.7820795651872218,0.008020799133864775,0.0,0.41363463056764593,0.008020799133864775,0.0,0.24029918198133962,0.3460661874510145,0.41363463056764593,2.0
2022-02-07 00:00:00+00:00,635.25,640.75,610.25,626.0,1101868,68.38046272493574,0.1926592849931125,615.2875,601.47,617.8578850229923,643.6851810580636,586.8898189419365,8.35466783528409,8.213893859842438,0.1407739754416521,0.0147763578274759,0.0521739130434781,-2.5828571428571427,13.471428632857156,0.9616491219591836,-0.16071428571428595,8.034285662857169,0.938287247489796,0.0,6.4,1.8,2.2,5.303100109100342,5.348599910736084,5.255267143249512,5.326900005340576,0,33.0339721418501,0.1289732786709169,5.362599849700928,5.682400226593018,-0.0075951786394369,0.149449548045687,256.974,-0.0909769525053838,2.2851297401217163,0,0,0,0,0,0,2,6,0.8660254037844386,0.5000000000000001,0.6631226582407952,0.7485107481711011,22.86000061035156,-0.0826639113812157,24.195000171661377,1.0,3383.913228392601,-0.6685409114383062,626.0,621.0,7.337857142857142,7.888571510857166,11.26284703122115,25.928420255712155,3439.518883362939,3274.9760467851856,41.13570914443837,3366.8417706331106,51.32127023592972,0.16419130911839877,0.2138257550931818,0.23942906414543771,0.6857617843798834,0.048012593467138924,0.04222395384246842,0.04463958966773622,1.0755605745685164,1.611153913021458,0.26812011347610115,0.08727987239744585,0.11661405758037187,0.7484506304292274,0.01736022779945401,1.0,0.5294686553642836,0.01736022779945401,1.0,0.16547930643918293,0.3050520381965335,0.5294686553642836,2.0
2022-02-14 00:00:00+00:00,655.75,662.75,627.25,636.5,1282872,66.06741573033707,0.2013702835198843,627.4875,608.345,629.1415357376192,656.1371417723857,598.8378582276142,11.99482693819266,9.823891735378098,2.1709352028145616,0.0322707595434867,0.1161702127659574,1.2,6.302857188571441,1.0860342951428572,-1.7557142857142856,28.78857148000003,0.9501751670408163,0.0,6.4,0.6000000000000001,0.0,5.262800216674805,5.288000106811523,5.170000076293945,5.249956130981445,0,20.41219670156605,0.1268045979601551,5.326900005340576,5.526700019836426,0.0082942942554886,0.1336172254257423,256.974,-0.0909769525053838,2.2851297401217163,0,0,0,0,0,0,2,7,0.8660254037844386,0.5000000000000001,0.7485107481711011,0.6631226582407953,28.32999992370605,0.2145326260831731,26.480000019073486,2.0,3442.6587328910828,0.9204063780542439,635.25,626.0,8.651428571428571,10.448571453714314,10.422939849483381,26.112946141150083,3464.8687105866074,3321.3405464796424,35.882041026741206,3397.1685555362997,84.61588358689485,0.14651067331759535,0.21534624549597167,0.233544841473657,0.627334203229572,0.05413648494090736,0.04646517329834477,0.04482092735315045,1.2078391960961994,1.7823403574692023,0.26193679786796253,0.03219505082149689,0.11802983566373755,0.2727704220949279,-0.02365888953825157,0.0,0.12642502909989586,-0.02365888953825157,0.0,0.6065765627002594,0.2669984081998448,0.12642502909989586,0.0
2022-02-21 00:00:00+00:00,654.25,658.0,635.5,655.0,579838,62.20302375809936,0.2219710847622856,635.0875,613.32,635.3472605491655,660.1680413146012,610.0069586853988,11.583872141030156,10.730560514504464,0.8533116265256933,0.0049923195084484,0.070785597381342,7.0442857142857145,15.56000122000001,1.401615788122449,-3.694285714285715,15.800000765714309,1.199166494102041,0.0,3.8,0.0,0.0,5.213699817657471,5.219900131225586,5.07480001449585,5.137499809265137,0,29.20183542279763,0.1087662811968274,5.249956130981445,5.418099880218506,0.0002392666352821,0.1253695060815768,256.974,-0.0909769525053838,2.2851297401217163,0,0,0,0,0,0,2,8,0.8660254037844386,0.5000000000000001,0.8229838658936564,0.5680647467311559,27.75,-0.0206854709569372,25.942500114440914,2.0,3361.2092502117157,0.11490361603359381,655.75,635.25,7.0235714285714295,27.97142878514288,9.512151103433762,25.44759482660584,3465.107534724566,3307.276823979524,39.457677686260425,3382.784833406466,43.05254435041924,0.1474226044491225,0.22401364192066112,0.23949789196518484,0.6155486258520667,0.03439052350019106,0.046802397495238325,0.04457558991281095,0.7715100540981678,0.8137222927333269,0.27335524034575737,0.0396536360145542,0.12205187687657525,0.32489162625280726,0.07065083502153913,1.0,0.9417250897876343,0.07065083502153913,1.0,0.013619471014722693,0.04465543919764303,0.9417250897876343,2.0
2022-02-28 00:00:00+00:00,697.5,718.75,657.0,657.75,595618,77.36263736263737,0.2425684575053899,650.9875,623.55,657.0938208919242,702.3057728818968,599.6692271181031,20.27804995493034,15.513847893607334,4.7642020613230045,0.0661062285059228,0.1155537784886044,1.39,12.871429085714297,1.3611830186938776,6.085,33.485717051428594,1.4613309321020407,0.0,5.6000000000000005,0.0,0.0,5.10230016708374,5.166500091552734,4.996500015258789,5.15939998626709,0,39.78446102985184,0.110307043748612,5.137499809265137,5.40348482131958,-0.0064221811494609,0.0970433064676979,256.974,-0.0909769525053838,2.2851297401217163,0,0,0,0,0,0,2,9,0.8660254037844386,0.5000000000000001,0.8854560256532099,0.4647231720437686,30.14999961853028,0.0829490703283553,27.272500038146973,2.0,3598.681490421295,-0.5512411624407062,654.25,655.75,2.302857142857143,23.091428928571453,9.291044580631585,25.96618335723957,3660.673374293515,3232.5579766648325,107.02884940717061,3469.143496212398,79.86878350053021,0.2539593255456538,0.2661468783047706,0.2589105749987586,0.9808765661198112,0.0885304659498208,0.053799956063624386,0.047383914336005556,1.8683650033298165,0.833269387389923,0.21691965974219396,0.07380703156050084,0.11331121046807384,0.6513656040029719,0.05361498642009832,1.0,0.873332335182364,0.05361498642009832,1.0,0.031348170776873734,0.09531949404076234,0.873332335182364,2.0
2022-03-07 00:00:00+00:00,749.25,800.0,699.75,699.75,17550,82.24137931034483,0.284613410631891,681.75,638.74,692.8291348124527,769.1058963755789,594.3941036244211,33.30288877158216,25.556112744546738,7.746776027035423,0.0741935483870968,0.2148358329955411,10.385714285714286,9.05142892000001,2.017173493632653,5.847142857142857,19.342857444285738,1.4352988946530612,0.0,3.6,0.4,0.0,5.158899784088135,5.212399959564209,5.018599987030029,5.06056022644043,0,36.88458375008457,0.135587784759212,5.15939998626709,5.282899856567383,0.007236254355702,0.1367256206271762,256.974,-0.0909769525053838,2.2851297401217163,0,0,0,0,0,0,3,10,1.0,6.123233995736766e-17,0.9350162426854148,0.3546048870425355,36.45000076293945,0.1897565688649915,30.670000076293945,2.0,3791.624749660492,0.8146023880755838,697.5,654.25,6.158571428571429,11.585714254285737,9.06885737266457,25.538872008016742,3927.855243056865,3169.2318685354276,189.6558436303593,3598.135997591636,85.7259050458596,0.26388841457036133,0.27899808082639976,0.265163116753451,0.9951927245741264,0.13380046713380048,0.0717741069983717,0.05153991610658577,2.596054694705964,0.025955026667865193,-0.1336605863681594,0.07608276146172893,0.11596089821827624,0.6561069814882475,-0.025542680817498997,0.0,0.11638332840732538,-0.025542680817498997,0.0,0.6288144248146346,0.2548022467780401,0.11638332840732538,0.0
2022-03-14 00:00:00+00:00,728.25,768.5,724.0,747.5,105142,64.77900552486187,0.3077137925966665,708.4,653.005,714.3499266741883,796.1483543105653,620.6516456894346,30.575820242243708,30.211764303531258,0.3640559387124504,-0.028028028028028,0.1347876899104012,4.8342857142857145,18.591429412857153,1.8967120302857141,11.310714285714285,30.874286875714304,2.1686904209387756,0.0,5.2,0.0,0.0,5.110099792480469,5.111830234527588,4.98330020904541,5.073500156402588,0,47.63982705606032,0.1453911270662858,5.06056022644043,5.248700141906738,0.0058782990076914,0.1381508826836849,256.974,-0.0909769525053838,2.2851297401217163,0,0,0,0,0,0,3,11,1.0,6.123233995736766e-17,0.970941817426052,0.239315664287558,31.770000457763672,-0.1374190166956886,31.53000020980835,2.0,3694.7764889001846,0.6788068532745238,749.25,697.5,-4.3792857142857144,26.42857195142859,9.213493302538746,25.883092322061746,3980.6974568221626,3242.448532774681,184.56223101187038,3636.792194115056,70.70907434285141,0.3097875763161812,0.23775184628401835,0.2668716908875902,1.1608108888497988,0.061105389632681084,0.07439266623148014,0.05334053874807113,1.1455710724177868,0.16121392975934806,-0.3968937691879815,0.08862895843153829,0.09714322917753125,0.9123533370095582,0.02704754974981638,1.0,0.6462000493433628,0.02704754974981638,1.0,0.10886595666749173,0.2449339939891454,0.6462000493433628,2.0
2022-03-21 00:00:00+00:00,756.25,765.0,726.75,745.25,464338,53.65853658536585,0.4023489210841499,733.175,667.855,727.7211589742838,789.2027421884806,677.1472578115194,24.739636074790496,27.64305811214009,-2.9034220373495927,0.0384483350497768,0.1634615384615385,16.34,10.554286325714296,2.5190296431020407,7.637142857142856,24.52000134000002,1.9162502889387751,0.0,0.6000000000000001,0.0,0.0,5.121699810028076,5.163700103759766,4.928281784057617,5.0177998542785645,0,38.43747941286268,0.1625331823109094,5.073500156402588,5.170599937438965,0.0126549481364284,0.1538303909124248,256.974,-0.0909769525053838,2.2851297401217163,0,0,0,0,0,0,3,12,1.0,6.123233995736766e-17,0.992708874098054,0.120536680255323,23.530000686645508,-0.3002462307691265,30.475000381469727,1.0,3794.7111397981644,1.356471766148224,728.25,749.25,0.2178571428571426,7.448571385714303,9.111793273803528,25.795150968380344,3906.3754138522554,3533.5215205378126,93.2134733286108,3699.9597723882994,84.55859277619005,0.3111465360369711,0.23689056483130058,0.24815003022135518,1.253864540015475,0.05057851239669422,0.07368107172263749,0.05163803086186094,0.9794816292895172,0.7356941537302133,-0.2633452628911769,0.08686178371699227,0.0974492446699582,0.8913540079005874,-0.06565495787013464,0.0,0.017416832018196358,-0.06565495787013464,0.0,0.9264059189157953,0.05617724906600838,0.017416832018196358,0.0
2022-03-28 00:00:00+00:00,748.5,770.5,740.5,756.75,480564,48.65771812080538,0.410093870876447,748.8875,683.205,737.2963327829223,768.9718451736583,728.8031548263418,19.26368064088956,23.320825259886472,-4.057144618996912,-0.0102479338842975,0.0750448833034111,7.351428571428571,36.89428577714287,2.2777425669795917,14.397142857142855,38.21714448000002,2.520133878244898,0.0,5.2,0.0,0.0,4.933000087738037,4.94890022277832,4.730483055114746,4.7368998527526855,0,22.721968066957714,0.1678378501692334,5.0177998542785645,5.122200012207031,-0.0042954857691297,0.16566106232597,256.974,-0.0909769525053838,2.2851297401217163,0,0,0,0,0,0,3,13,1.0,6.123233995736766e-17,1.0,-1.6081226496766366e-16,19.6299991607666,-0.1812172663851993,27.84500026702881,1.0,3545.569539785385,-0.3385716244075862,756.25,728.25,-0.965714285714286,18.91428577714288,9.45278356950284,26.596569904613876,3940.6601251005845,3472.6808339715285,116.9948227822641,3638.2036793471343,45.84327516160067,0.4080999530344035,0.2904801475225492,0.25032612616448824,1.630273048141656,0.04008016032064128,0.07481899908672755,0.05033288203292473,0.7963015575267017,0.7832420582620131,-0.17969184872802163,0.18104183569177448,0.12765919054158198,1.4181652001870744,-0.014198295810118888,0.0,0.1884803581297129,-0.014198295810118888,0.0,0.4899800392833532,0.3215396025869339,0.1884803581297129,0.0
2022-04-04 00:00:00+00:00,750.5,770.0,713.5,746.25,732203,47.945205479452056,0.3797132283629946,747.025,696.505,738.5935698719157,769.6349070042063,724.4150929957937,11.80028749031328,16.50503174496408,-4.704744254650798,0.0026720106880426,-0.0079312623925974,11.45142857142857,23.345713547142868,2.233793552122449,4.9992857142857146,61.36285632285717,2.308478648081633,0.0,2.8000000000000003,0.0,0.0,4.764100074768066,4.790800094604492,4.6040568351745605,4.657199859619141,0,13.35654027815211,0.1612508258108101,4.7368998527526855,5.030900001525879,-0.0186972762038524,0.1595998091063442,256.974,-0.0909769525053838,2.2851297401217163,1,0,0,1,0,0,4,14,0.8660254037844387,-0.4999999999999998,0.992708874098054,-0.1205366802553228,18.56999969482422,-0.0555116066049678,23.375,1.0,3495.228494644165,-1.7787506678798561,748.5,756.25,1.3292857142857142,3.9142857742857364,9.165461127230767,28.8395561251457,3907.261946232229,3357.8808853317205,137.34526522512715,3581.0136054659465,20.13733363643051,0.3373734601128455,0.2895742449848558,0.2498125276387978,1.3505065170133752,0.07528314457028648,0.07216953481082068,0.05112652755285276,1.4724866610116418,1.221247348443004,-0.1580077353755694,0.16172177374818567,0.12797219535586193,1.263725769970704,0.027600205345426954,1.0,0.6524917902617055,0.027600205345426954,1.0,0.1062140169724752,0.24129419276581932,0.6524917902617055,2.0
2022-04-11 00:00:00+00:00,764.5,778.0,748.5,750.75,725367,54.47470817120623,0.3620069069484786,750.3875,710.065,747.7660550672672,772.7378650035406,728.0371349964595,12.67211589412409,13.737650516589014,-1.0655346224649236,0.0186542305129913,0.0,12.217142857142857,18.90571383857144,2.48899466244898,12.777142857142858,49.72571259142859,2.295868688367347,0.0,2.6,0.0,0.0,4.593800067901611,4.791299819946289,4.575500011444092,4.698100090026856,0,31.45629445868653,0.1712956685200551,4.657199859619141,5.009699821472168,-0.0171585395080816,0.1617468070790436,256.974,-0.0909769525053838,2.2851297401217163,1,0,0,2,0,0,4,15,0.8660254037844387,-0.4999999999999998,0.970941817426052,-0.2393156642875575,24.3700008392334,0.2718055431434583,21.52500009536743,1.0,3591.6975188255315,-1.6248769983027762,750.5,748.5,-0.16071428571428595,8.034285662857169,9.398472851741225,30.18705009071234,3869.444780799331,3344.1585657272917,131.32155376800984,3585.287170809781,39.60659269385087,0.28736805514094615,0.2924606989718681,0.24955737403899028,1.1515109290296472,0.03858731196860693,0.053126903777781974,0.05166881035977898,0.7468200686587533,1.2171126372040437,-0.19174595672649325,0.1875881769581425,0.1165709841132514,1.6092182998447822,0.06433324346280256,1.0,0.9217714165256992,0.06433324346280256,1.0,0.018584606593058967,0.0596439768812419,0.9217714165256992,2.0
2022-04-18 00:00:00+00:00,813.25,816.75,765.0,765.5,561045,71.33443163097199,0.2491463348551284,759.3375,723.33,762.458392143301,799.1043451563138,719.5706548436862,18.35871696797653,15.063915398410488,3.2948015695660477,0.0578861788617885,0.0778661365142479,11.99,18.931428146000012,3.1356710269387755,13.857857142857144,32.54857092742859,2.692712457551021,0.2,3.5999999999999996,0.0,0.0,4.693600177764893,4.738100051879883,4.621500015258789,4.7006001472473145,0,43.141084475979454,0.1604215565191523,4.698100090026856,5.039400100708008,-0.0114284328573453,0.1744369581231673,256.974,-0.0909769525053838,2.2851297401217163,1,0,0,3,0,0,4,16,0.8660254037844387,-0.4999999999999998,0.9350162426854148,-0.3546048870425354,22.170000076293945,-0.0946128750047317,21.18499994277954,1.0,3822.7630697488785,-1.051866333229146,764.5,750.5,-1.7557142857142856,28.78857148000003,9.686175064071284,30.339406273726294,3903.3399705157526,3324.289340986227,144.7626573823814,3680.2775303854196,52.23693457247791,0.35920285420163944,0.3188608480607152,0.2660545916288813,1.3501095339169904,0.06363356901321857,0.05363253965388948,0.05293568674503544,1.2020918383243235,0.9593105418746337,-0.2443615464347577,0.18524651432939215,0.11682004273866733,1.5857424302298377,0.0038180830993619352,0.0,0.36375668953101953,0.0038180830993619352,0.0,0.28071774367860475,0.35552556679037567,0.36375668953101953,2.0
2022-04-25 00:00:00+00:00,800.25,819.75,783.5,813.25,628357,69.32038834951456,0.2411728960406133,771.4875,740.045,777.967751489896,825.6464947333621,717.3285052666378,19.28138449905191,18.33912106389061,0.9422634351612976,-0.0159852443897939,0.0694954894754427,17.41857142857143,21.754285970285725,3.059879675510204,10.007142857142856,41.13142804114288,3.2400392975510206,0.0,1.0,0.0,0.0,4.651999950408936,4.942999839782715,4.606554985046387,4.795199871063232,0,68.44995657970382,0.1576707081217864,4.7006001472473145,4.826300144195557,-8.51060161287421e-05,0.1583810618638711,256.974,-0.0909769525053838,2.2851297401217163,1,0,0,4,0,0,4,17,0.8660254037844387,-0.4999999999999998,0.8854560256532099,-0.4647231720437685,27.020000457763672,0.1978373224041786,23.03250026702881,2.0,3837.3586968183517,0.08246635089250959,813.25,764.5,-3.694285714285715,15.800000765714309,9.706882663624288,31.03566574259188,4027.149949733823,3346.37394028464,170.19400236229578,3743.1099969585925,87.17331639309519,0.3502090563472009,0.3191067289239228,0.26605307080306223,1.3163127271073873,0.045298344267416434,0.05257650602803391,0.052908401730471386,0.8561652634401022,1.0232117564719474,-0.2334057034157233,0.21838575831608031,0.12311480818238978,1.773838125582498,0.05324190961748987,1.0,0.8712543812451349,0.05324190961748987,1.0,0.03191958206612564,0.09682603668873946,0.8712543812451349,2.0
2022-05-09 00:00:00+00:00,784.5,822.0,782.0,817.5,5884,40.625,0.1955750845350589,799.2875,768.045,793.2408730221507,828.2948833614087,770.2801166385914,10.778765030705015,15.511642833914635,-4.732877803209618,-0.0350553505535055,0.0353018805674694,19.315714285714286,37.997143111428585,2.8497837186938777,17.658571428571427,61.95714303371432,3.274186649306123,0.6,0.0,0.0,0.0,5.084700107574463,5.148388862609863,4.903800964355469,5.080399990081787,0,72.11438771782824,0.2267454514663844,4.97130012512207,4.752099990844727,0.0067615266758856,0.2038308259030658,256.974,-0.0909769525053838,2.2851297401217163,1,0,0,6,0,0,5,19,0.4999999999999999,-0.8660254037844387,0.7485107481711013,-0.663122658240795,34.75,0.0718747131436001,29.070000171661377,2.0,3985.573792219162,0.7671296200939439,813.0,800.25,5.847142857142857,19.342857444285738,10.915143190241743,34.79250253964954,4139.015946601406,3704.6653336539116,108.58765323687358,3911.7491962065774,88.91575878896764,0.2303672434335521,0.2984090626975038,0.2754993364844083,0.8361807255560573,0.05098789037603569,0.047573501845842706,0.054259471816122354,0.9397047054158456,0.00988515064396683,-0.26642821349644635,0.09760457272098141,0.1454554705310919,0.6710271236573854,0.02737876107481818,1.0,0.6499769869644793,0.02737876107481818,1.0,0.10726972316677645,0.24275328986874434,0.6499769869644793,2.0
2022-05-16 00:00:00+00:00,809.5,814.0,782.5,787.5,254827,52.5562372188139,0.2078448715309687,803.2125,774.49,796.682564400164,823.3353300563248,783.0896699436752,8.548291458082645,10.98049239699804,-2.432200938915395,0.0318674314850222,0.0243593799430559,27.57,31.811427884285727,4.797859711836735,21.25,61.917142741142875,3.215440394408163,1.6,0.0,0.0,0.0,5.160900115966797,5.207499980926514,5.031899929046631,5.058300018310547,0,60.77507910093262,0.2394081924025531,5.080399990081787,4.701000213623047,0.0103677302458811,0.2336582648806237,256.974,-0.0909769525053838,2.2851297401217163,1,0,0,7,0,0,5,20,0.4999999999999999,-0.8660254037844387,0.6631226582407952,-0.7485107481711012,27.46999931335449,-0.2350850968998151,30.394999980926517,2.0,4094.6938648223877,1.127749977093494,784.5,813.0,11.310714285714285,30.874286875714304,11.581908145710019,36.54247932684266,4211.781648237681,3767.865029554391,110.9791546708225,3984.9270636529022,85.39685089643952,0.23035649829944513,0.28303980273112755,0.27354327047035,0.8421208442896262,0.03891290920321186,0.047638621292763694,0.054090436511744514,0.7194044736673195,0.43733993003645016,0.14511134972697837,0.1194139776405635,0.14544063822775874,0.8210495421717475,-0.06291964545120865,0.0,0.01991858805882328,-0.06291964545120865,0.0,0.9165204181763984,0.06356099376477832,0.01991858805882328,0.0
2022-05-23 00:00:00+00:00,786.25,809.25,773.25,808.0,501223,44.48669201520912,0.2088417484273765,799.125,777.88,792.2852106323229,824.5262535952966,773.7237464047034,1.8531357387536216,6.165224337365814,-4.312088598612192,-0.028721432983323,-0.0085119798234551,22.037142857142857,23.2057140457143,4.877188169387756,24.529285714285717,63.154284440000026,5.162395527755102,0.4,0.0,0.0,0.0,5.059700012207031,5.0605998039245605,4.789299964904785,4.880199909210205,0,36.478531135434096,0.2514051274150085,5.058300018310547,4.620800018310547,-0.0147377384564346,0.2473391942625754,256.974,-0.0909769525053838,2.2851297401217163,1,0,0,8,0,0,5,21,0.4999999999999999,-0.8660254037844387,0.5680647467311558,-0.8229838658936564,28.479999542236328,0.0361075953596262,30.75999975204468,2.0,3837.0571786165237,-1.3827968931380763,809.5,784.5,7.637142857142856,24.52000134000002,12.417222827553612,38.259369979304424,4211.982454803909,3767.5134638872496,111.11724772916486,3925.7791096383517,49.9759615543075,0.3194659467024876,0.3213031574545892,0.27671158164993725,1.15450872440009,0.045786963434022256,0.04406930017692443,0.05357961497619064,0.8545592369183017,0.8668471765979838,0.1787793297362408,0.20369487487746007,0.1522281398723118,1.3380894075656724,-0.04195288417365606,0.0,0.05480321889075457,-0.04195288417365606,0.0,0.7937442182739142,0.15145256283533126,0.05480321889075457,0.0
2022-05-30 00:00:00+00:00,777.25,787.0,755.0,785.0,480457,47.3967684021544,0.2105613830851712,790.7875,780.19,785.4917263630638,819.2703087578959,762.3046912421041,-3.0705648520489603,1.3147840519519784,-4.385348904000939,-0.0019261637239165,-0.0474877450980392,23.53857142857143,36.422857475428586,3.979816103591837,18.682142857142857,49.2714285614286,4.558927887673469,0.2,0.0,0.0,0.0,4.813499927520752,4.858799934387207,4.690599918365479,4.729599952697754,0,8.32087647155305,0.2144206596663517,4.880199909210205,4.93779993057251,-0.0101527692067419,0.232471701535638,256.974,-0.0909769525053838,2.2851297401217163,1,0,0,9,0,0,5,22,0.4999999999999999,-0.8660254037844387,0.464723172043769,-0.8854560256532096,25.71999931335449,-0.1019331977981422,29.104999542236328,2.0,3676.081563234329,-0.9242999681688062,786.25,809.5,14.397142857142855,38.21714448000002,12.82141121655937,38.969825371699535,4262.254464249062,3534.4487351971393,181.9514322629807,3825.9000910767427,18.690526015039552,0.34783829714483505,0.3316253115919686,0.28579239899660336,1.217101246201991,0.04117079446767449,0.04324379021697604,0.05399163531649809,0.7625400972008171,0.8534714973627794,0.2111824143800731,0.22861678497448212,0.1540458717228708,1.484082420234802,-0.035538926483738464,0.0,0.07399060023892291,-0.035538926483738464,0.0,0.7363234489287327,0.1896859508323444,0.07399060023892291,0.0
2022-06-06 00:00:00+00:00,742.5,777.25,720.5,777.0,750457,26.408450704225345,0.2518001132969558,774.6,778.74,766.1827643723443,826.492449506566,722.707550493434,-13.507572327403182,-7.080817153777039,-6.426755173626143,-0.0447089096172402,-0.0762052877138413,25.014285714285712,17.84857201114287,5.278275832367347,27.210714285714285,66.34571525228574,4.179100552367347,0.2,0.0,0.0,0.0,4.752399921417236,4.828400135040283,4.696899890899658,4.775000095367432,0,25.367735334524184,0.1745396708816068,4.729599952697754,5.027999877929688,-0.0081282362210825,0.210647749701401,256.974,-0.0909769525053838,2.2851297401217163,1,0,0,10,0,0,6,23,1.2246467991473532e-16,-1.0,0.3546048870425358,-0.9350162426854148,25.06999969482422,-0.025596972675215,26.684999465942383,2.0,3545.437570810318,-0.7218466696028661,777.25,786.25,4.9992857142857146,61.36285632285717,13.749753350053238,40.73601181560833,4261.363840481914,3315.271248259866,236.5231480555119,3713.7150829701727,16.57411750124183,0.25141815065831336,0.3024538156967821,0.2898465296691404,0.8674181549495364,0.07643097643097643,0.05065790678238412,0.05617796401226074,1.3605150020948693,1.3198065779024404,0.20188538080285726,0.18115077162818635,0.15595740787604181,1.1615399517076432,0.081373478417887,1.0,0.9650639095309569,0.081373478417887,1.0,0.008012768364955241,0.026923322104087877,0.9650639095309569,2.0
2022-06-13 00:00:00+00:00,769.25,782.75,735.0,739.0,1003892,43.7037037037037,0.2671770216886878,767.3875,781.17,766.9106027690299,811.5926065757164,723.1823934242836,-5.995176231198457,-7.915532604590231,1.9203563733917743,0.036026936026936,-0.0543945912722803,26.647142857142857,37.314286808571445,4.457075982040816,25.69214285714286,39.02857294228574,5.264400582857142,1.4,0.0,0.0,0.0,4.7941999435424805,5.134799957275391,4.78980016708374,4.984000205993652,0,67.6904306972869,0.1586987550279838,4.775000095367432,5.133399963378906,-0.0043257044495699,0.1578417009845781,256.974,-0.0909769525053838,2.2851297401217163,0,0,0,0,0,0,6,24,1.2246467991473532e-16,-1.0,0.2393156642875576,-0.970941817426052,34.02000045776367,0.3052767004261829,28.32249975204468,2.0,3833.942158460617,-0.3415934924516062,742.5,777.25,12.777142857142858,49.72571259142859,14.520230092446116,40.625854468942364,4003.7168384042966,3442.5423971565974,140.29361031192474,3761.805913166351,34.437581649529804,0.4253691815139225,0.3474408492948021,0.3121215966596242,1.3628315773018476,0.062073448163795904,0.052875018339936165,0.056604502765056006,1.096616597009489,1.7391736702357041,0.11394137892971924,0.23197442070600133,0.17511824697686798,1.3246729650617965,0.05422104731394484,1.0,0.876646797418371,0.05422104731394484,1.0,0.030440958068411402,0.09291224451321756,0.876646797418371,2.0
2022-06-20 00:00:00+00:00,784.5,800.0,759.0,765.75,469307,52.8942115768463,0.2376117250713067,764.3875,783.435,771.071727641583,801.4853347361042,727.2896652638959,-0.4610912047398869,-4.660435095087446,4.199343890347559,0.01454898157129,0.0038387715930903,31.197142857142858,28.734286011428583,5.595426681632653,28.81357142857143,75.58571609714289,4.553147976122449,4.4,0.0,0.0,0.0,5.113399982452393,5.186600208282471,5.046274185180664,5.152100086212158,0,80.60965741279027,0.1769294179246356,4.984000205993652,4.929999828338623,0.0163244140454271,0.1674936634182474,256.974,-0.0909769525053838,2.2851297401217163,0,0,0,0,0,0,6,25,1.2246467991473532e-16,-1.0,0.120536680255323,-0.992708874098054,31.1299991607666,-0.0887766429289127,28.98499965667725,2.0,4041.822517633438,1.7234183570480937,769.25,742.5,13.857857142857144,32.54857092742859,15.442381146389685,42.88132941269724,4201.950629655796,3346.691275413555,213.81483856056025,3873.812554953186,62.99264945957293,0.4595343798911399,0.3597631658557932,0.3196456214751992,1.4376369787077614,0.052262587635436585,0.05554495402638111,0.05702114652382465,0.9165473101830224,0.8565235808758301,0.08826697112866491,0.2606647201467211,0.1837080837950912,1.418907108346939,-0.034863169252615234,0.0,0.07633919113093506,-0.034863169252615234,0.0,0.7297113262655056,0.19394948260355932,0.07633919113093506,0.0
2022-06-27 00:00:00+00:00,744.25,778.25,731.0,777.5,853580,50.72164948453607,0.2654726727047239,759.1875,781.82,763.9515723880472,795.1362482397096,723.2387517602904,-5.2937587927863206,-3.860900153280861,-1.43285863950546,-0.0513065646908859,-0.0362576885723535,29.705714285714286,11.88571437057144,6.871642259183673,29.685000000000002,49.397143247428595,6.174599736734693,3.6,0.0,0.4,0.0,5.18720006942749,5.273399829864502,5.117499828338623,5.241399765014648,0,81.75233983426484,0.1727836818170671,5.152100086212158,4.768199920654297,0.0195806548598228,0.1780864907248283,256.974,-0.0909769525053838,2.2851297401217163,0,0,0,0,0,0,6,26,1.2246467991473532e-16,-1.0,-3.216245299353273e-16,-1.0,26.950000762939453,-0.1441886318300777,29.292500019073486,2.0,3900.911775112152,2.0490424384876635,784.5,769.25,10.007142857142856,41.13142804114288,16.36125978210648,43.30170449880894,4248.280358918756,3412.776652089506,208.87592670731252,3884.652243016773,64.63853328689058,0.4151755845812368,0.34937488968394165,0.32771208732397333,1.2668912376792665,0.06348673160900235,0.059084907661377126,0.057794853430917816,1.0984839800666373,1.5939681755377741,0.15844401582050324,0.20665081555034864,0.18606004643247576,1.11066727331315,0.031102372889472818,1.0,0.691068342741282,0.031102372889472818,1.0,0.09069992339344837,0.21823173386526962,0.691068342741282,2.0
2022-07-04 00:00:00+00:00,754.5,780.0,742.25,747.5,169703,43.90243902439024,0.2648562282342104,760.975,777.915,761.4877333270742,791.6888319603113,730.2611680396888,-4.9967487799292485,-4.3816774184632825,-0.615071361465966,0.0056647784071977,0.0317948717948717,30.785714285714285,10.731428646857157,6.3551564004081635,28.00428571428571,26.714285781714313,6.68465833122449,4.4,0.0,0.0,0.0,5.236800193786621,5.335400104522705,5.177618980407715,5.330999851226807,0,66.60563064571068,0.1712620287467067,5.241399765014648,4.795700073242188,0.0006488633243768,0.16636633977052,256.974,-0.0909769525053838,2.2851297401217163,0,1,0,0,1,0,7,27,-0.4999999999999997,-0.8660254037844388,-0.1205366802553228,-0.992708874098054,26.700000762939453,-0.0093197316837326,29.70000028610229,2.0,4022.2393877506256,0.15586328494306378,744.25,784.5,21.226428571428567,60.22857212057146,17.112422745472884,42.23154845254477,4148.151695134317,3751.3062243440986,99.21136769755479,3939.687100910314,81.42546608402677,0.37461917339679646,0.35546646917622904,0.3295530400157029,1.1367492225574796,0.050033134526176276,0.060857375673077495,0.057589685910181265,0.8687862253033868,0.35366001952493165,0.13250165745653672,0.0983371601479002,0.18662529828037233,0.5269229615962139,0.020498098281231725,1.0,0.5682966556671599,0.020498098281231725,1.0,0.1449334148735489,0.28676992945929114,0.5682966556671599,2.0
2022-07-11 00:00:00+00:00,781.25,800.0,726.0,750.25,10044,49.13907284768212,0.2858225315980419,762.1125,773.425,760.8422559832471,793.214401701917,731.0105982980829,-1.9241837110415645,-4.58758527748446,2.663401566442896,0.0354539430086149,0.0219097449313276,30.124285714285715,38.82857245714287,5.405923625306123,29.401428571428568,21.79142893428574,6.169993565918367,2.8,0.0,0.0,0.0,5.3282999992370605,5.459700107574463,5.250875949859619,5.254000186920166,0,54.57786520966226,0.1825761858391342,5.330999851226807,4.903299808502197,0.0149298810935186,0.1754394198633687,256.974,-0.0909769525053838,2.2851297401217163,0,1,0,0,2,0,7,28,-0.4999999999999997,-0.8660254037844388,-0.2393156642875574,-0.970941817426052,26.170000076293945,-0.0200498745233394,27.737500190734863,2.0,4104.68764603138,1.5839650618572438,754.5,744.25,17.658571428571427,61.95714303371432,17.90526183101841,40.91283106427,4187.938126934437,3846.892536329361,85.26139765126891,4005.687318958741,74.498884387741,0.30650931065964043,0.338126200363776,0.32559426994848273,0.9413841997105661,0.09472,0.0645151803868822,0.06060615973517171,1.562877185835932,0.022252838460986638,0.16528615821114298,0.15724886008328218,0.18463054571134765,0.851694669267669,-0.19303635249173723,0.0,3.0376295672032863e-05,-0.19303635249173723,0.0,0.9998638772841387,0.00010574642018924259,3.0376295672032863e-05,0.0
2022-07-18 00:00:00+00:00,612.25,785.25,596.0,781.0,261701,29.78560490045942,0.4970055335226284,737.675,760.18,724.8013016078354,834.8437490373099,640.50625096269,-27.11438736007972,-12.10116146784968,-15.013225892230038,-0.2163199999999999,-0.2089793281653746,29.97142857142857,15.234286175714299,5.510851317551021,29.192857142857143,84.2257168857143,5.21138442,3.0,0.0,0.0,0.0,5.377200126647949,5.486599922180176,5.350735187530518,5.410099983215332,0,60.63581473859677,0.1914223477239907,5.254000186920166,5.052199840545654,-0.0158988079499654,0.1975208336484968,256.974,-0.0909769525053838,2.2851297401217163,0,1,0,0,3,0,7,29,-0.4999999999999997,-0.8660254037844388,-0.3546048870425356,-0.9350162426854148,25.299999237060547,-0.0338093538796108,26.28000020980835,2.0,3312.333714723587,-1.498903842491156,781.25,754.5,21.25,61.917142741142875,18.63349378662091,43.707210794685764,4551.808471555668,3118.2777902532043,358.3826703256159,3728.34587726468,17.921601112679326,0.7826627829165245,0.5994478636389523,0.472943907717048,1.6548744017991042,0.30910575745202123,0.11392164224452728,0.07163492431028173,4.315014181672188,0.6020789012527518,-0.28361048841049674,0.13519078980607924,0.19012010955586808,0.7110809214821292,-0.03751066034047579,0.0,0.06751312726053173,-0.03751066034047579,0.0,0.7550135913974803,0.17747328134198803,0.06751312726053173,0.0
2022-07-25 00:00:00+00:00,580.0,611.0,561.5,610.5,446491,24.716369529983798,0.6412442665833414,692.6125,738.975,668.0343434478872,853.2142037171279,532.010796282872,-49.86497127963276,-34.06476076065824,-15.800210518974517,-0.0526745610453246,-0.2233009708737864,31.445714285714285,11.548571200000014,5.94204824,29.716428571428573,19.157142812000025,5.7119636400000005,5.4,0.0,0.0,0.0,5.436800003051758,5.502299785614014,5.371300220489502,5.496699810028076,0,62.33517473783039,0.1756420190563301,5.410099983215332,5.23799991607666,-0.0023447251677021,0.1832000518184437,256.974,-0.0909769525053838,2.2851297401217163,0,1,0,0,4,0,7,30,-0.4999999999999997,-0.8660254037844388,-0.464723172043768,-0.8854560256532101,23.36000061035156,-0.0797791814896751,25.382500171661373,1.0,3188.085889816284,-0.14349556426482618,612.25,781.25,24.529285714285717,63.154284440000026,19.348521837253664,42.123335440964105,4603.760959961324,2709.9123591996145,473.46215019042734,3512.241882285322,18.188141746496754,0.7103127739869053,0.5892018455112334,0.4658741215320886,1.5246881634121816,0.0853448275862069,0.12053809023468134,0.06921214233290204,1.2330902118996192,0.9789121841067064,-0.8422971511767582,0.11768216840613173,0.18757575892255182,0.6273847047628073,-0.0154222984496315,0.0,0.1792974000746056,-0.0154222984496315,0.0,0.5052785345067203,0.31542406541867407,0.1792974000746056,0.0
2022-08-01 00:00:00+00:00,607.0,632.0,586.25,587.75,440372,25.840537944284332,0.6612273759234475,655.775,719.69,644.3101908539898,809.753971564992,501.796028435008,-40.271105405195954,-40.65338315533574,0.3822777501397851,0.0465517241379309,-0.1838655462184873,28.53857142857143,14.445713648571443,5.015186488571429,31.640000000000004,29.414284901714318,6.0190896514285726,1.8,0.0,0.0,0.0,5.356299877166748,5.389699935913086,5.127049922943115,5.171199798583984,0,33.1478880931205,0.1997310500359004,5.496699810028076,5.251999855041504,-0.0002001115756651,0.1728298168407767,256.974,-0.0909769525053838,2.2851297401217163,0,1,0,0,5,0,8,31,-0.8660254037844385,-0.5000000000000004,-0.5680647467311556,-0.8229838658936566,22.84000015258789,-0.022511792619549,24.417500019073486,1.0,3138.9182777404785,0.07096579493887381,580.0,612.25,18.682142857142857,49.2714285614286,20.141520428398593,41.303396696496385,4339.4482995136905,2532.5644646421742,451.72095871787917,3362.912440467385,7.865566862333054,0.7175562474443589,0.5805519215033124,0.46512705952159883,1.5427101419454972,0.07537067545304778,0.12291487900349043,0.06992540662392038,1.0778723830622794,0.9312733064429551,-0.8666748104430353,0.2624451245535491,0.21505923049040987,1.2203387492445474,0.0011917349629593232,0.0,0.33394114962201593,0.0011917349629593232,0.0,0.30797856415336183,0.3580802862246222,0.33394114962201593,1.0
2022-08-08 00:00:00+00:00,608.5,616.0,583.0,604.0,572783,54.510556621881,0.6470775899176868,616.625,701.92,627.5744600251984,712.9828172613438,520.2671827386562,-31.34183745495613,-36.82688298699258,5.485045532036445,0.0024711696869852,-0.2181175714744619,31.82857142857143,17.000000086857156,5.521487043265306,29.75857142857143,19.7628564034286,4.853272027551021,5.2,0.0,0.0,0.0,5.184000015258789,5.313000202178955,5.102099895477295,5.164599895477295,0,29.52153477369636,0.1963908405082904,5.171199798583984,5.338200092315674,-0.0022214553665932,0.1936211309689819,256.974,-0.0909769525053838,2.2851297401217163,0,0,0,0,0,0,8,32,-0.8660254037844385,-0.5000000000000004,-0.663122658240795,-0.7485107481711013,21.290000915527344,-0.0702758695604595,23.19750022888184,1.0,3142.659036397934,-0.13116858415393617,607.0,580.0,27.210714285714285,66.34571525228574,20.761975331635554,39.91368441952427,3357.56400952341,3033.434449815732,81.0323899269194,3274.8110788396048,0.3858400808282312,0.6835121856718923,0.5792557517524229,0.4617044711846638,1.4804105516110728,0.054231717337715694,0.1237545955657983,0.07010806687097146,0.773544500978468,1.1975564773984573,-0.8885044275268262,0.25104139011632937,0.21414341098656015,1.1723049391841227,0.012102691498344642,0.0,0.4638468474384275,0.012102691498344642,0.0,0.20503219931505526,0.33112095324651725,0.4638468474384275,2.0
2022-08-15 00:00:00+00:00,626.75,640.5,613.0,614.5,543958,63.61556064073227,0.4758652617353637,604.0375,689.425,627.45902559558,641.6841518396916,566.3908481603085,-16.722536909772316,-26.240481085004784,9.517944175232468,0.0299917830731306,0.0372362432767894,27.63,18.082857222857157,4.8818670040816325,32.027857142857144,43.06000028171431,5.48233664122449,1.4000000000000001,0.0,0.0,0.0,5.110099792480469,5.160900115966797,5.0355000495910645,5.074900150299072,0,28.62357898153219,0.1692534755160819,5.164599895477295,5.422800064086914,-0.0089633503922021,0.1908345232061656,256.974,-0.0909769525053838,2.2851297401217163,0,0,0,0,0,0,8,33,-0.8660254037844385,-0.5000000000000004,-0.7485107481711011,-0.6631226582407952,19.950000762939453,-0.0650083403296298,21.86000061035156,1.0,3180.6936691999435,-0.8053580867148262,608.5,607.0,25.69214285714286,39.02857294228574,21.4888064162305,40.11667253966557,3213.387866281441,3111.790570295879,25.399323996390514,3237.1641149837405,19.413183991999603,0.6730083635638838,0.5798273590350304,0.4518805548123358,1.48935009816893,0.043877143996808934,0.11358602436516008,0.07029791605477984,0.6241598644406318,1.1298027594239652,-0.9045514382713132,0.252483104506494,0.19255738154044172,1.3112096216439786,0.029392208322809088,1.0,0.672521222277661,0.029392208322809088,1.0,0.09800323757340777,0.22947554014893123,0.672521222277661,2.0
2022-08-22 00:00:00+00:00,633.5,635.25,608.0,624.0,287180,70.46004842615012,0.2734836109491804,613.85,676.25,625.3784204450844,640.6795791206567,587.0204208793433,-10.34209324909432,-17.33544917865082,6.9933559295565,0.0107698444355803,0.1227292866637128,26.892857142857142,17.357143122285727,4.352494493877551,27.850714285714282,29.76571449657145,4.724506895918367,0.0,0.0,0.0,0.0,5.095600128173828,5.2170000076293945,5.075442790985107,5.168399810791016,0,48.591532317780896,0.17676332701427,5.074900150299072,5.497799873352051,-0.0160481777275515,0.1765972955702621,256.974,-0.0909769525053838,2.2851297401217163,0,0,0,0,0,0,8,34,-0.8660254037844385,-0.5000000000000004,-0.8229838658936564,-0.5680647467311559,23.799999237060547,0.1764563670426981,21.97000026702881,1.0,3274.1812801361084,-1.513840820249766,626.75,608.5,28.81357142857143,75.58571609714289,21.899252085229453,39.448868794949824,3309.9965089325196,3058.2296228047126,62.941721531951885,3251.970981044688,73.34086197309682,0.18601812546368837,0.5459896143940371,0.45493175690917564,0.4088923636340079,0.04301499605367009,0.06036787208548986,0.06868450862894902,0.6262691638860844,0.6253761201397955,-0.9443756287778329,0.23373793666980433,0.19070459278311128,1.2256544061269194,0.05720608568628349,1.0,0.8919006739624277,0.05720608568628349,1.0,0.02633151720829082,0.08176780882928147,0.8919006739624277,2.0
2022-09-05 00:00:00+00:00,669.0,683.0,655.0,681.25,67438,64.95575221238938,0.2528688309563145,643.1375,657.92,651.2679998684597,693.7252234431437,592.5497765568564,8.135805237485783,2.4382309828105706,5.697574254675213,0.0003738317757009,0.1108343711083437,28.02285714285714,17.62000039428573,4.66070271755102,29.995714285714286,27.46571476571431,4.434253904285714,1.4,0.0,0.6000000000000001,0.6,5.027200222015381,5.24807596206665,4.998009204864502,5.171000003814697,0,57.395066058692855,0.1451773708249769,5.0625,5.211100101470947,-0.0090844968597931,0.1386580005623469,256.974,-0.0909769525053838,2.2851297401217163,0,0,1,0,0,1,9,36,-1.0,-1.8369701987210294e-16,-0.9350162426854148,-0.3546048870425359,25.46999931335449,-0.028639720372481,23.857499599456787,2.0,3459.3990025520325,-0.8174727334739262,683.75,633.5,28.00428571428571,26.714285781714313,22.741524754830653,38.631944542528565,3623.6134510305014,3064.2657124135408,139.83693465424022,3385.225404196901,99.35017050657359,0.1687353382999823,0.5464966140391838,0.4494270647154284,0.3754454232799023,0.04185351270553064,0.05078194568236479,0.06921275813103922,0.6047079727585839,0.1610053295204014,-0.9440294065114914,0.14057867481486086,0.19698088812431155,0.71366653393033,0.05956325293433773,1.0,0.9027501728682533,0.05956325293433773,1.0,0.023472746221140456,0.0737770809106062,0.9027501728682533,2.0
2022-09-12 00:00:00+00:00,712.25,721.5,666.5,670.75,6548,74.80314960629921,0.2769811782202854,659.5625,651.415,666.6357976226086,716.6549630937161,602.4700369062839,14.186636330144324,8.546636668953099,5.639999661191226,0.0646487294469357,0.1319030591974572,26.12142857142857,12.282857400000015,4.029532751836735,25.608571428571427,31.722857662857173,4.581067520816326,0.8,0.0,1.0,0.0,5.153900146484375,5.249199867248535,5.103637218475342,5.146299839019775,0,49.229561563849074,0.1528380415832099,5.171000003814697,5.1570000648498535,-0.0133317061353358,0.1507842401979161,256.974,-0.0909769525053838,2.2851297401217163,0,0,1,0,0,2,9,37,-1.0,-1.8369701987210294e-16,-0.970941817426052,-0.2393156642875577,23.8700008392334,-0.0648787865231355,24.837499618530277,1.0,3665.452060341835,-1.2421936610281963,669.0,683.75,29.401428571428568,21.79142893428574,22.926495507975222,38.18619700190461,3784.788323780378,3145.47003523461,159.8295721364421,3497.3160666548747,99.57348165730787,0.1870155519495675,0.5620764282714519,0.4606342555805848,0.4059957452662636,0.07722007722007722,0.0553796176588371,0.07080884477867225,1.0905426653410026,0.016886505430798223,-0.9337813412203665,0.14144413572820871,0.19580389284345193,0.7223764882832564,-0.028417992023056393,0.0,0.10239432177058304,-0.028417992023056393,0.0,0.6617045656753943,0.23590111255402268,0.10239432177058304,0.0
2022-09-19 00:00:00+00:00,678.25,725.0,667.5,721.25,447546,47.85156249999999,0.2950608349172867,677.1875,645.235,675.1953511574625,715.6027775941247,638.7722224058753,11.619509528362869,12.081362227335664,-0.4618526989727947,-0.0477360477360477,0.0943929003630497,28.135714285714283,12.220000665714299,4.104135530612245,23.58428571428571,29.191429931428594,3.9139152138775506,1.2000000000000002,0.0,0.0,0.0,5.0920000076293945,5.307600021362305,5.066973209381104,5.250699996948242,0,64.68271247053045,0.1672148548475349,5.146299839019775,5.166999816894531,-0.0129351177373284,0.1493302040502824,256.974,-0.0909769525053838,2.2851297401217163,0,0,1,0,0,3,9,38,-1.0,-1.8369701987210294e-16,-0.992708874098054,-0.1205366802553235,25.76000022888184,0.0762004346120791,25.3274998664856,2.0,3561.2872729301453,-1.202534821227456,712.25,669.0,29.192857142857143,84.2257168857143,22.968933585801707,37.60588944897067,3732.9134743867357,3340.8978810252706,98.0038983403663,3522.904549164983,78.73322310017492,0.2687992110541282,0.5582891679111703,0.4529798977371529,0.5934020614664927,0.08477699963140435,0.06355958878575618,0.07307967508004568,1.1600624652192517,1.1209322793561747,-0.39814505296591485,0.13519137707289594,0.19015052402384833,0.7109702729309216,-0.01617722713470282,0.0,0.17381009563365735,-0.01617722713470282,0.0,0.5147110920188603,0.3114788123474823,0.17381009563365735,0.0
2022-09-26 00:00:00+00:00,666.25,698.5,665.5,677.75,642632,44.2,0.2973009430820063,683.35,642.345,677.2944357413398,712.3229456381201,654.3770543618799,6.765914346523118,10.07310325460726,-3.307188908084143,-0.0176925912274235,0.0133079847908745,23.245714285714286,14.125714682857156,4.0041155,27.423571428571428,19.168572108571453,4.157343434081632,1.4,0.0,0.0,0.0,5.170899868011475,5.388899803161621,5.112679958343506,5.258800029754639,0,56.5751507713864,0.1884987222833921,5.250699996948242,5.108699798583984,0.0008764668057697,0.1754003227167199,256.974,-0.0909769525053838,2.2851297401217163,0,0,1,0,0,4,9,39,-1.0,-1.8369701987210294e-16,-1.0,-1.8369701987210294e-16,32.2599983215332,0.2250051105463951,26.83999967575073,2.0,3503.675519824028,0.1786236330823538,678.25,712.25,29.716428571428573,19.157142812000025,23.25632957565782,36.41638510442879,3725.5363644024897,3369.3705634215307,89.04145024523964,3515.2129374286014,55.70281661456546,0.29339768374238445,0.23931953448280588,0.45310335542625224,0.647529252991475,0.04953095684803002,0.06486278094462816,0.07300682840364539,0.6784427038763102,1.4906806940482331,-0.37581217155446944,0.1273119232939946,0.18740357172353003,0.6793462650132986,0.05197661149113797,1.0,0.8639897405746699,0.05197661149113797,1.0,0.03393347937481677,0.10207678005051335,0.8639897405746699,2.0
2022-10-03 00:00:00+00:00,680.75,696.25,661.5,666.25,826287,35.0132625994695,0.275152422635512,683.4125,650.835,675.9292619219495,711.3038658589137,655.5211341410863,3.1220645789870787,5.6584391722187215,-2.536374593231643,0.0217636022514071,0.0341815419673376,21.04,3.9628572257142998,3.8237803163265305,23.590714285714284,25.56571507428574,3.8330357361224485,0.0,0.0,1.2000000000000002,1.0,5.389400005340576,5.428299903869629,5.159856796264648,5.414299964904785,0,71.92219074010649,0.2096571040037186,5.258800029754639,5.2403998374938965,0.0276277283815151,0.207309409219313,256.974,-0.0909769525053838,2.2851297401217163,0,0,1,0,0,5,10,40,-0.8660254037844386,0.5000000000000001,-0.992708874098054,0.1205366802553232,30.100000381469727,-0.0693028362394697,27.99749994277954,2.0,3685.7847011089325,2.853749790656894,666.25,678.25,31.640000000000004,29.414284901714318,23.277902782758236,35.71634187667763,3776.6938824677645,3431.405894634706,86.32199695826456,3583.4416429007338,70.5828091196482,0.2844512941016198,0.23092648259941384,0.4594461208418566,0.619117835600033,0.05104663973558575,0.06088563722812558,0.07361351493026408,0.693441046111343,1.797555086477796,-0.47829649821726805,0.10354855262520472,0.1921513877778718,0.538890446922002,-0.015194020070835035,0.0,0.18098310863847994,-0.015194020070835035,0.0,0.5024252318656941,0.31659165949582596,0.18098310863847994,0.0
2022-10-10 00:00:00+00:00,698.25,706.5,671.5,680.75,677703,53.79939209726443,0.2468236744798287,682.475,659.145,679.6729190868878,706.6268769021547,658.3231230978454,4.465287203879939,4.284079664925562,0.1812075389543768,0.025706940874036,-0.0003579098067286,20.131428571428575,4.234285722285727,3.5785891934693876,22.47357142857143,4.462857145142889,3.8318076914285717,0.0,0.0,0.4,0.0,5.16349983215332,5.248899936676025,5.10890007019043,5.198400020599365,0,51.782250916898754,0.2591208967082072,5.414299964904785,5.2133002281188965,0.003348559552451,0.1996396966607738,256.974,-0.0909769525053838,2.2851297401217163,0,0,1,0,0,6,10,41,-0.8660254037844386,0.5000000000000001,-0.970941817426052,0.2393156642875573,32.45000076293945,0.0751752822330872,30.14249992370605,2.0,3629.782814383507,0.42583290775048377,680.75,666.25,29.75857142857143,19.7628564034286,23.226010437326828,33.69998802303023,3753.9966467189793,3436.268507404327,79.43203482866309,3601.9781114938432,45.54009111589932,0.2969759955112992,0.230752730231282,0.4486275810235956,0.6619655176216742,0.05012531328320802,0.06253999734366104,0.07383043242272337,0.6789247312945881,1.446548076005627,-0.47797068419715055,0.19510458328684652,0.1949994526271067,1.0005390817919373,0.00316691880586939,0.0,0.3562554262646474,0.00316691880586939,0.0,0.28733842823832934,0.35640614549702326,0.3562554262646474,1.0
2022-10-17 00:00:00+00:00,683.5,702.0,680.0,697.0,702865,60.810810810810814,0.1956383422729827,682.775,668.24,684.1055983380734,702.2455580706111,663.3044419293889,4.982248654709451,5.03935923871853,-0.057110584009079,-0.0211242391693519,0.0092284976005905,15.434285714285712,8.917143291428584,3.4042876138775506,17.919285714285714,9.680000139428598,3.3895914989795917,0.0,1.6,0.0,0.0,5.186800003051758,5.378499984741211,5.159780025482178,5.327400207519531,0,44.84366783549293,0.2501290006799744,5.198400020599365,5.246099948883057,-0.0041656547268849,0.2542547779467815,256.974,-0.0909769525053838,2.2851297401217163,0,0,1,0,0,7,10,42,-0.8660254037844386,0.5000000000000001,-0.9350162426854148,0.3546048870425355,31.3700008392334,-0.0338484177060052,31.545000076293945,2.0,3641.2780418395996,-0.3255885201831062,698.25,680.75,32.027857142857144,43.06000028171431,22.883641100356435,32.150311385378515,3771.3890845121496,3458.871454065884,78.12940761156632,3617.698083632146,63.01856601217342,0.22517643323168043,0.2301374423159489,0.443482315558558,0.507746127082009,0.03218727139722019,0.05353343617908964,0.07338125626920065,0.43863063467916374,1.4654711018435025,-0.48058921566760016,0.20625610618242793,0.18864672765004198,1.0933457358009182,-0.03362029002065359,0.0,0.08083805441595282,-0.03362029002065359,0.0,0.7172810604245127,0.2018808851595345,0.08083805441595282,0.0
2022-10-24 00:00:00+00:00,681.5,688.0,674.0,683.0,622991,48.93617021276596,0.1513059374142038,682.7875,674.135,683.2504279250943,699.9418112580755,665.6331887419245,2.212670217155392,3.5600655396750422,-1.3473953225196509,-0.0029261155815655,0.0070188400443296,18.555714285714284,3.0257143314285835,3.0042497824489796,16.37142857142857,17.322857908571454,3.4113391844897953,0.2,1.8,2.0,0.0,5.277359008789063,5.2993998527526855,5.159900188446045,5.163400173187256,0,49.99037855107424,0.2426010319682433,5.327400207519531,5.115499973297119,0.0127703581472593,0.2501331543226344,256.974,-0.0909769525053838,2.2851297401217163,0,0,1,0,0,8,10,43,-0.8660254037844386,0.5000000000000001,-0.8854560256532101,0.464723172043768,29.850000381469727,-0.0496671963371583,30.94250059127808,2.0,3518.857218027115,1.3680127672313138,683.5,698.25,27.850714285714282,29.76571449657145,22.463498356554638,31.19370148364903,3760.8239260678833,3477.0274616116935,70.94911611404756,3578.1617373901336,52.04040208580938,0.23418751924970674,0.25596188132323217,0.44305572063506155,0.528573502286112,0.020542920029347028,0.04068662025867818,0.07058685344911919,0.291030356436717,1.3164271777041492,-0.38650037372641094,0.22888252074088197,0.19777588361230672,1.1572821973417675,0.03925718133694445,1.0,0.7708044369966447,0.03925718133694445,1.0,0.06221882262771197,0.16697674037564336,0.7708044369966447,2.0
2022-10-31 00:00:00+00:00,691.5,700.0,676.25,681.5,676957,48.61111111111112,0.1366668774966327,685.7875,680.68,684.057487764112,698.1134194170567,673.4615805829434,1.8756864003937608,2.378687522189937,-0.5030011217961761,0.0146735143066765,0.0206642066420663,16.305714285714284,18.625714400000014,2.8582489220816325,24.91571428571429,6.465714354285735,3.0710541767346937,0.0,0.0,0.2,0.2,5.30620002746582,5.399843215942383,5.210100173950195,5.28849983215332,0,56.83558194749986,0.2358769681663384,5.163400173187256,5.396200180053711,-0.010250526647778,0.2277978526341621,256.974,-0.0909769525053838,2.2851297401217163,0,0,1,0,0,9,10,44,-0.8660254037844386,0.5000000000000001,-0.822983865893657,0.5680647467311548,25.8799991607666,-0.1427144154133417,29.88750028610229,2.0,3656.997633934021,-0.9340757122724161,681.5,683.5,27.2,38.72285747142859,22.621705835855263,29.598347475303015,3737.551570437378,3485.906283654743,62.91132169565867,3609.6960960076885,45.612508135731446,0.25742052559972156,0.26089972428319974,0.42814536878721055,0.6012456010360451,0.03434562545191613,0.0376495539794554,0.0692004623135252,0.4963206796668539,1.4816401200226292,-0.3870472170804758,0.24587577536493985,0.18978097455526644,1.2955764558874336,-0.061648886439351624,0.0,0.02119754800196408,-0.061648886439351624,0.0,0.9115286554374887,0.06727379656054719,0.02119754800196408,0.0
2022-11-07 00:00:00+00:00,675.75,698.5,675.25,689.0,713279,45.91439688715953,0.146016900073592,685.65,683.395,683.7447041332302,698.2588941040999,673.0411058959,0.4530317767809038,1.8008931440579885,-1.3478613672770847,-0.0227765726681128,-0.0109769484083425,17.507142857142856,16.328572114285727,2.487833698367347,17.914285714285715,39.6228573714286,2.495541903346939,0.0,1.0,0.4,0.0,5.178800106048584,5.217329025268555,4.997541904449463,5.078132152557373,0,35.75785465689026,0.1850629759455398,5.28849983215332,5.220099925994873,-0.009541212682296,0.2399091489679914,256.974,-0.0909769525053838,2.2851297401217163,0,0,1,0,0,10,11,45,-0.5000000000000004,0.8660254037844384,-0.7485107481711011,0.6631226582407952,24.350000381469727,-0.060938572010118,27.862500190734863,1.0,3431.547802090645,-0.8631443157242161,691.5,681.5,29.995714285714286,27.46571476571431,22.318001311883034,30.245090049246603,3775.675890086808,3348.664457858882,106.75285805698145,3538.4367784408714,30.07713543689755,0.2775089299833538,0.28390648675690405,0.428250358733712,0.648006283809904,0.03440621531631521,0.03432146909560129,0.06830764369756911,0.5036948783023363,1.5205406402723725,-0.25413396294293367,0.24542689307134732,0.19485190475487404,1.259555972955653,0.011106848568448457,0.0,0.45148869126005087,0.011106848568448457,0.0,0.2132672680477097,0.33524404069223945,0.45148869126005087,2.0
2022-11-14 00:00:00+00:00,657.25,677.0,652.25,675.75,1118132,30.921052631578945,0.1344263789821128,677.825,682.115,674.231457341429,701.4548762720773,654.1951237279228,-5.837672934383477,-2.18080793669681,-3.6568649976866663,-0.0273769885312615,-0.0471185212033345,9.664285714285715,16.497142621428583,2.1585430386938778,13.282857142857143,46.331429868571455,2.4644941092653063,0.0,3.6,0.0,0.0,5.153326988220215,5.400899887084961,5.098262786865234,5.279058933258057,0,48.14227086897687,0.194876753233995,5.078132152557373,5.259799957275391,-0.0072143633242165,0.1857267896159882,256.974,-0.0909769525053838,2.2851297401217163,0,0,1,0,0,11,11,46,-0.5000000000000004,0.8660254037844384,-0.6631226582407955,0.7485107481711007,23.729999542236328,-0.025791814037539,25.9524998664856,1.0,3469.6614838838577,-0.6304593799162661,675.75,691.5,25.608571428571427,31.722857662857173,21.735088784849108,31.282918424686915,3716.3286653145315,3322.2034036532878,98.53131541531081,3510.9266606180663,33.62827200424344,0.28903149726760463,0.2852091155645334,0.42670155637497986,0.6773621660755926,0.03765690376569038,0.031827787192097765,0.06701615230540353,0.5619077916470621,2.318221234410692,-0.2630374344774204,0.2614371275503161,0.20322835038522588,1.2864204929604985,0.02285694105053171,1.0,0.596967880945624,0.02285694105053171,1.0,0.13092019100337696,0.27211192805099904,0.596967880945624,2.0
2022-11-21 00:00:00+00:00,659.5,675.0,651.25,657.0,769085,24.584717607973417,0.146049816345003,673.7125,679.795,670.6341980258702,698.9921334709021,648.4328665290979,-5.264939161321195,-4.257942802131296,-1.0069963591898985,0.0034233548877899,-0.0361709901351845,1.0342857142857143,6.6914285757143,1.1434168778367346,1.1635714285714287,16.599999565714313,1.8337234134693876,0.0,7.0,0.2,0.2,5.331200122833252,5.519577026367188,5.288400173187256,5.38129997253418,0,66.03242629409576,0.208760200999142,5.279058933258057,5.216599941253662,-0.0117736237799153,0.2099756642848205,256.974,-0.0909769525053838,2.2851297401217163,0,0,1,0,0,12,11,47,-0.5000000000000004,0.8660254037844384,-0.5680647467311559,0.8229838658936564,22.36000061035156,-0.059466375573688,24.07999992370605,1.0,3548.9673318862915,-1.086385425486146,657.25,675.75,23.58428571428571,29.191429931428594,20.40789411670216,30.335633337011267,3726.060906149576,3327.5262197478314,99.6336716004361,3526.1429291253567,53.129885842736485,0.3059847805002143,0.25368697782992716,0.4250157026341948,0.7199375726693926,0.03601213040181956,0.03259275899301763,0.06631510209918569,0.5430456084875075,1.5012619259295694,-0.2536435883996965,0.2562703233495443,0.20375823371384946,1.2577175709731816,0.01915125355143865,1.0,0.5517051712221451,0.01915125355143865,1.0,0.15348011498807831,0.29481471378977653,0.5517051712221451,2.0
2022-11-28 00:00:00+00:00,668.75,670.0,655.75,659.5,432595,44.57364341085271,0.1515732455226263,669.8375,677.475,668.672743460438,694.041281240085,645.6337187599149,-4.205258694683266,-4.6365875009159385,0.4313288062326723,0.0014975664545113,-0.0197874679369732,9.921428571428573,3.091428931428581,1.334566325387755,2.322142857142857,11.75142881428574,1.1068493797755101,0.0,3.0,2.6,0.6,5.318600177764893,5.423799991607666,5.281799793243408,5.4085001945495605,0,68.64023797664123,0.1870408101855312,5.38129997253418,5.339200019836426,-0.007553231099348,0.2058561077678958,256.974,-0.0909769525053838,2.2851297401217163,0,0,1,0,0,13,11,48,-0.5000000000000004,0.8660254037844384,-0.4647231720437684,0.88545602565321,22.209999084472656,-0.0067310788985464,23.16249990463257,1.0,3616.9345051050186,-0.6643461574294162,659.5,657.25,27.423571428571428,19.168572108571453,19.24107145479511,29.136652400061234,3682.3138043276076,3351.2417571552987,82.76801179307719,3562.459559517222,45.12420081591891,0.2878375720753112,0.2491943990761096,0.42479519247016245,0.6775913908668233,0.02130841121495327,0.03274585723013888,0.06264452265993335,0.3401479795631369,0.8109839921607571,0.04328158746023626,0.21901235259448662,0.2022493317993205,1.0828828941841453,-0.092928706728021,0.0,0.00451225701270342,-0.092928706728021,0.0,0.9800902546565271,0.015397488330769475,0.00451225701270342,0.0
2022-12-05 00:00:00+00:00,628.75,671.25,625.5,667.5,143584,31.372549019607845,0.1462805001212871,660.0625,673.89,659.8561216800582,682.8734363199233,637.2515636800767,-8.645641317559125,-5.679499098160699,-2.966142219398426,-0.0598130841121495,-0.0743467059256532,4.885714285714286,10.934286825714299,1.283393957632653,8.955714285714285,11.225715580000013,1.357200646877551,0.0,5.2,0.0,0.0,5.364699840545654,5.365499973297119,5.1631999015808105,5.2179999351501465,0,40.9326951282114,0.188942079261125,5.4085001945495605,5.1149001121521,0.0164984904385533,0.1891464701810307,256.974,-0.0909769525053838,2.2851297401217163,0,0,1,0,0,14,12,49,-2.4492935982947064e-16,1.0,-0.3546048870425359,0.9350162426854148,20.75,-0.0679963500082256,22.262499809265137,1.0,3280.8174592256546,1.7408259963607138,668.75,659.5,23.590714285714284,25.56571507428574,18.577500024531833,27.981108089089542,3769.5771998207047,3188.6131902297066,145.24100239774958,3449.802719400595,35.54848903917437,0.39821092532789415,0.33640442967965833,0.2876948334928179,1.3841434225700164,0.07276341948310139,0.04042941603637594,0.050827405761487365,1.4315781826200031,0.2721899066005868,0.4848735033714277,0.249709848607521,0.20497274231857657,1.2182587479696438,0.023203478199126826,1.0,0.6011295784602879,0.023203478199126826,1.0,0.12896131552900514,0.26990910601070695,0.6011295784602879,2.0
2022-12-12 00:00:00+00:00,641.25,644.5,623.0,630.75,2315,37.62711864406779,0.1538546210135332,652.175,670.09,649.2918553032529,684.2157224440863,620.1342775559136,-10.736907496074082,-9.324093945203408,-1.4128135508706734,0.0198807157057654,-0.018369690011481,4.484285714285714,4.997142811428586,0.9324398982857144,3.6107142857142853,17.857144314285744,1.2273127080204083,0.0,6.8,0.4,0.0,5.28000020980835,5.348899841308594,5.193943977355957,5.235000133514404,0,43.019631763100186,0.1790223931814093,5.2179999351501465,5.341579914093018,0.0066143885685912,0.1937265274196468,256.974,-0.0909769525053838,2.2851297401217163,0,0,0,0,0,0,12,50,-2.4492935982947064e-16,1.0,-0.2393156642875578,0.970941817426052,25.0,0.1863295781914935,22.57999992370605,1.0,3356.9438356161118,0.7524158093645038,628.75,668.75,22.47357142857143,4.462857145142889,17.61190094460812,27.327949135876395,3767.018063819697,3134.813502096841,158.05114043071387,3412.6591658868024,39.92722648467054,0.37703592200291913,0.31436110708030846,0.2825878738893641,1.3342253631459031,0.03352826510721248,0.04025382599455539,0.04823657763753764,0.695079539190306,0.004581389170209401,0.12871251195190836,0.1978257329203921,0.20299218547798267,0.9745484670214775,0.023144303286831702,1.0,0.6004199398969985,0.023144303286831702,1.0,0.12929403731790998,0.2702860227850915,0.6004199398969985,2.0
2022-12-19 00:00:00+00:00,647.25,655.75,639.0,642.5,335777,38.98809523809524,0.1603288213588957,647.775,666.69,648.6653632279243,676.3328360525118,619.2171639474882,-5.8484031554751255,-8.029575749582708,2.181172594107583,0.0093567251461987,-0.0303370786516854,0.7157142857142859,25.511429305714298,0.696129725877551,3.117142857142858,19.811428588571456,0.7342981213469387,0.0,6.2,0.0,0.0,5.321300029754639,5.366154193878174,5.239099979400635,5.306509017944336,0,44.79335105361737,0.1594604290361961,5.235000133514404,5.422100067138672,0.0020460699130695,0.155502442783824,256.974,-0.0909769525053838,2.2851297401217163,0,0,0,0,0,0,12,51,-2.4492935982947064e-16,1.0,-0.1205366802553236,0.992708874098054,22.420000076293945,-0.1089224038212455,22.59499979019165,1.0,3434.6379618644714,0.2955839438123338,641.25,628.75,17.919285714285714,9.680000139428598,16.676755261545846,26.84301232637285,3710.6007908397505,3134.0660900658777,144.1336751934681,3421.45068427787,39.753683239507104,0.385180864208246,0.3221409631784194,0.2826354828482799,1.3628184497515072,0.025878717651602934,0.03789818877173791,0.045761979747465396,0.5655068277059843,0.6714526106557775,0.224618689110256,0.15585067134338343,0.1781733267343225,0.8747137714313292,0.0017692955766559493,0.0,0.3403948297757953,0.0017692955766559493,0.0,0.30185821780229133,0.3577469524219134,0.3403948297757953,1.0
2022-12-26 00:00:00+00:00,666.25,667.75,646.75,647.75,391476,76.97841726618705,0.1722429189508128,647.45,663.87,652.654145141306,675.494419653228,619.4055803467721,-0.7289289851503327,-4.697040418767183,3.9681114336168495,0.0202909647779478,0.0045231813041839,-8.002857142857144,9.111428482857157,0.6328361047346939,-4.731428571428571,47.54000131714289,0.7363195862653061,0.0,7.0,0.0,0.0,5.291600227355957,5.322199821472168,5.116315841674805,5.164299964904785,0,36.307667651941706,0.1552661917439091,5.306509017944336,5.320000171661377,-0.0009965778044061,0.1560595181296639,256.974,-0.0909769525053838,2.2851297401217163,0,0,0,0,0,0,12,52,-2.4492935982947064e-16,1.0,6.432490598706546e-16,1.0,20.8700008392334,-0.0716406597454173,22.26000022888184,1.0,3440.714851617813,-0.00868082793522619,647.25,641.25,16.37142857142857,17.322857908571454,15.295582111031369,28.178301938680594,3528.9592461226825,3227.597808039343,75.34035952083501,3429.1563512138473,32.236439114425394,0.37354774463824253,0.321939339688042,0.28261852411282323,1.321738313486262,0.03151969981238274,0.03699970265385054,0.04462637887119875,0.7063018229719482,0.7972869807273678,0.2259129433868337,0.15736586770564456,0.18398947714015965,0.855298148560881,0.0422868323311687,1.0,0.7964644181412498,0.0422868323311687,1.0,0.0539446979421015,0.14959088391664865,0.7964644181412498,2.0
2023-01-09 00:00:00+00:00,652.75,681.25,648.5,677.25,696527,49.83818770226537,0.1673655653512307,657.6375,660.785,659.2651816347138,685.519995452052,629.7550045479481,0.902636478302952,1.7142647575274743,-0.8116282792245222,-0.0379513633014001,0.0398247710075667,3.0814285714285714,25.065715685714295,0.6402136764081633,5.068571428571429,22.454286005714316,0.7177531532244898,0.0,6.2,0.0,0.0,5.360130786895752,5.479400157928467,5.220956802368164,5.224400043487549,0,45.51760243303709,0.1569837984867977,5.2855000495910645,5.224299907684326,0.0001703424889621,0.1322577109983068,256.974,-0.0909769525053838,2.2851297401217163,0,0,0,0,0,0,1,2,0.4999999999999999,0.8660254037844387,0.2393156642875577,0.970941817426052,21.96999931335449,0.0137490360737548,21.732500076293945,1.0,3410.2271283864975,0.1080112014015938,678.5,666.25,17.914285714285715,39.6228573714286,13.238937399679156,26.95915914694406,3627.8196489271727,3308.076213830987,79.93585877404644,3459.2779658669933,56.57408395868242,0.2549694326964344,0.3345068565065392,0.29950153520120826,0.8513125784547899,0.050172347759479125,0.03345193576399837,0.04409842168111449,1.1377354215743196,1.3756907195827586,0.22605544838229444,0.14447393326526306,0.18419202934089773,0.7843657835715394,0.005643412397654091,0.0,0.38513012872730923,0.005643412397654091,0.0,0.2626635006891858,0.352206370583505,0.38513012872730923,2.0
2023-01-16 00:00:00+00:00,675.0,676.75,648.25,651.75,693387,59.41558441558441,0.1764486433846081,662.55,658.88,661.2194905199867,684.8739309875959,640.226069012404,2.169725661606208,1.3756155433886363,0.7941101182175714,0.0321100917431191,0.0485436893203883,4.434285714285714,3.7057143142857303,0.7932284065306122,0.7414285714285711,39.55428832571431,0.6712178114285715,0.0,6.0,1.0,0.0,5.253699779510498,5.270648002624512,5.080699920654297,5.080699920654297,0,41.098364145108974,0.179879259361929,5.224400043487549,5.311800003051758,-0.0237192305223762,0.1855363415541105,256.974,-0.0909769525053838,2.2851297401217163,0,0,0,0,0,0,1,3,0.4999999999999999,0.8660254037844387,0.3546048870425356,0.9350162426854148,18.350000381469727,-0.1800482598536198,20.71500015258789,1.0,3429.4724464416504,-2.280946099732236,652.75,678.5,13.282857142857143,46.331429868571455,12.432646507533956,27.771748126219563,3628.039586693815,3305.273518352934,80.69151708522043,3447.355758096857,49.25526832522945,0.2475564266538916,0.30249622453838615,0.2855402565031242,0.8669755396869149,0.042222222222222223,0.03519072718700032,0.042662914876320665,0.9896701256330634,1.3324439958042538,0.19256346298744237,0.1688923886338427,0.18680690764061078,0.9041013618069915,0.011437556007438676,0.0,0.45558681472351215,0.011437556007438676,0.0,0.21050604608024057,0.3339071391962473,0.4555868147235122,2.0
2023-01-23 00:00:00+00:00,666.25,688.75,661.25,671.5,824995,42.31974921630094,0.1731981011295205,668.4625,658.785,667.189969532352,691.08949540493,645.83550459507,4.423781075153329,3.603208612155322,0.8205724629980069,-0.0129629629629629,0.0218558282208589,2.0571428571428574,23.82285695428573,0.7972837334285714,3.964285714285713,12.351428748571461,0.8235524038367348,0.0,6.6,0.0,0.0,5.145999908447266,5.249170780181885,5.064700126647949,5.206299781799316,0,40.59446584080911,0.1888918580943546,5.080699920654297,5.165599822998047,-0.005300148044204,0.1814093693905185,256.974,-0.0909769525053838,2.2851297401217163,0,0,0,0,0,0,1,4,0.4999999999999999,0.8660254037844387,0.4647231720437685,0.8854560256532099,19.809999465942383,0.0765572384623478,20.449999809265137,1.0,3468.6972296237946,-0.43903785191501626,675.0,652.75,1.1635714285714287,16.599999565714313,11.886300649905039,26.77688881153259,3631.423297475897,3315.880996573843,78.88557522551345,3455.8923467076324,53.682360001397235,0.23894481911737203,0.30256650673628266,0.28617659904430565,0.8349557985026609,0.04127579737335835,0.038270143131351395,0.04263402910971205,0.9681418471081644,1.4777833187524232,0.19195360995106076,0.18779374441569044,0.1878661017426807,0.9996147930762022,0.006731884758869544,0.0,0.39809576514518497,0.006731884758869544,0.0,0.25226014795068186,0.34964408690413323,0.398095765145185,2.0
2023-01-30 00:00:00+00:00,683.75,687.25,666.25,667.0,707058,71.08843537414967,0.1779601278053707,670.325,660.81,672.4823424712288,694.0925696785166,646.5574303214835,5.779513707939941,4.713854742916331,1.0656589650236103,0.026266416510319,0.0014646649578908,-2.154285714285714,11.862857412571444,0.6283043630612245,-0.9428571428571428,52.10857110571432,0.7269411991428572,0.0,6.8,0.0,0.0,5.205900192260742,5.214799880981445,5.054416179656982,5.107200145721436,0,37.87274019104769,0.188974446139146,5.206299781799316,5.284599781036377,0.0064166250808727,0.1918326587351592,256.974,-0.0909769525053838,2.2851297401217163,0,0,0,0,0,0,1,5,0.4999999999999999,0.8660254037844387,0.5680647467311558,0.8229838658936564,19.940000534057617,0.0065409575654546,20.01749992370605,1.0,3492.048099637032,0.7326394605926538,666.25,675.0,2.322142857142857,11.75142881428574,11.058613050371994,28.411190895028184,3524.2358181200975,3375.9866339243904,37.06229604892676,3470.3546478793924,31.737465298051262,0.23942044390043105,0.2978332116811693,0.2693297264533902,0.8889491634053739,0.030712979890310785,0.038108799146937,0.04030867424322373,0.7619444907947827,1.1917564189022145,0.20878485237773906,0.17634772803229523,0.1903683505270724,0.9263499855965651,0.0013361730891285895,0.0,0.335549399942577,0.0013361730891285895,0.0,0.30644151358189586,0.35800908647552715,0.335549399942577,1.0
2023-02-20 00:00:00+00:00,677.75,688.25,673.25,684.0,532831,44.73684210526316,0.1329431960478664,678.0375,667.005,676.738489094747,687.1915543219037,668.8834456780963,2.431842328476023,3.2247110753143726,-0.7928687468383497,-0.0040411462160175,0.0007382798080473,5.7871428571428565,17.825714631428585,1.4702359782040817,7.553571428571429,29.154286520000028,1.4011143267959183,0.0,5.0,0.0,0.0,5.158400058746338,5.2555999755859375,5.126577854156494,5.165168762207031,0,54.353537597738914,0.1583816631005211,5.213482856750488,5.172999858856201,-0.0144756411579006,0.1664948131134736,256.974,-0.0909769525053838,2.2851297401217163,0,0,0,0,0,0,2,8,0.8660254037844386,0.5000000000000001,0.8229838658936564,0.5680647467311559,20.020000457763672,-0.0158576013698842,19.93250036239624,1.0,3500.6931285858154,-1.3565871632846762,685.0,679.0,3.117142857142858,19.811428588571456,9.79039305158633,26.447899220791413,3590.2566493714444,3440.088883343876,37.54194150689197,3510.49726459411,59.243033668934814,0.11021263132176669,0.18065545420429688,0.2545157998678416,0.4330286255262298,0.022132054592401328,0.0288680264918294,0.034658512192246624,0.6385746763707206,0.873972264804736,0.26151330729169087,0.12583546148421862,0.18261826194369835,0.6890628201925709,-0.04381410476038483,0.0,0.05017765098436416,-0.04381410476038483,0.0,0.8085638378291476,0.1412585111864882,0.05017765098436416,0.0
2023-02-27 00:00:00+00:00,642.75,683.0,642.25,678.5,696312,28.096676737160124,0.1280339952080507,674.2375,669.565,669.9589199946363,696.1652971870352,652.3097028129647,-3.7744817442663816,0.4897563386798083,-4.26423808294619,-0.051641460715603,-0.0582417582417582,5.025714285714286,22.748569740000015,1.4454595175918368,7.152857142857143,34.08857136000003,1.4498911334081634,0.0,4.4,0.0,0.0,5.1666998863220215,5.2108001708984375,5.109600067138672,5.207799911499023,0,56.08152218072392,0.1463129289893036,5.165168762207031,5.062745094299316,-0.009946451668818,0.1557562224982554,256.974,-0.0909769525053838,2.2851297401217163,0,0,0,0,0,0,2,9,0.8660254037844386,0.5000000000000001,0.8854560256532099,0.4647231720437686,20.950000762939453,0.0454068860329112,20.1850004196167,1.0,3347.3133931159973,-0.9036682143764161,677.75,685.0,-4.731428571428571,47.54000131714289,9.620229444571544,26.940845810417777,3667.432457957867,3290.5457214969365,94.22168411523256,3445.2237160028653,26.125054188928402,0.18536402502044644,0.2045530894062361,0.2628602539270421,0.7051808525608685,0.06339945546479969,0.03329275811011767,0.03532221930132621,1.7948882819357976,1.1403804068563943,-0.1944132671621825,0.09832069551150822,0.17118882619607356,0.574340580240263,0.00014259187419618513,0.0,0.32237678409790504,0.00014259187419618513,0.0,0.31926978663466726,0.35835342926742775,0.32237678409790504,1.0
2023-03-06 00:00:00+00:00,644.5,648.25,623.5,642.0,24259,26.58959537572254,0.1666858582566636,664.25,668.62,658.2341337395425,700.6866790329402,627.8133209670598,-8.84092366231323,-5.434669474690592,-3.406254187622638,0.0027226760015557,-0.0455386893743058,8.715714285714286,30.43428488714287,1.5921828812244898,7.941428571428571,48.808567620000034,1.4784433876938776,0.0,4.0,0.0,0.0,5.199699878692627,5.2399001121521,5.15880012512207,5.194399833679199,0,55.225494226810696,0.144236139025311,5.207799911499023,5.049200057983398,0.0138439877843979,0.1458520541326221,256.974,-0.0909769525053838,2.2851297401217163,0,0,0,0,0,0,3,10,1.0,6.123233995736766e-17,0.9350162426854148,0.3546048870425355,18.61000061035156,-0.1184395793341776,19.980000495910645,1.0,3347.790692806244,1.4753757309451738,642.75,677.75,-7.84857142857143,14.097142714285742,9.511919710820385,28.351666572326312,3666.813724885131,3216.7027608059398,112.52774101979777,3406.250506724217,25.089870209150803,0.18012889425723966,0.20438722867830567,0.26267853556529297,0.6857388899789905,0.03840186190845617,0.03483053451374675,0.03563294882688801,1.077706235258768,0.042067682338448424,-0.1571272528472027,0.06486083546141688,0.16610929438673608,0.3904708149906385,-0.027077106231529813,0.0,0.1087226696548605,-0.027077106231529813,0.0,0.6465378446363712,0.2447394857087683,0.1087226696548605,0.0
2023-03-13 00:00:00+00:00,624.5,646.75,618.25,644.25,3189,23.33333333333333,0.1814136247019684,652.3,664.565,646.2851317385021,696.5039531454645,608.0960468545354,-12.31946398482478,-9.30761217453782,-3.0118518102869576,-0.0310318076027928,-0.0689526649273202,3.7585714285714285,17.762856344571443,1.527177270857143,8.637857142857142,68.47999803657146,1.591372238510204,0.0,7.0,0.2,0.0,5.152200222015381,5.278299808502197,5.10290002822876,5.21560001373291,0,55.72199041861908,0.1273654686287131,5.194399833679199,5.289500236511231,-0.0010006516171971,0.1330089697323628,256.974,-0.0909769525053838,2.2851297401217163,0,0,0,0,0,0,3,11,1.0,6.123233995736766e-17,0.970941817426052,0.239315664287558,26.520000457763672,0.3542000791276091,21.52500057220459,2.0,3257.1422085762024,-0.009088209214326196,644.5,642.75,5.068571428571429,22.454286005714316,9.455528577403403,30.940591182922773,3565.3649844729807,3161.104727069149,101.06506435095807,3346.607187465011,0.15150055436410526,0.18371111281728159,0.1769115481753873,0.26078809946585874,0.7044458936166806,0.045636509207365894,0.03895047258496955,0.03688762828578895,1.2371762283558139,0.005844128890805671,-0.07528375314405758,0.06206217188444548,0.15822622868137376,0.39223691596071153,0.025698983558019473,1.0,0.630636687532019,0.025698983558019473,1.0,0.1155820397529191,0.2537812727150619,0.630636687532019,2.0
2023-03-20 00:00:00+00:00,633.0,638.75,619.25,624.0,734523,52.611940298507456,0.1832203921166307,640.1375,660.945,640.333207580462,672.369583966824,607.905416033176,-9.918775550147302,-10.431737398878536,0.5129618487312335,0.0136108887109687,-0.0636094674556213,6.158571428571428,11.70285712914287,1.5499002767755101,3.127142857142857,28.171428019428596,1.4701151978571427,0.0,5.0,0.0,0.0,5.245699882507324,5.321486949920654,5.220570087432861,5.2778000831604,0,57.90008315470828,0.1106980319887392,5.21560001373291,5.216800212860107,0.0100007403096942,0.1146083324331094,256.974,-0.0909769525053838,2.2851297401217163,0,0,0,0,0,0,3,12,1.0,6.123233995736766e-17,0.992708874098054,0.120536680255323,24.14999961853028,-0.0936148182760014,22.55750036239624,1.0,3340.8474526405334,1.091050983474804,624.5,644.5,0.7414285714285711,39.55428832571431,9.047245627709174,30.76193549495541,3411.675553809948,3234.8713197595407,44.201058512601854,3344.3032935352207,25.64892841068084,0.19460962371817442,0.1596787714788194,0.2557600600236127,0.760906984816697,0.030805687203791468,0.040075113675362886,0.036710631373382714,0.8391487059696899,1.3390163942793734,0.4367433640860388,0.06118318805120562,0.15448306899371325,0.3960510655907855,0.017746585873210208,1.0,0.5342784679153144,0.017746585873210208,1.0,0.16282879370736691,0.30289273837731867,0.5342784679153144,2.0
2023-03-27 00:00:00+00:00,648.25,648.75,623.25,632.75,811327,54.646840148698885,0.1791619344078396,634.0875,658.9,639.5063789942449,650.0449062990137,618.1300937009862,-5.347880236408741,-8.347043911667855,2.9991636752591138,0.0240916271721958,-0.0026923076923076,9.512857142857143,18.139999988571443,1.9743542451836735,2.692142857142857,21.388571472857173,1.7099245538163264,0.0,3.8,0.0,0.0,5.235700130462647,5.336699962615967,5.201099872589111,5.245100021362305,0,59.36303038749705,0.1190605782329156,5.2778000831604,5.136199951171875,0.0091745757071842,0.113527238017505,256.974,-0.0909769525053838,2.2851297401217163,0,0,0,0,0,0,3,13,1.0,6.123233995736766e-17,1.0,-1.6081226496766366e-16,20.600000381469727,-0.1589932699892507,22.47000026702881,1.0,3400.136088848114,1.0084345232238037,633.0,624.5,3.964285714285713,12.351428748571461,8.637238997350057,30.157202332239397,3454.7645801359427,3218.193641299604,59.14273470908465,3366.636411660378,61.28113179095288,0.2146516235111301,0.16523823838992902,0.237246772522939,0.9047609465067279,0.039336675665252605,0.04351603788993315,0.03695715439082959,1.0643856560330007,1.4659271807334926,0.4039928393105062,0.05381816755145734,0.1389919197374257,0.3872035423432644,-0.020707444354518545,0.0,0.1436410408185749,-0.020707444354518545,0.0,0.5708627996252753,0.2854961595561498,0.1436410408185749,0.0
2023-04-03 00:00:00+00:00,657.75,668.5,644.5,646.75,767177,78.13953488372093,0.1514626620226876,637.4875,656.31,645.1015958031572,660.916831032573,614.0581689674269,0.791696829113107,-3.496722125145902,4.28841895425901,0.0146548399537216,0.0193723363037583,12.888571428571428,19.59714211857144,2.36053890322449,10.580714285714285,44.891427944285745,2.098054175795918,0.0,2.6,0.2,0.0,5.197100162506104,5.197700023651123,5.036215782165527,5.062300205230713,0,31.44476467347414,0.1216391873071782,5.245100021362305,5.1996002197265625,-0.0097896737547052,0.1195527219899885,256.974,-0.0909769525053838,2.2851297401217163,1,0,0,1,0,0,4,14,0.8660254037844387,-0.4999999999999998,0.992708874098054,-0.1205366802553228,18.549999237060547,-0.1048213463888513,22.45499992370605,1.0,3329.7279599905014,-0.8879904229651361,648.25,633.0,-0.9428571428571428,52.10857110571432,8.762624499825169,31.107797533016583,3449.321283516819,3214.6055715108564,58.678928001490775,3351.873030992428,47.02964915199434,0.16675996192645437,0.16781795574665578,0.23860032367659006,0.698909173163557,0.036488027366020526,0.03813375227017731,0.036898710570846094,0.988869716931322,1.4315439492689532,0.4460242174837159,0.13000836160479057,0.13617736043484632,0.954698722626552,-0.007252959321623731,0.0,0.2473775554830751,-0.007252959321623731,0.0,0.4043549068167143,0.3482675377002106,0.2473775554830751,0.0
2023-04-10 00:00:00+00:00,654.0,660.0,640.25,657.0,433757,65.32846715328466,0.1391779048729285,641.725,654.38,647.0173645068837,664.6182879154838,618.8317120845162,1.505116477848787,-0.6190493452170641,2.124165823065852,-0.0098410295230885,0.0573969280517381,16.73,19.2857140457143,3.1266957968571427,14.205714285714288,40.63999840285717,2.661194124,0.0,0.8,0.2,0.0,5.06309986114502,5.097599983215332,5.004350185394287,5.054399967193604,0,26.138434658620227,0.1142846213946615,5.062300205230713,5.163700103759766,-0.0059871766674106,0.1217003210894606,256.974,-0.0909769525053838,2.2851297401217163,1,0,0,2,0,0,4,15,0.8660254037844387,-0.4999999999999998,0.970941817426052,-0.2393156642875575,18.96999931335449,0.0223889998259007,20.56749963760376,1.0,3305.577578544617,-0.5077407142356761,657.75,648.25,-2.185714285714286,17.542857473714314,9.113791582785757,31.722778234296623,3424.414469218485,3263.7300707933978,40.17109960627187,3333.3548500133043,60.194671131511825,0.16778250362445465,0.16563492175658406,0.23498619629686593,0.7140100104960604,0.030198776758409786,0.03649313524016803,0.036608042888675606,0.8249216873195548,0.8355260521968377,0.4732295104053574,0.1303626257834297,0.13132784060372726,0.9926502656073306,0.004585572073082966,0.0,0.37268356257216034,0.004585572073082966,0.0,0.2730349479113315,0.35428148951650823,0.37268356257216034,2.0
2023-04-17 00:00:00+00:00,676.5,677.0,646.75,653.5,798412,67.7115987460815,0.142567818162164,649.55,652.365,652.7781815969122,672.9861394342415,626.1138605657584,4.795927879865644,1.8554410788610076,2.9404868010046368,0.0344036697247707,0.0691426313709995,20.96857142857143,5.497142977142866,4.770140041632653,17.65285714285714,21.27714324285718,3.623356766265306,0.0,0.8,1.7999999999999998,0.0,5.065299987792969,5.067599773406982,4.895641803741455,4.908699989318848,0,13.659299814576729,0.1110046801969201,5.054399967193604,5.229599952697754,-0.000771317514786,0.1075072645795146,256.974,-0.0909769525053838,2.2851297401217163,1,0,0,3,0,0,4,16,0.8660254037844387,-0.4999999999999998,0.9350162426854148,-0.3546048870425354,16.950000762939453,-0.1125908689128971,18.76749992370605,1.0,3320.7355427742004,0.013845201026783813,654.0,657.75,6.182142857142857,5.25428586514288,9.664699038274232,31.04886629936505,3422.903165192259,3255.185419886457,41.92943632645057,3328.3071271176627,44.049910745836904,0.13443875826315413,0.16656814369961492,0.23234165187844913,0.5786252761396126,0.044715447154471545,0.03630892282958916,0.037778394685651515,1.183624547583259,1.4856021654781968,0.46642706755103575,0.14240651085614525,0.13700320967681676,1.0394391547299002,-0.010025049320229074,0.0,0.22248340626460597,-0.010025049320229074,0.0,0.4381317976552159,0.33938479608017813,0.22248340626460597,0.0
2023-04-24 00:00:00+00:00,651.25,682.5,648.5,676.0,628765,46.30681818181818,0.1646644143975308,657.3875,651.33,657.3415389761254,676.830720304047,637.9442796959531,4.65024421996668,4.485698154445583,0.1645460655210975,-0.0373244641537324,0.0308666402849229,14.394285714285715,26.9228575757143,3.7428821173469387,13.950000000000001,23.13714324000003,4.683744582959184,0.0,2.8,0.0,0.0,4.939799785614014,5.082099914550781,4.909900188446045,5.047900199890137,0,48.32455559410042,0.1246833932034385,4.908699989318848,5.29670000076294,-0.0036602773227931,0.1063754314584765,256.974,-0.0909769525053838,2.2851297401217163,1,0,0,4,0,0,4,17,0.8660254037844387,-0.4999999999999998,0.8854560256532099,-0.4647231720437685,16.889999389648438,-0.0035461841547871,17.839999675750732,1.0,3287.4450051784515,-0.2750507797739262,676.5,654.0,7.553571428571429,29.154286520000028,9.941170068062993,30.538432553599566,3347.92448708534,3273.818556158545,18.52648273169877,3311.962278341979,10.599455232256787,0.10639732766358016,0.15277908478493413,0.17094885006614566,0.622392729746262,0.052207293666026874,0.040589244122036246,0.03675058839479779,1.4205834992177173,1.119411820315124,0.5588685270013747,0.18172191889543782,0.1361147654022821,1.3350638706074747,-0.030083534778736376,0.0,0.09498979638963252,-0.030083534778736376,0.0,0.680088107772297,0.2249220958380705,0.09498979638963252,0.0
2023-05-01 00:00:00+00:00,639.5,653.0,621.75,651.25,242108,44.0721649484536,0.1850306834534584,654.1125,647.14,649.6286253247031,680.6586242091677,627.5663757908322,-2.577313913597777,0.9626955711979116,-3.540009484795689,-0.0180422264875239,-0.0153964588144727,15.237142857142857,10.7685714457143,3.3417742692653056,9.105714285714287,51.66285788571431,3.398997289591837,0.0,0.4,0.2,0.0,5.033400058746338,5.079599857330322,4.973421096801758,4.986000061035156,0,41.89990609377377,0.1255256778759907,5.047900199890137,5.092700004577637,3.967502752276789e-05,0.1270239425427622,256.974,-0.0909769525053838,2.2851297401217163,1,0,0,5,0,0,5,18,0.4999999999999999,-0.8660254037844387,0.8229838658936565,-0.5680647467311557,16.079999923706055,-0.0491454356766762,17.22249984741211,1.0,3188.5470390319824,0.0949444552576606,651.25,676.5,7.152857142857143,34.08857136000003,9.88726969500824,31.901298704058583,3394.764614912789,3156.3879678518365,59.59416176523808,3262.5961826179805,8.83862547974023,0.09679346954741137,0.159229152876915,0.17313315905510632,0.559069472797573,0.04886630179827991,0.04249516934864171,0.037517490229351164,1.302493543001306,0.42202478219856104,0.5534632859258154,0.18161542921554044,0.1368949821930795,1.3266769390613378,0.019521163854921753,1.0,0.5562751030848576,0.019521163854921753,1.0,0.15109247484464008,0.29263242207050233,0.5562751030848576,2.0
2023-05-08 00:00:00+00:00,656.5,658.5,626.5,641.75,11761,37.34939759036145,0.189498614878263,653.0,645.08,649.3001996125639,680.5193711678871,625.4806288321129,-1.041657615313511,-1.1114066543074868,0.0697490389939756,0.0265832681782642,0.0202020202020201,22.427142857142858,15.659999897142871,4.093726031918367,16.16142857142857,20.137142780000026,3.53827611722449,0.0,0.0,0.0,0.0,4.9878997802734375,5.049499988555908,4.939199924468994,4.951700210571289,0,51.4123443320042,0.1323700142935029,4.986000061035156,5.058300018310547,0.001967428936259,0.1275784559967772,256.974,-0.0909769525053838,2.2851297401217163,1,0,0,6,0,0,5,19,0.4999999999999999,-0.8660254037844387,0.7485107481711013,-0.663122658240795,16.979999542236328,0.0544598949180375,16.72499990463257,1.0,3250.7911882400513,0.28771984613128376,639.5,651.25,7.941428571428571,48.808567620000034,10.292054138648261,31.14232090250642,3375.124145121195,3148.635242491148,56.6222256575117,3257.874184866809,36.93014242676037,0.1333127460495979,0.14304152378941173,0.1717950979078362,0.7759985000336381,0.048743335872048744,0.044946231049847345,0.03866072114037346,1.2607970525716727,0.021096677439227836,0.5025895003259783,0.15049610414696507,0.13430008186411305,1.1205956902787484,-0.10322802825633415,0.0,0.0027010731002443692,-0.10322802825633415,0.0,0.9880074120635021,0.009291514836253564,0.0027010731002443692,0.0
2023-05-15 00:00:00+00:00,592.5,654.75,581.5,654.75,337234,28.22580645161291,0.2155848726243184,645.2,644.085,640.4798931173517,681.5649628944963,608.8350371055038,-7.134938506326762,-2.9338779430516366,-4.201060563275125,-0.0974866717440975,-0.1106941838649155,24.291428571428575,34.61428547428573,4.312618115510204,25.274285714285718,44.79714262857145,4.269702607224489,0.0,0.0,0.0,0.0,5.007999897003174,5.033299922943115,4.898891925811768,4.920199871063232,0,35.472247720457744,0.1288820535159284,4.951700210571289,4.926700115203857,-0.0062208912278294,0.1341954894863135,256.974,-0.0909769525053838,2.2851297401217163,1,0,0,7,0,0,5,20,0.4999999999999999,-0.8660254037844387,0.6631226582407952,-0.7485107481711012,17.1200008392334,0.0082112658100275,16.767499923706055,1.0,2915.218423604965,-0.5311121702775562,656.5,639.5,8.637857142857142,68.47999803657146,11.258649724173258,32.02327714289771,3497.580466088871,2823.420361938854,168.5400260375043,3120.811880362072,11.74405904974408,0.36310108139857006,0.28014783603181576,0.24217588448715366,1.4993279251326599,0.12362869198312236,0.06363221409478986,0.04326617074891043,2.8573978530849566,0.6078817843208699,0.25229279288147266,0.15010915774425054,0.128307960489884,1.1699129615341035,-0.021283363892358964,0.0,0.1401351159020012,-0.021283363892358964,0.0,0.5779023427374032,0.2819625413605956,0.1401351159020012,0.0
2023-05-22 00:00:00+00:00,571.0,593.0,547.0,592.0,911428,26.896551724137936,0.3050567875967737,619.975,637.28,610.4584891186533,691.0455542697748,548.9044457302252,-22.577702823822847,-13.903500016373492,-8.674202807449355,-0.0362869198312236,-0.1390878251036562,24.189999999999998,22.439999124285727,4.51348225632653,23.636428571428574,71.5542844937143,4.340611852040817,0.0,0.0,0.0,0.0,4.887899875640869,5.002099990844727,4.885000228881836,4.996799945831299,0,51.04486334766043,0.1127564918165816,4.920199871063232,5.047699928283691,-0.0018884300480086,0.1226031708636482,256.974,-0.0909769525053838,2.2851297401217163,1,0,0,8,0,0,5,21,0.4999999999999999,-0.8660254037844387,0.5680647467311558,-0.8229838658936564,17.209999084472656,0.005243137291804,16.84749984741211,1.0,2853.1727690696716,-0.0978660522954762,592.5,656.5,3.127142857142857,28.171428019428596,12.057216101415538,34.57366471391814,3445.8942473695665,2657.9704626037687,196.98094619144942,3013.756235845112,11.1396824510864,0.34462962334893454,0.27880462076964563,0.22765039525935865,1.5138546446087071,0.08056042031523643,0.07080120872694284,0.04598615934020652,1.7518402048069923,1.5760216894315622,0.24677232707023894,0.12479201904430014,0.12462909077974868,1.0013072249059982,0.05694662976027032,1.0,0.8906435428897107,0.05694662976027032,1.0,0.026666167612708968,0.08269028949758028,0.8906435428897107,2.0
2023-05-29 00:00:00+00:00,604.0,606.75,564.0,570.25,610380,33.542319749216304,0.341006924615216,610.4,634.245,604.0110178394394,682.4672931144542,538.3327068855458,-17.096374417412108,-17.219864274103927,0.123489856691819,0.0892696122633003,-0.036682615629984,27.264285714285712,2.502857150857147,6.084799986122449,23.599285714285713,19.14857046742859,4.998784198571428,0.4,0.0,2.4,1.6,4.966100215911865,5.035799980163574,4.935100078582764,4.992800235748291,0,48.09909331832137,0.1114729830450434,4.996799945831299,4.976200103759766,0.0065052897775224,0.1083410032928259,256.974,-0.0909769525053838,2.2851297401217163,1,0,0,9,0,0,5,22,0.4999999999999999,-0.8660254037844387,0.464723172043769,-0.8854560256532096,17.950000762939453,0.0420996004118362,17.31500005722046,1.0,3015.651342391968,0.7415059302576238,571.0,592.5,2.692142857142857,21.388571472857173,12.801865753858776,33.57849734317688,3358.1536845004885,2659.2631771528395,174.72262683691224,3014.5142784638547,36.109250613938016,0.4447933942991871,0.30952618874224896,0.2416123755192827,1.8409378862893138,0.07077814569536424,0.07451537913281032,0.04701644923700078,1.5053908108772172,1.0633761784258562,-0.8174943232170249,0.07697840094296016,0.12375199173905774,0.6220376225127741,-0.017934012655687837,0.0,0.1615553672247994,-0.017934012655687837,0.0,0.5366095253701849,0.3018351074050157,0.1615553672247994,0.0
2023-06-05 00:00:00+00:00,597.5,614.0,577.5,603.75,868195,51.968503937007874,0.3522689144683212,598.625,630.735,601.5783643110731,658.3811932487469,538.8688067512531,-10.337593591358312,-14.040402430484704,3.702808839126391,-0.0107615894039735,-0.0757927300850734,30.714285714285715,8.120000050285725,6.36359063632653,27.664285714285715,4.768571366285715,6.432235937142857,5.2,0.0,0.4,0.0,5.018099784851074,5.121399879455566,4.911917209625244,4.956600189208984,0,57.808629897771006,0.1145471686899181,4.992800235748291,4.982600212097168,-0.0084563491099627,0.1170416565157749,256.974,-0.0909769525053838,2.2851297401217163,1,0,0,10,0,0,6,23,1.2246467991473532e-16,-1.0,0.3546048870425358,-0.9350162426854148,14.729999542236328,-0.1977039580403027,16.75250005722046,0.0,2961.568613052368,-0.7546579584908862,604.0,571.0,10.580714285714285,44.891427944285745,13.760731557757289,31.719792441441967,3074.4349836108254,2798.370590448661,69.01609829054101,2993.3360122992603,26.45456493379099,0.4417607030255271,0.30158190822721326,0.24147618333802093,1.8294172063874878,0.06108786610878661,0.07695969199491165,0.04795973143132899,1.273732182152297,1.4898436676174043,-0.8115793685769546,0.06969408826301256,0.1163105403686454,0.5992069338690057,0.016651729093844603,1.0,0.5206348866137034,0.016651729093844603,1.0,0.17042948880358974,0.30893562458270685,0.5206348866137034,2.0
2023-06-12 00:00:00+00:00,617.25,623.75,595.25,599.75,921842,70.69351230425056,0.3648162426835256,590.325,626.845,604.5754305028901,627.089936098387,553.560063901613,-3.5997594983988392,-8.404445338377064,4.804685839978225,0.0330543933054392,-0.0241106719367588,26.547142857142855,12.722857125714299,5.953211643265306,30.18,21.17714301085717,6.184877348367347,1.0,0.0,0.0,0.0,4.925600051879883,4.95419979095459,4.85830020904541,4.877900123596191,0,38.874834748571175,0.1107947481400902,4.956600189208984,4.929500102996826,-0.0113344556022442,0.1185382982174493,256.974,-0.0909769525053838,2.2851297401217163,0,0,0,0,0,0,6,24,1.2246467991473532e-16,-1.0,0.2393156642875576,-0.970941817426052,15.010000228881836,0.0188304614964187,16.22499990463257,1.0,3010.883851289749,-1.0424686077190362,597.5,604.0,14.205714285714288,40.63999840285717,14.820039199192303,31.039621510436497,3111.317371913216,2809.3209159886624,75.49911398113834,3000.3551478954564,64.58660453861712,0.43901721583378694,0.3084838329187332,0.2427056014177844,1.8088465827766917,0.046172539489671933,0.07644553271843628,0.04820456853714468,0.9578455178089166,1.5688665821284733,-0.8245817563572284,0.0840990339998687,0.10999944019940225,0.7645404940426304,0.02218551249021239,1.0,0.58886507187631,0.02218551249021239,1.0,0.13478750615546442,0.2763474219682256,0.58886507187631,2.0
2023-06-19 00:00:00+00:00,640.25,641.0,601.5,617.0,808250,65.01035196687371,0.2609182853874324,599.9875,624.025,610.3886198578119,637.7591389706477,562.2158610293523,1.97795505409033,-3.699544790469548,5.677499844559877,0.0595779892428629,0.1402493321460374,28.352857142857143,10.19999982857144,5.6978958016326535,25.572857142857142,28.279999886857162,5.813753751428571,1.8,0.0,0.0,0.0,4.860599994659424,4.875400066375732,4.766300201416016,4.807000160217285,0,15.517853749115758,0.1055398009547783,4.877900123596191,4.964399814605713,-0.0090204576304726,0.1125601688964974,256.974,-0.0909769525053838,2.2851297401217163,0,0,0,0,0,0,6,25,1.2246467991473532e-16,-1.0,0.120536680255323,-0.992708874098054,13.539999961853027,-0.1030683962272188,15.30750012397766,0.0,3077.681852579117,-0.8110688105418762,617.25,597.5,17.65285714285714,21.27714324285718,15.513769389106164,30.861581405689446,3111.615921272283,2921.276908384318,47.58475322199109,3031.285829768921,83.74305139678172,0.22871037540697642,0.31708624194958596,0.24629040291003196,0.9286206990546668,0.06169465052713784,0.0640587244272394,0.04975365206898603,1.2400022020810249,1.3638028746753934,-0.8281330814256913,0.09223742349719223,0.10841828381706259,0.8507551654781359,-0.009137379145815472,0.0,0.23025552169071536,-0.009137379145815472,0.0,0.427237509353788,0.3425069689554966,0.23025552169071536,0.0
2023-06-26 00:00:00+00:00,637.25,672.5,621.0,640.75,681009,62.51968503937008,0.2900486842375394,618.1,623.755,625.0124839570099,662.8388327730761,573.361167226924,9.309534835250815,4.689667917735984,4.619866917514831,-0.0046856696602889,0.085142613878246,30.145714285714288,7.677142832571439,6.389034550204081,28.385714285714283,18.105713902857165,5.7791103248979585,4.4,0.0,0.6000000000000001,0.0,4.776899814605713,4.814499855041504,4.737407207489014,4.7855000495910645,0,19.922731544324705,0.0931759863993682,4.807000160217285,5.035200119018555,-0.0004574883750259,0.1006598877761124,256.974,-0.0909769525053838,2.2851297401217163,0,0,0,0,0,0,6,26,1.2246467991473532e-16,-1.0,-3.216245299353273e-16,-1.0,14.25,0.0511086420478845,14.382499933242798,0.0,3049.559906601906,0.0452281150027938,640.25,617.25,13.950000000000001,23.13714324000003,16.344217446951852,30.03862221195833,3125.5969534471074,2924.2501583144626,50.33669878316122,3038.595460502115,58.549042136885724,0.20859899179558883,0.31569747737988085,0.2459798285578159,0.8480328835835017,0.08081600627697136,0.06410984161958637,0.052542611440272016,1.5381038109954068,1.1513316724621139,-0.8206771754520827,0.047129487208501734,0.10670644316048288,0.44167419881926534,-0.12577695196588456,0.0,0.0008763680992826843,-0.12577695196588456,0.0,0.9960843382962962,0.003039293604421148,0.0008763680992826843,0.0
2023-07-03 00:00:00+00:00,557.25,644.5,552.0,643.0,233315,35.365853658536594,0.3891804630780964,613.7125,614.745,606.4536454934557,673.4690840900215,553.9559159099784,-8.480857909775523,0.1736624978974224,-8.654520407672946,-0.1255394272263632,-0.0594936708860759,29.074285714285715,28.302857258285727,5.4189777510204085,29.382857142857144,27.757143002285737,6.244200277551021,2.8,0.0,0.0,0.0,4.767300128936768,4.871600151062012,4.750400066375732,4.784200191497803,0,38.246177230938976,0.0859708909557889,4.7855000495910645,5.0131001472473145,0.003299404793156,0.0804916593700147,256.974,-0.0909769525053838,2.2851297401217163,0,1,0,0,1,0,7,27,-0.4999999999999997,-0.8660254037844388,-0.1205366802553228,-0.992708874098054,13.56999969482422,-0.0488954553568857,14.09249997138977,0.0,2665.9955567121506,0.4209174318209838,637.25,640.25,9.105714285714287,51.66285788571431,17.185420007978003,29.89143000488268,3335.002429033131,2567.05815455833,191.98606861870036,2889.5554989861294,21.999496350472043,0.45887083538699064,0.4269675355647989,0.3156066163711377,1.4539328298113152,0.16599371915657246,0.08315295631182802,0.059583173310509385,2.7859155878181183,0.4220575947664529,-0.5163897720739072,0.04829041071756331,0.10343709621314259,0.46685771175825486,0.042787282957426065,1.0,0.800490713579056,0.042787282957426065,1.0,0.052681842543651033,0.14682744387729296,0.800490713579056,2.0
2023-07-10 00:00:00+00:00,570.75,572.0,545.5,558.0,5171,33.21256038647343,0.4198014466606419,605.025,607.62,591.8927454833771,679.3262892145887,530.7237107854113,-14.383158763097526,-8.018925748418091,-6.364233014679435,0.0293056807935077,-0.0554406288787753,26.951428571428572,28.082857154285726,4.8469659616326535,27.29714285714286,67.28857137942859,5.01051553510204,1.4000000000000001,0.0,0.0,0.0,4.80649995803833,4.929399967193604,4.781799793243408,4.8709001541137695,0,61.11641807877746,0.1030371229198887,4.784200191497803,4.922100067138672,-0.0148137915510984,0.0929472619147576,256.974,-0.0909769525053838,2.2851297401217163,0,1,0,0,2,0,7,28,-0.4999999999999997,-0.8660254037844388,-0.2393156642875574,-0.970941817426052,15.06999969482422,0.1048445410300805,14.107499837875366,1.0,2780.066262960434,-1.390402202604456,557.25,637.25,16.16142857142857,20.137142780000026,17.837789224053154,32.30414880324048,3298.1353353673876,2488.516454059416,202.40472032699302,2845.7598045758514,30.523530558081802,0.5081469135661841,0.44895529442331533,0.32824870686689117,1.5480545313822014,0.04643013578624617,0.08022141024731992,0.06079807737020163,0.7636775726764476,0.009822941992972355,-0.5429196753933555,0.09890195255620779,0.10901535991903276,0.9072294359012281,-0.028193921549540257,0.0,0.10342863114650708,-0.028193921549540257,0.0,0.6591921131682152,0.23737925568527768,0.10342863114650708,0.0
2023-07-17 00:00:00+00:00,564.25,614.75,496.25,567.5,197232,34.66386554621849,0.4939742600325159,595.725,601.485,585.8043655626159,675.1091260812691,516.340873918731,-10.933111378028345,-10.870669207673526,-0.0624421703548172,-0.0113885238720981,-0.0715754833401892,28.395714285714288,15.731428700000011,5.176918083265306,25.872142857142858,38.5142863314286,4.997643433061225,1.6,0.0,0.0,0.0,4.898200035095215,4.9197998046875,4.771745204925537,4.788099765777588,0,52.1693419563267,0.1173576125101105,4.8709001541137695,4.809199810028076,-0.0097655557211265,0.1129982403318501,256.974,-0.0909769525053838,2.2851297401217163,0,1,0,0,3,0,7,29,-0.4999999999999997,-0.8660254037844388,-0.3546048870425356,-0.9350162426854148,13.479999542236328,-0.1114989208624234,14.092499732971191,0.0,2701.685292840004,-0.885578619607266,570.75,557.25,25.274285714285718,44.79714262857145,18.356134619736363,32.70480283731713,3146.311212228513,2452.3422973287343,173.4922287249447,2788.1299998815125,18.881565385826036,0.4951488211372498,0.44182161591439434,0.32477412853020565,1.524594363880357,0.21001329198050508,0.11298956074548656,0.0681287691959869,3.08259291387502,0.3933102636725351,-0.3785532231496366,0.10082697702942839,0.10958420768961896,0.9200866617034749,-0.008865793323773352,0.0,0.23267109794142798,-0.008865793323773352,0.0,0.4239179114882707,0.3434109905703013,0.23267109794142798,0.0
2023-07-24 00:00:00+00:00,560.5,564.5,495.25,497.75,686316,50.63291139240506,0.5856789355531058,568.3625,590.585,568.0579573730494,626.3521712672776,510.3728287327223,-16.453403144559047,-14.552054678348798,-1.9013484662102496,-0.0066459902525476,-0.1514004542013626,28.36285714285714,11.66571418000001,4.973056837142857,28.29714285714286,26.39714262857145,5.272573032244898,1.4000000000000001,0.0,0.0,0.0,4.805799961090088,4.825099945068359,4.720375061035156,4.777400016784668,0,46.00824423446488,0.1160303217285926,4.788099765777588,4.7697367668151855,-0.0013983325093578,0.1182727423021616,256.974,-0.0909769525053838,2.2851297401217163,0,1,0,0,4,0,7,30,-0.4999999999999997,-0.8660254037844388,-0.464723172043768,-0.8854560256532101,13.90999984741211,0.0314009234402662,14.00749969482422,0.0,2677.7327094078064,-0.0488562984303962,564.25,570.75,23.636428571428574,71.5542844937143,18.997489989891623,32.29785701739806,2809.0232602735778,2603.7166506866197,51.32665239673947,2743.9710836920303,19.012779069741057,0.4691352071855941,0.3777360011842732,0.3242736505951493,1.446726219837208,0.12355040142729706,0.1253607109255184,0.07238619617192894,1.7068224453405514,1.2838666175430065,-0.13832558454794822,0.09078948413228193,0.10959933787528266,0.8283761344601686,-0.11098550589505618,0.0,0.0018342653269941968,-0.11098550589505618,0.0,0.9918315595822756,0.006334175090730157,0.0018342653269941968,0.0
2023-07-31 00:00:00+00:00,504.0,563.75,498.5,559.75,509396,37.37185461323392,0.5928595293521954,551.875,583.685,552.5533739722525,598.9196316642381,504.83036833576193,-19.49091718767511,-16.3412123029574,-3.1497048847177105,-0.1008028545941124,-0.1325301204819277,31.114285714285717,27.43428520857144,5.33528541877551,28.657857142857146,27.53142822857145,4.998588787551021,4.2,0.0,0.0,0.0,4.725500106811523,4.757999897003174,4.695682048797607,4.723299980163574,0,19.73004020677772,0.1137820689149772,4.777400016784668,4.855599880218506,-0.0040733643382761,0.1159156109342372,256.974,-0.0909769525053838,2.2851297401217163,0,1,0,0,5,0,7,31,-0.4999999999999997,-0.8660254037844388,-0.5680647467311556,-0.8229838658936566,13.630000114440918,-0.0203347408610037,14.022499799728394,0.0,2380.5431900024414,-0.31635948132222624,560.5,564.25,23.599285714285713,19.14857046742859,19.620739483631336,31.990345482635053,2985.369535614767,2284.644191990576,175.18133590604776,2598.599926216195,22.21029748930603,0.5383376710499326,0.45298373977825657,0.36652701509979646,1.4687530091494787,0.12946428571428573,0.1350903668129813,0.07657758499727493,1.690628776196129,0.9098308405070281,-0.0528800888178484,0.09654963449255798,0.10924628995710813,0.8837794463562147,-0.010316606593125277,0.0,0.21997186638624658,-0.010316606593125277,0.0,0.4417236401455772,0.33830449346817626,0.21997186638624658,0.0
2023-08-07 00:00:00+00:00,482.25,512.25,476.0,504.0,637805,34.90259740259741,0.564999799308416,533.325,575.425,526.2932997345856,605.1077680538758,461.54223194612433,-26.9813731584307,-22.4029066842781,-4.578466474152599,-0.0431547619047618,-0.139607493309545,27.75142857142857,23.39428597828573,4.708551211020408,28.002857142857145,71.21999896800003,5.259398193061224,1.2,0.0,0.0,0.0,4.724699974060059,4.918300151824951,4.72075891494751,4.88539981842041,0,60.33227575842728,0.1142949260543522,4.723299980163574,4.918700218200684,-0.0038669355679927,0.1021746779505487,256.974,-0.0909769525053838,2.2851297401217163,0,0,0,0,0,0,8,32,-0.8660254037844385,-0.5000000000000004,-0.663122658240795,-0.7485107481711013,15.770000457763672,0.1458361758977529,14.197499990463257,1.0,2355.984062433243,-0.2957166042938862,504.0,560.5,27.664285714285715,4.768571366285715,20.161521268097516,34.52129086878764,2901.2148591435334,2156.757768198214,186.1142727363299,2501.553580703014,0.0,0.41959957577370827,0.414528613695705,0.36004487957391423,1.1654090584934353,0.0751684810782789,0.11692531919732256,0.07879572469099931,0.9539663710612659,1.149107097815648,-0.012255090399044424,0.15306442011961063,0.12326674556821765,1.2417331778875491,-0.008309020345713236,0.0,0.2376782183083622,-0.008309020345713236,0.0,0.41713419900131243,0.34518758269032535,0.2376782183083622,0.0
2023-08-14 00:00:00+00:00,475.75,494.75,468.75,482.0,586127,10.21897810218978,0.478259076332087,509.3875,563.925,507.8787747118662,568.4390998713949,450.3359001286051,-25.93677459104623,-25.06023332900996,-0.8765412620362731,-0.013478486262312,-0.2067528136723635,26.84,33.6828582497143,4.22318964367347,26.744285714285713,44.30857285657146,4.559847983877551,0.6000000000000001,0.0,0.0,0.0,4.89900016784668,4.961900234222412,4.838523864746094,4.910999774932861,0,78.04648399706429,0.1149761891362766,4.88539981842041,4.7947998046875,-0.0063254180671412,0.1231334639648762,256.974,-0.0909769525053838,2.2851297401217163,0,0,0,0,0,0,8,33,-0.8660254037844385,-0.5000000000000004,-0.7485107481711011,-0.6631226582407952,14.81999969482422,-0.0621318307266636,14.53250002861023,0.0,2336.408142924309,-0.5415648542087361,482.25,504.0,30.18,21.17714301085717,20.586215748496755,35.152728416386594,2759.7852921087174,2115.5487602751823,161.05913295838383,2435.4954055915323,0.0,0.33954427874733195,0.4160182602499537,0.3555346034940068,0.9550245344903827,0.05465055176037835,0.118569402392149,0.0795614184957556,0.6868975682518549,1.0778673149632745,-0.018883066980362545,0.14337017957263665,0.12404733658401572,1.1557698211265957,-0.002435523984587462,0.0,0.2948848463454853,-0.002435523984587462,0.0,0.34791339459835213,0.3572017590561626,0.2948848463454853,1.0
2023-08-21 00:00:00+00:00,469.25,493.0,462.0,474.0,371170,32.60188087774294,0.3163133193496222,492.2,550.45,493.52792222456713,544.0232319372692,440.3767680627307,-22.636815635070946,-24.43825960746076,1.801443972389812,-0.0136626379400945,-0.1095825426944971,28.295714285714286,15.67999950714287,4.360121411020408,27.75142857142857,56.271429748571464,4.201569802244897,2.6,0.0,0.4,0.4,4.962100028991699,4.99560022354126,4.950191020965576,4.966899871826172,0,83.14171995302101,0.1153653004814172,4.910999774932861,4.796899795532227,0.0039785370924352,0.111802365310018,256.974,-0.0909769525053838,2.2851297401217163,0,0,0,0,0,0,8,34,-0.8660254037844385,-0.5000000000000004,-0.8229838658936564,-0.5680647467311559,17.1299991607666,0.144853664068219,15.337499856948853,1.0,2330.717764854431,0.48883066174890377,475.75,482.25,25.572857142857142,28.279999886857162,21.048487543524615,36.51522527652756,2395.9599656219316,2305.8666144852805,22.52333778416273,2393.584349296692,0.0,0.3558180637911964,0.40758962851704955,0.3564748767693698,0.9981574495075208,0.0660628662759723,0.08977931725124244,0.08104016044125319,0.8151866650362233,0.7083617971667492,-0.009180935468891545,0.12279660251428487,0.11330341948033198,1.08378539888416,-9.927750889071607e-05,0.0,0.3197406605783575,-9.927750889071607e-05,0.0,0.32190386506585283,0.35835547435578974,0.3197406605783575,1.0
2023-08-28 00:00:00+00:00,478.5,480.5,461.0,469.25,414645,45.4828660436137,0.2301072729347236,477.6125,536.435,485.53150257359664,493.7365870815535,461.4884129184465,-17.057189813863374,-20.822312390771454,3.765122576908084,0.0197123068726692,-0.081573896353167,31.214285714285715,4.09999997142858,5.089053904897959,30.409285714285712,19.625713634285745,4.562278696326531,4.0,0.0,1.8,1.0,4.978700160980225,4.9791998863220215,4.853884220123291,4.870399951934815,0,45.22693524025689,0.119668653065566,4.966899871826172,4.741600036621094,-0.0017300123006177,0.1142193798232055,256.974,-0.0909769525053838,2.2851297401217163,0,0,0,0,0,0,8,35,-0.8660254037844385,-0.5000000000000004,-0.8854560256532096,-0.4647231720437691,15.079999923706056,-0.1274619058234719,15.699999809265137,1.0,2330.486377000809,-0.08202427755638618,469.25,475.75,28.385714285714283,18.105713902857165,21.652410006154366,35.425579364124864,2362.4769856245075,2314.321187981888,12.03894941065471,2368.345160378339,0.0,0.3635070983561509,0.39565719189385207,0.3572439768331301,1.0175317479197945,0.04075235109717868,0.07321970718521878,0.08156783915819163,0.4996129175619686,0.7927777487268457,0.006276351714669492,0.15015463354480404,0.11724270902989466,1.280716063114482,-0.007616891670838344,0.0,0.2440052696851581,-0.007616891670838344,0.0,0.4087451184802453,0.34724961183459657,0.2440052696851581,0.0
2023-09-04 00:00:00+00:00,464.75,483.0,459.0,476.5,188784,43.49112426035503,0.2158429416036212,472.95,521.265,478.4536430134239,487.5756803711416,458.3243196288584,-15.368507348770663,-17.919112373577278,2.5506050248066146,-0.012745618693574,-0.0332813312532501,30.035714285714285,3.240000000000005,5.088768313469387,27.193571428571428,9.114285714285723,5.122972614285715,3.6,0.0,2.8,3.8,4.872600078582764,4.976900100708008,4.822085857391357,4.97629976272583,0,51.95158235521565,0.1159242201781225,4.870399951934815,4.916399955749512,-0.0020306432325146,0.1278596854517484,256.974,-0.0909769525053838,2.2851297401217163,0,0,1,0,0,1,9,36,-1.0,-1.8369701987210294e-16,-0.9350162426854148,-0.3546048870425359,13.09000015258789,-0.1415207659418925,15.029999732971191,0.0,2312.7353147268295,-0.1120873707460762,478.5,469.25,29.382857142857144,27.757143002285737,22.009904291471596,33.728076548006214,2348.132562629665,2307.0412371235243,10.2728313765351,2346.1012221177357,0.0,0.03113345604319489,0.39608956755427666,0.355719605227915,0.08752246069772454,0.05164066702528241,0.05765498344741811,0.08191410015173217,0.6304245621374233,0.38328146176610106,0.0039031259162821703,0.14409363132831932,0.11328388057600113,1.271969302922627,0.015351234344863851,1.0,0.5043903164751548,0.015351234344863851,1.0,0.17982084959705769,0.31578883392778756,0.5043903164751548,2.0
2023-09-11 00:00:00+00:00,471.25,476.25,462.5,466.0,3798,51.68067226890757,0.2151855675366778,470.2625,507.085,475.3431447978138,480.3300024343762,460.1949975656237,-10.445101230948808,-13.82317713377816,3.378075902829352,0.0139860139860139,-0.0248318675633729,26.2,4.317142897142871,5.24865593755102,32.385714285714286,3.097142871428586,5.190625636734694,1.2,0.0,0.6000000000000001,0.0,4.936200141906738,4.992099761962891,4.923482894897461,4.982999801635742,0,50.5430207054873,0.1092750223956709,4.97629976272583,4.891499996185303,0.0045315958336973,0.1034771461878766,256.974,-0.0909769525053838,2.2851297401217163,0,0,1,0,0,2,9,37,-1.0,-1.8369701987210294e-16,-0.970941817426052,-0.2393156642875577,13.800000190734863,0.0528200144058884,14.774999856948853,0.0,2348.2386565208435,0.5441365358751138,464.75,478.5,27.29714285714286,67.28857137942859,22.67931138787435,31.751887278549596,2359.533805697312,2301.5552508541446,14.49463871079185,2346.956195878979,59.99601156870697,0.0687857778840483,0.29785691287222826,0.35959980621021836,0.191284240934753,0.029177718832891247,0.048456830998340576,0.0807626214100754,0.3612774661184608,0.00823328418942779,-0.14590276095342117,0.1097541684798263,0.10344480181231147,1.0609924901691776,-0.022760935226672774,0.0,0.13146733691196702,-0.022760935226672774,0.0,0.5958124085574419,0.2727202545305911,0.13146733691196702,0.0
2023-09-18 00:00:00+00:00,471.5,483.5,455.75,473.5,367539,44.4,0.2069263338416749,469.05,498.09,472.4821299695385,479.0534204678024,459.0465795321976,-7.443918420421824,-10.432093226977136,2.988174806555312,0.0005305039787797,-0.0031712473572939,23.50714285714286,8.26571439314287,3.736088342857143,25.370714285714286,11.285714422285741,4.686159112857141,0.2,0.0,0.0,0.0,4.929399967193604,4.966100215911865,4.842462062835693,4.867000102996826,0,49.27348492159526,0.1126322585082383,4.982999801635742,4.975500106811523,0.0013856342325698,0.1089555786464328,256.974,-0.0909769525053838,2.2851297401217163,0,0,1,0,0,3,9,38,-1.0,-1.8369701987210294e-16,-0.992708874098054,-0.1205366802553235,14.0,0.0143887236307327,13.992500066757202,0.0,2294.7905485630035,0.2295403757623638,471.25,464.75,25.872142857142858,38.5142863314286,22.852950284509184,30.43148902975838,2367.546917006372,2275.5785313993706,22.992096401750274,2326.089936952589,33.20120357906724,0.09952933986085524,0.26397584904610755,0.3590182891238164,0.2772263700868631,0.05885471898197243,0.049297664442659386,0.08126204226926001,0.7242583387748888,0.7860622321990868,-0.06893769182432101,0.14039271135571701,0.10837741774367204,1.2954054573777638,0.03470851336513636,1.0,0.7281834599501247,0.03470851336513636,1.0,0.07688623163216628,0.19493030841770909,0.7281834599501247,2.0
2023-09-25 00:00:00+00:00,481.25,483.0,467.75,471.25,607342,58.72340425531915,0.2014931512761433,470.9125,488.225,474.8732404109114,484.0115909689772,457.8134090310229,-2.739255589492529,-6.124673786219288,3.385418196726759,0.02067868504772,0.0190577024880889,26.31714285714286,16.5428572977143,3.848362257959184,23.26142857142857,25.060000345142885,3.6683847538775507,0.2,0.0,0.2,0.2,4.853700160980225,4.965199947357178,4.835390090942383,4.933899879455566,0,49.60946228202263,0.105903147635818,4.867000102996826,4.880300045013428,-0.0002464710134256,0.1159325624412828,256.974,-0.0909769525053838,2.2851297401217163,0,0,1,0,0,4,9,39,-1.0,-1.8369701987210294e-16,-1.0,-1.8369701987210294e-16,16.899999618530273,0.1882562697415957,14.447499990463257,1.0,2374.4393169879913,0.0663298511628238,471.5,471.25,28.29714285714286,26.39714262857145,22.879303722374953,30.084941372686416,2403.9115154640176,2261.1904029353163,35.68027813217537,2345.4296889667503,61.793034070077525,0.15781217153584368,0.28864194758336137,0.3638110790360308,0.4337750450487627,0.03168831168831169,0.04242275352512727,0.08040929106007316,0.39408763999375646,1.2211588283395978,-0.08563651261396485,0.1433969924804538,0.11046904045145184,1.2980739120544256,0.0380001955644611,1.0,0.7595127029769541,0.0380001955644611,1.0,0.06598840681827753,0.1744988902047684,0.7595127029769541,2.0
2023-10-02 00:00:00+00:00,488.75,490.0,475.5,481.0,726263,66.24203821656052,0.1889223811415146,474.9875,482.51,478.3210086401432,490.1710047269225,459.80399527307753,0.4687819685458976,-2.326872271274381,2.795654239820278,0.0155844155844155,0.0601952277657267,27.10571428571429,23.285714762857157,3.524539575510204,26.31357142857143,47.19428613714288,3.8223536695918368,2.4,0.0,0.0,0.0,4.968299865722656,5.076099872589111,4.936555862426758,5.042799949645996,0,67.71879055919715,0.1018619589361919,4.933899879455566,4.953800201416016,-0.0002026442031341,0.1023425847059531,256.974,-0.0909769525053838,2.2851297401217163,0,0,1,0,0,5,10,40,-0.8660254037844386,0.5000000000000001,-0.992708874098054,0.1205366802553232,17.610000610351562,0.0411533578106329,15.577500104904177,1.0,2464.6684753894806,0.0707125321919738,481.25,471.5,28.657857142857146,27.53142822857145,23.100869380839242,31.18877006716748,2512.476508676756,2228.5919900539034,70.97112965571327,2393.1252035358425,79.3500611621399,0.1890439134658778,0.31072926880136537,0.3366354839335706,0.561568571563587,0.029667519181585677,0.04020578714200867,0.07571123241999633,0.39185090923498167,1.4053067108023165,-0.11660343636497787,0.13683608200580366,0.11539181684166917,1.1858385966413243,0.019361443246572074,1.0,0.554303010531974,0.019361443246572074,1.0,0.15211964800957198,0.29357734145845404,0.554303010531974,2.0
2023-10-09 00:00:00+00:00,488.25,499.0,482.5,488.0,695080,57.843137254901954,0.2174606836936342,479.9,477.285,483.0679754670243,499.1507006025028,460.6492993974972,2.971449276913688,0.8552070373707158,2.1162422395429723,-0.0010230179028133,0.0421558164354323,19.485714285714288,17.977142611428583,4.041331610612245,27.968571428571433,31.82571518857145,3.6879927410204085,0.0,0.0,0.0,0.0,5.061500072479248,5.2153000831604,5.059925079345703,5.145699977874756,0,88.9542117784761,0.1099017484486643,5.042799949645996,4.976099967956543,0.0019849448532683,0.0969073759709067,256.974,-0.0909769525053838,2.2851297401217163,0,0,1,0,0,6,10,41,-0.8660254037844386,0.5000000000000001,-0.970941817426052,0.2393156642875573,17.700000762939453,0.005097725516219,16.552500247955322,1.0,2512.3880141973495,0.2894714378322138,488.75,481.25,28.002857142857145,71.21999896800003,23.41491467424132,31.229863300806446,2604.789420826093,2218.3537567428193,96.60891602081847,2440.8303278004455,80.28076708669747,0.17343481573487823,0.14494294948325057,0.33868315034968666,0.5120857368751629,0.03379416282642089,0.036636486302236364,0.07337291954555555,0.46058080324350253,1.3737221777927224,-0.49232327730173503,0.1350779766223093,0.11723371063733724,1.152210949955033,-0.01543151378352614,0.0,0.17922960834681254,-0.01543151378352614,0.0,0.5053937130599229,0.31537667859326457,0.17922960834681254,0.0
2023-10-16 00:00:00+00:00,490.0,498.75,482.25,488.0,672754,56.810631229235874,0.2122462696254244,485.6625,477.255,486.11682509465936,498.7686205068405,472.5563794931595,3.354678755334419,2.4311601921014354,0.9235185632329834,0.0035842293906809,0.0288713910761155,16.314285714285713,37.19714308285716,2.532452912081633,15.448571428571427,46.11999896571431,3.5855225579591834,0.0,0.0,0.0,0.0,5.135200023651123,5.136000156402588,5.019015789031982,5.048200130462647,0,61.08803167801091,0.1175422942840764,5.145699977874756,4.868199825286865,-0.0037436850324701,0.1158843680074627,256.974,-0.0909769525053838,2.2851297401217163,0,0,1,0,0,7,10,42,-0.8660254037844386,0.5000000000000001,-0.9350162426854148,0.3546048870425355,17.209999084472656,-0.0280741256576649,17.355000019073486,1.0,2473.6180639266972,-0.2833915507416262,488.25,488.75,26.744285714285713,44.30857285657146,22.900957045488425,32.19051721467147,2572.9945426321347,2339.5623926186245,58.35803750337747,2453.9454222509466,84.87719270649464,0.20247999135032094,0.14863300824915635,0.3222036285509518,0.6284224233498272,0.0336734693877551,0.03753563641320914,0.0715176857301751,0.47084108406959524,1.3214531911259504,-0.47039886553741583,0.15954269513961541,0.12183941312905201,1.3094505131613123,-0.0028392441583254824,0.0,0.29070506263896323,-0.0028392441583254824,0.0,0.3525069339021918,0.356788003458845,0.29070506263896323,1.0
2023-10-23 00:00:00+00:00,490.25,509.5,487.75,490.0,891727,51.877133105802045,0.2076319110908188,489.6375,478.555,489.3901247790055,502.15325323144174,477.12174676855824,3.69913085704718,3.317100858964299,0.3820299980828809,0.0005102040816327,0.0272393923520166,18.664285714285715,22.788571480000016,2.2890520001632653,13.789285714285711,88.4571436514286,2.2675186085714283,0.0,0.0,0.0,0.0,5.037600040435791,5.095399856567383,4.999200820922852,5.031300067901611,0,45.22454457715047,0.1141849640332337,5.048200130462647,4.934899806976318,0.0004557637612739,0.115932054863982,256.974,-0.0909769525053838,2.2851297401217163,0,0,1,0,0,8,10,43,-0.8660254037844386,0.5000000000000001,-0.8854560256532101,0.464723172043768,20.3700008392334,0.1685727144121517,18.222500324249268,1.0,2466.594858288765,0.1365533286327738,490.0,488.25,27.75142857142857,56.271429748571464,22.313107282185026,35.82062214607516,2524.0774842416768,2434.557221659469,22.380065645551976,2459.005196666074,75.07744962211183,0.16641651678832714,0.14631839740127744,0.32208120903915977,0.5166911541280947,0.04436511983681795,0.03463771658417824,0.07068154841657666,0.6276760279582797,1.7475308814357313,-0.48815635158985465,0.12633691059091964,0.12131256892852572,1.0414164112804338,-0.03984700749378978,0.0,0.06052012890127683,-0.03984700749378978,0.0,0.7759728660104213,0.16350700508830204,0.06052012890127684,0.0
2023-10-30 00:00:00+00:00,478.25,491.5,476.75,490.75,791957,44.26877470355731,0.2137826120786369,488.9,479.365,485.7877853841446,502.41548819153815,475.3845118084618,-0.4661101402718941,1.536759628876209,-2.0028697691481034,-0.0244773074961753,0.0031463030938647,14.588571428571429,22.62857186857144,2.297981434857143,15.46142857142857,20.15428586285717,2.4318364808163264,0.0,2.0,0.0,0.0,5.01230001449585,5.047800064086914,4.930200099945068,4.952030181884766,0,12.796146105525224,0.1083328982870196,5.031300067901611,5.032800197601318,-0.0062610412478524,0.1133460558559202,256.974,-0.0909769525053838,2.2851297401217163,0,0,1,0,0,9,10,44,-0.8660254037844386,0.5000000000000001,-0.822983865893657,0.5680647467311548,19.75,-0.0309097800910623,18.757500171661377,1.0,2368.308434486389,-0.5351271722798562,490.25,490.0,30.409285714285712,19.625713634285745,21.87106349439429,34.80989077296432,2577.91761948692,2332.53706596268,61.34513838106004,2422.7264917942002,24.879957309701723,0.21815166043649245,0.18021896776923385,0.3228094423731505,0.6757908073407985,0.030841610036591742,0.034468376253834254,0.06991500194392265,0.44113001169661736,1.5720169755291638,-0.3426443954643872,0.14017015206816894,0.12126568854438101,1.1558928349129927,-0.012737045516818757,0.0,0.199910748585351,-0.012737045516818757,0.0,0.4717432087760684,0.3283460426385805,0.19991074858535093,0.0
2023-11-06 00:00:00+00:00,477.25,483.0,468.0,478.25,850220,40.562248995983936,0.1768810659499503,485.25,479.83,481.7980694164751,502.611481867472,467.888518132528,-2.6709257313640364,-1.016314196631189,-1.6546115347328474,-0.0020909566126502,-0.029979674796748,12.008571428571429,8.205714272857156,1.7275850608163263,8.348571428571429,45.34000069428575,2.0369827175102038,0.0,2.2,0.8,0.8,5.04610013961792,5.06790018081665,4.877799987792969,4.899199962615967,0,32.02316921803889,0.1144121983424687,4.952030181884766,5.164999961853027,-0.0066959647482293,0.1067555619369135,256.974,-0.0909769525053838,2.2851297401217163,0,0,1,0,0,10,11,45,-0.5000000000000004,0.8660254037844384,-0.7485107481711011,0.6631226582407952,14.890000343322754,-0.2824636215939433,18.0550000667572,0.0,2338.14318215847,-0.5786195223175462,478.25,490.25,27.193571428571428,9.114285714285723,20.998644651437978,35.48925270337216,2548.977075906909,2274.3551935232517,68.65547059591415,2388.893167939908,0.0,0.15633250255865208,0.18322098856865685,0.31762977612486,0.49218464195671474,0.03143006809848088,0.0348208860372133,0.0684017728224898,0.4594919430688728,1.6806669532944571,-0.3196448428245135,0.1131904505515158,0.12006347650089474,0.942754986135375,-0.001188102391125434,0.0,0.3080172755997631,-0.001188102391125434,0.0,0.33390075219945176,0.3580819722007852,0.3080172755997631,1.0
2023-11-13 00:00:00+00:00,477.25,480.5,461.0,477.0,1276025,44.943820224719104,0.1940266425376374,480.3,480.195,477.49794272572217,500.35886075378727,460.2411392462128,-3.958865107960776,-2.952399028758381,-1.0064660792023945,0.0,-0.0324379118094272,14.142857142857142,1.1657143114285886,2.0349673885306125,15.06857142857143,6.1171429171428855,1.8385256938367347,0.0,1.2,1.6,1.8,4.884099960327148,4.949699878692627,4.852466106414795,4.893379211425781,0,36.46350664083065,0.1119906491245347,4.899199962615967,5.045899868011475,-0.0109013312123011,0.1172336613144122,256.974,-0.0909769525053838,2.2851297401217163,0,0,1,0,0,11,11,46,-0.5000000000000004,0.8660254037844384,-0.6631226582407955,0.7485107481711007,14.760000228881836,-0.0087690350739617,17.442500352859497,0.0,2335.365228652954,-0.9991561687247261,477.25,478.25,32.385714285714286,3.097142871428586,20.61605928222078,33.59427787845414,2500.099110367504,2254.106741425785,61.49809223542987,2367.4819922251263,0.0,0.11409842276758071,0.18218602919751645,0.3182046468310493,0.35856930537682624,0.040859088528025146,0.03623387117753414,0.06640392693504249,0.6153112362598958,2.3822734695545926,-0.3316333556246118,0.05588721610355695,0.11977269637236326,0.46661061435656553,-0.03115639279639215,0.0,0.09047740912487032,-0.03115639279639215,0.0,0.6916446882515261,0.21787790262360354,0.09047740912487032,0.0
2023-11-20 00:00:00+00:00,469.5,480.5,464.5,477.0,883037,44.23676012461059,0.2077291421658148,474.725,480.34,475.189435321315,485.55004406228267,463.8999559377174,-3.65961904942651,-3.328481224755329,-0.3311378246711807,-0.0162388685175484,-0.0524722502522704,14.39857142857143,1.5285713928571558,2.191045782612245,12.727142857142857,3.1600000571428897,2.0463295581632654,0.0,1.0,2.0,0.0,4.906199932098389,4.907800197601318,4.819177150726318,4.819177150726318,0,20.13887320196476,0.1173184919634605,4.893379211425781,5.062900066375732,-0.0082466158322041,0.1150982855256464,256.974,-0.0909769525053838,2.2851297401217163,0,0,1,0,0,12,11,47,-0.5000000000000004,0.8660254037844384,-0.5680647467311559,0.8229838658936564,13.40999984741211,-0.0959201487643032,15.702500104904177,0.0,2262.6036722660065,-0.7336846307150261,477.25,477.25,25.370714285714286,11.285714422285741,20.107096932215754,31.63077608353084,2415.8768262725207,2236.3334325093892,44.88584844078276,2325.5306642414785,0.0,0.1269144673342661,0.19208504582786132,0.24618005131506593,0.5155351195230979,0.03407880724174654,0.03631493874833243,0.0598081813393012,0.5698016689455153,1.5543158709242888,-0.24875012701817867,0.04867516719111237,0.1226581710062797,0.39683587993711045,-0.013366801296011976,0.0,0.1949219409625853,-0.013366801296011976,0.0,0.4795963531532956,0.32548170588411907,0.1949219409625853,0.0
2023-11-27 00:00:00+00:00,455.5,475.0,453.75,469.25,594657,36.27760252365931,0.1965722657466245,471.4,480.17,471.4173847342882,483.7473841253861,459.0526158746138,-4.958204041823876,-3.841144561725783,-1.1170594800980935,-0.0246252676659528,-0.0495565988523735,3.9471428571428575,9.300000282285728,1.4380125561224488,11.836428571428572,4.714285812571447,2.0613637556938773,0.0,6.6,0.0,0.0,4.851799964904785,4.919300079345703,4.844200134277344,4.900899887084961,0,52.719433389628,0.1266285120156131,4.819177150726318,4.985300064086914,-0.0088877679480353,0.1182751568530979,256.974,-0.0909769525053838,2.2851297401217163,0,0,1,0,0,13,11,48,-0.5000000000000004,0.8660254037844384,-0.4647231720437684,0.88545602565321,12.6899995803833,-0.0551864372553486,13.9375,0.0,2232.3598985671997,-0.7977998422981463,469.5,477.25,23.26142857142857,25.060000345142885,19.573505425068195,29.894228324114106,2398.141680861311,2186.094309961004,53.011842725076775,2288.262357971767,0.0,0.11463992916855169,0.18771774775412817,0.23106555657656777,0.49613592742111867,0.04665203073545554,0.036772320928059946,0.059819276086761665,0.779882773388362,0.9950857915670632,0.6285373235075332,0.09854321023974706,0.12222202909619728,0.806263837262498,0.01068773888149277,0.0,0.44630459544579987,0.01068773888149277,0.0,0.21680439398666929,0.33689101056753085,0.44630459544579987,2.0
2023-12-04 00:00:00+00:00,460.25,469.5,447.0,455.5,340356,36.400000000000006,0.2160396487223378,466.825,478.275,466.2046441611473,483.2743640895437,450.37563591045625,-5.585392610153406,-5.292420671530908,-0.2929719386224976,0.0104281009879254,-0.0207446808510638,5.72,6.794285937142868,1.0923868517959183,2.415714285714285,20.24857194085717,1.2436456771836735,0.0,6.4,0.8,0.6,4.895500183105469,4.942699909210205,4.856947898864746,4.902159214019775,0,49.29329859593759,0.0969497310230333,4.900899887084961,4.952899932861328,-0.0003264715324616,0.1263282738818967,256.974,-0.0909769525053838,2.2851297401217163,0,0,1,0,0,14,12,49,-2.4492935982947064e-16,1.0,-0.3546048870425359,0.9350162426854148,13.079999923706056,0.0302700915366082,13.484999895095823,0.0,2256.2187782526016,0.058329799259223804,455.5,469.5,26.31357142857143,47.19428613714288,18.466551158013104,29.27192791229108,2360.5060896672644,2182.7676992021165,44.434597616286986,2275.4449260841006,18.40364205778033,0.11353345613979005,0.16762243181884043,0.23153254747335417,0.49035633423975805,0.04888647474198805,0.04038129386913921,0.05176293522483581,0.944429930129485,0.5628045577188097,0.28699172864853045,0.08921617489429133,0.11858841339296212,0.7523177418309961,-0.001267815959744123,0.0,0.3071684082638149,-0.001267815959744123,0.0,0.33478779714952306,0.3580437945866621,0.3071684082638149,1.0
2023-12-11 00:00:00+00:00,460.5,473.0,460.25,460.25,2006,42.85714285714285,0.2179855650997275,465.525,476.64,465.8255088948027,480.72013426285406,450.3298657371459,-3.3322194993558583,-4.204210466689959,0.8719909673341011,0.0005431830526887,-0.016025641025641,7.882857142857143,6.634285870571439,1.0801355128163266,5.503571428571428,16.92857217914287,1.056772282612245,0.0,4.4,1.2000000000000002,0.4,4.9430999755859375,4.964700222015381,4.87221622467041,4.893286228179932,0,57.62067847977087,0.0893725525814278,4.902159214019775,4.933899879455566,-0.0042626483236738,0.0878628876233811,256.974,-0.0909769525053838,2.2851297401217163,0,0,0,0,0,0,12,50,-2.4492935982947064e-16,1.0,-0.2393156642875578,0.970941817426052,12.630000114440918,-0.0350093947727439,12.952499866485596,0.0,2253.3583080768585,-0.33528787986199626,460.25,455.5,27.968571428571433,31.82571518857145,17.6302298851459,28.47558238112023,2277.334980508254,2224.9353480730792,13.099908108793725,2266.6102788812036,18.39193567112143,0.11549811664462584,0.1301328437613233,0.23186913489790062,0.49811766328583024,0.02768729641693811,0.039632739532830655,0.046969779974317866,0.5894703048933573,0.0035160018396786672,0.008523044382491693,0.08227541784337628,0.11855686626348648,0.6939742378208704,0.041412939290914386,1.0,0.7892893244251403,0.041412939290914386,1.0,0.05621859702816106,0.15449207854669866,0.7892893244251403,2.0
2023-12-18 00:00:00+00:00,477.0,484.0,455.0,459.25,344945,65.17857142857142,0.2174061659806894,463.925,474.325,466.80971154947247,480.0283667615079,447.8216332384921,-0.6955337369645918,-2.9059442796856194,2.210410542721028,0.0358306188925081,0.0047393364928909,6.047142857142857,5.745714856000014,1.1399173999183674,6.119285714285715,9.245714513714315,1.1927201108571428,0.0,6.4,1.2000000000000002,0.0,4.936699867248535,4.974599838256836,4.872499942779541,4.919657230377197,0,53.60911993639637,0.0891104006653987,4.893286228179932,4.862199783325195,-0.0034301967012356,0.0843292755962201,256.974,-0.0909769525053838,2.2851297401217163,0,0,0,0,0,0,12,51,-2.4492935982947064e-16,1.0,-0.1205366802553236,0.992708874098054,12.5600004196167,-0.0055577509744134,12.740000009536743,0.0,2346.676498889923,-0.2520427176181762,460.5,460.25,15.448571428571427,46.11999896571431,16.887588325735567,27.2349457445134,2373.7695289470307,2170.5372129462608,50.80807900019241,2298.6367668846915,77.97181638138915,0.19548298860603625,0.16209792888933167,0.1563303142915827,1.2504483022847643,0.06079664570230608,0.04362025096768684,0.04353639797371889,1.396455255082286,0.6134407446686281,0.7406979104874999,0.08399779560205926,0.11675357331479304,0.7194451186614371,-0.01842618951569519,0.0,0.15824966981120414,-0.01842618951569519,0.0,0.542722937736041,0.2990273924527549,0.15824966981120414,0.0
2023-12-25 00:00:00+00:00,473.0,478.25,468.25,477.25,450141,58.64406779661017,0.2692913540239514,464.75,472.93,468.5378181870661,481.8818416990995,447.6181583009005,0.6545475932817908,-1.0237339313839682,1.678281524665759,-0.0207039337474119,0.0090666666666665,9.56857142857143,13.3742863057143,0.9944691991836735,7.702142857142857,23.05428778285717,0.9783323583265305,0.0,3.2,0.2,0.0,4.895899772644043,4.914599895477295,4.853300094604492,4.86984395980835,0,39.22066659275991,0.0876284486379531,4.919657230377197,4.902500152587891,0.0010285139550454,0.0857050718856669,256.974,-0.0909769525053838,2.2851297401217163,0,0,0,0,0,0,12,52,-2.4492935982947064e-16,1.0,6.432490598706546e-16,1.0,13.029999732971191,0.0367371761943434,12.825000047683716,0.0,2303.4361929893494,0.1938283480099238,477.0,460.5,13.789285714285711,88.4571436514286,16.29497894066507,26.965225876019453,2378.4399929352776,2201.4048961690887,44.2587741915472,2300.556537326555,71.76544335719048,0.17004410869881686,0.1631908198724322,0.15827177933544304,1.0743804022991328,0.021141649048625793,0.04103281932906269,0.040835056372236236,0.5177326970870311,0.8141032301364595,0.7402446020563482,0.07181254965625601,0.10499650725845867,0.6839517303177091,-0.007657263399829084,0.0,0.24363310015212788,-0.007657263399829084,0.0,0.4092330451213057,0.3471338547265663,0.24363310015212788,0.0
2024-01-01 00:00:00+00:00,471.25,481.0,470.5,473.0,431195,53.81944444444444,0.2589262577975197,468.9375,471.69,470.7352055159971,483.8696932327384,454.0053067672616,1.6259531767968838,0.5809134510256642,1.0450397257712196,-0.0026455026455026,0.0478043357420789,3.5799999999999996,25.205714048571444,0.6898620292653062,11.579285714285714,21.80285711714289,0.943061151734694,0.0,6.6,0.0,0.0,4.869743824005127,4.890900135040283,4.761507034301758,4.850500106811523,0,36.6197203948343,0.0957603499641544,4.86984395980835,4.923099994659424,-0.0024521446293414,0.0919793579940075,256.974,-0.0909769525053838,2.2851297401217163,0,0,0,0,0,0,1,1,0.4999999999999999,0.8660254037844387,0.120536680255323,0.992708874098054,12.449999809265137,-0.0455337630527212,12.667500019073486,0.0,2285.7981753349304,-0.15423751042875622,473.0,477.0,15.46142857142857,20.15428586285717,15.990740667995437,26.632169827059673,2375.110648898199,2219.5239387473316,38.89667753771696,2294.6531925299055,59.41677225251948,0.1634188534505009,0.16282942273878706,0.15819332611936482,1.0330324744349102,0.022281167108753316,0.03615864660372225,0.03921658713965498,0.5681565646659098,0.7909192901710392,0.749059926060856,0.04115336596508429,0.10475317926741662,0.39286026757645465,-0.03245894019761242,0.0,0.08525902127391019,-0.03245894019761242,0.0,0.7053585392296078,0.20938243949648203,0.08525902127391019,0.0
2024-01-08 00:00:00+00:00,455.0,470.75,452.0,470.5,828053,24.311926605504595,0.2497081334515157,468.1875,468.82,467.2133353565338,484.3591735781671,452.0158264218329,-1.66294658398067,-0.1429219783208766,-1.5200246056597932,-0.0344827586206896,-0.0209790209790209,2.3957142857142855,3.6799998871428707,0.7372797589795919,2.412857142857143,43.537142228571454,0.6812503676122449,0.0,7.0,0.4,0.0,4.852399826049805,4.933300018310547,4.849503993988037,4.8606672286987305,0,44.958611598577534,0.101379743738165,4.850500106811523,4.910099983215332,6.183689091598078e-05,0.095634768449692,256.974,-0.0909769525053838,2.2851297401217163,0,0,0,0,0,0,1,2,0.4999999999999999,0.8660254037844387,0.2393156642875577,0.970941817426052,13.079999923706056,0.0493637326055351,12.77999997138977,0.0,2211.6035890579224,0.09716064159698189,471.25,473.0,8.348571428571429,45.34000069428575,15.114748182502645,27.722813207802368,2399.528142470877,2174.2290856651857,56.324764201422866,2261.433351141113,40.858943518157105,0.19952218005423375,0.15456871886035045,0.1663666516824411,1.1992918415053584,0.04120879120879121,0.03462310989708288,0.03797388338629592,1.0851874151956908,1.4577725464071647,0.7744721438143267,0.04289181266876641,0.10291592546040969,0.41676551329863093,-0.019152291418422673,0.0,0.1534733729194082,-0.019152291418422673,0.0,0.5517180057920422,0.29480862128854957,0.1534733729194082,0.0
2024-01-15 00:00:00+00:00,447.0,461.75,441.0,454.75,887944,27.027027027027017,0.2512570274209589,467.0875,466.95,463.309773587131,486.0224822454255,448.1525177545745,-3.801031854666064,-1.769525270568421,-2.0315065840976434,-0.0298426478567552,-0.0335135135135135,-3.8085714285714287,30.23142924485716,0.5931668076326532,0.37928571428571417,16.01714277371432,0.707126712632653,0.0,7.0,0.0,0.0,4.86899995803833,4.906400203704834,4.831500053405762,4.85290002822876,0,47.39831602019833,0.0998664097488744,4.8606672286987305,4.914599895477295,-0.0071610919220604,0.106218263163393,256.974,-0.0909769525053838,2.2851297401217163,0,0,0,0,0,0,1,3,0.4999999999999999,0.8660254037844387,0.3546048870425356,0.9350162426854148,12.699999809265137,-0.0294823617501299,12.81499981880188,0.0,2169.2463126182556,-0.6251322397006561,455.0,471.25,15.06857142857143,6.1171429171428855,14.164073184553168,26.967608663667658,2368.529748429309,2116.5123865709197,63.00434046459728,2224.55853573197,0.0,0.20475381417161725,0.15672414684164548,0.1684471625291759,1.215537257748585,0.046420581655480984,0.03836976694479145,0.03825729491421104,1.2133782491886307,1.500688323629625,0.7742947474533345,0.042890094785980215,0.0980171728536096,0.43757730570605496,0.007835857842572569,0.0,0.4113936437479523,0.007835857842572569,0.0,0.24199133593849115,0.3466150203135566,0.4113936437479523,2.0
2024-01-22 00:00:00+00:00,445.75,451.25,436.75,447.75,823181,22.87234042553192,0.1683659005843651,460.175,464.01,455.8476536376847,484.7878443148322,435.5621556851678,-6.550047428657649,-4.726531556055238,-1.8235158726024112,-0.0027964205816555,-0.0571126388154415,-7.614285714285714,11.242857383142873,0.589458082122449,-7.287142857142858,65.82285889942861,0.5761384677755101,0.0,7.0,0.0,0.0,4.862199783325195,4.989999771118164,4.857785224914551,4.904642105102539,0,57.70481473563399,0.1003860817182823,4.85290002822876,4.881800174713135,-0.0034558540939332,0.0992260146900049,256.974,-0.0909769525053838,2.2851297401217163,0,0,0,0,0,0,1,4,0.4999999999999999,0.8660254037844387,0.4647231720437685,0.8854560256532099,13.1899995803833,0.0378569564699256,12.854999780654907,0.0,2186.244218349457,-0.2546084568879362,447.0,455.0,12.727142857142857,3.1600000571428897,12.780123762508264,29.474399001458686,2316.0600468222615,2110.386100858021,51.418486491060186,2209.2328087789647,11.24290934434363,0.10970214452183588,0.16012122993408828,0.16926814273153448,0.64809677870017,0.03252944475602917,0.032716326755536075,0.037301733800748374,0.8720623070543029,1.3204467036994643,0.7430434696222816,0.05550264097484613,0.09285388915182168,0.5977416293966934,-0.010534885473122979,0.0,0.2181049298359913,-0.010534885473122979,0.0,0.44441674707889883,0.3374783230851098,0.21810492983599125,0.0
2024-01-29 00:00:00+00:00,440.25,453.25,437.5,445.75,816885,33.14285714285714,0.1447120674906975,453.2,461.48,452.36537473598656,471.7370184397222,434.6629815602778,-5.764982083385576,-5.37602702360116,-0.3889550597844158,-0.0123387549074593,-0.0760755508919203,3.9857142857142853,21.5771436457143,0.5383276021224489,-6.884285714285715,13.525714497142886,0.582314113632653,0.0,6.8,0.0,0.0,4.98829984664917,4.998499870300293,4.901199817657471,4.913599967956543,0,56.24448376005608,0.1113805034424258,4.904642105102539,4.850200176239014,-0.0043654296801831,0.0987147959243197,256.974,-0.0909769525053838,2.2851297401217163,0,0,0,0,0,0,1,5,0.4999999999999999,0.8660254037844387,0.5680647467311558,0.8229838658936564,13.600000381469728,0.0306108858752727,13.142499923706056,0.0,2163.212385892868,-0.34556601551292615,445.75,447.0,11.836428571428572,4.714285812571447,11.511452183360266,28.445451614083474,2225.9153984633235,2139.237854495928,21.669385991848948,2190.8246396245263,10.855621371231294,0.10852667275447597,0.14781054300714327,0.16683724597005395,0.6504942323791019,0.03577512776831346,0.03564302249947361,0.03763160424751949,0.9506668391370321,1.2301274264648618,0.7683500744610022,0.03992082381058033,0.09288634980539483,0.42978133597029755,0.009636574538107734,0.0,0.43335609978905043,0.009636574538107734,0.0,0.2258615160316779,0.34078238417927165,0.43335609978905043,2.0
2024-02-05 00:00:00+00:00,442.75,448.75,436.5,439.75,751221,48.9795918367347,0.1561163579717251,448.2625,459.015,449.6374564484085,459.83774013632336,436.6872598636766,-4.893658471730646,-5.093656640117079,0.1999981683864327,0.0056785917092561,-0.0509110396570203,9.54142857142857,8.179999905714292,0.9531852744897958,4.299285714285714,46.4600014314286,0.5876672577346939,0.0,4.4,1.8,1.8,4.950200080871582,5.014699935913086,4.900782108306885,4.932938098907471,0,60.02942254204815,0.1045421266876941,4.913599967956543,4.895599842071533,-0.0004476624556307,0.1109833555104255,256.974,-0.0909769525053838,2.2851297401217163,0,0,0,0,0,0,2,6,0.8660254037844386,0.5000000000000001,0.6631226582407952,0.7485107481711011,13.670000076293944,0.0051338355257299,13.289999961853027,0.0,2184.0583432912827,0.04621070694231381,440.25,445.75,2.415714285714285,20.24857194085717,11.046151120839328,29.607680634557354,2198.1590386300522,2153.2215914458793,11.234361796043148,2188.118121091229,36.658697688304194,0.130660774297555,0.1490723359384305,0.1649927163691013,0.7919183904219929,0.02766798418972332,0.036720385915667605,0.03607226750790703,0.7670151734571933,1.0994827730925931,0.7224781069681693,0.03252511856101389,0.0845802502874902,0.38454739262400334,-0.02369382916297147,0.0,0.12623221533528306,-0.02369382916297147,0.0,0.6069933870981756,0.2667743975665413,0.12623221533528306,0.0
2024-02-12 00:00:00+00:00,430.5,445.5,427.75,442.75,1066722,32.795698924731184,0.1429971860745245,442.625,456.555,442.9787693238849,455.72833424835386,429.5216657516461,-6.980887409965533,-5.926635761296099,-1.0542516486694335,-0.0276679841897232,-0.0595303113052976,9.584285714285715,1.8342858028571478,1.55154238,8.518571428571429,5.882856922857149,1.1989268896326528,0.0,3.8,2.6,1.4,4.949943065643311,4.998600006103516,4.933596134185791,4.953100204467773,0,43.37355454099893,0.0990982351787936,4.932938098907471,4.869699954986572,0.0036430279684586,0.1010446334422174,256.974,-0.0909769525053838,2.2851297401217163,0,0,0,0,0,0,2,7,0.8660254037844386,0.5000000000000001,0.7485107481711011,0.6631226582407953,13.93000030517578,0.0188411533825424,13.597500085830688,0.0,2132.3096380233765,0.45527974935124377,442.75,440.25,5.503571428571428,16.92857217914287,10.883081463273658,28.07704684670573,2216.494946580299,2116.417346198193,25.01940009552634,2165.794727864088,33.60183303317835,0.11097792534455851,0.15272463187684754,0.15608281074494035,0.7110194755251822,0.04123112659698026,0.03672485299330541,0.03654940825334046,1.128092554338041,1.510470308443492,0.7628438213436234,0.03213987968302505,0.081926716504338,0.39230030362952745,-0.03017646469525026,0.0,0.0945911033235491,-0.03017646469525026,0.0,0.6810981908134197,0.2243107058630312,0.0945911033235491,0.0
2024-02-19 00:00:00+00:00,416.5,434.75,415.0,430.25,807607,22.543352601156077,0.1350070538708492,438.325,453.24,435.9603801762537,459.917579134676,416.732420865324,-9.132458343672567,-7.311072785319231,-1.8213855583533365,-0.029137529137529,-0.0619369369369369,4.957142857142857,5.505714288857156,1.5433223858775509,5.584285714285714,5.19428591942859,1.6314225165714282,0.0,6.2,0.4,0.0,4.952199935913086,4.986299991607666,4.933578968048096,4.965099811553955,0,54.06873634400981,0.0923222227201158,4.953100204467773,4.92609977722168,-0.0078029077762481,0.1006826630124858,256.974,-0.0909769525053838,2.2851297401217163,0,0,0,0,0,0,2,8,0.8660254037844386,0.5000000000000001,0.8229838658936564,0.5680647467311559,14.239999771118164,0.0220100802111438,13.860000133514404,0.0,2067.9640715122223,-0.6893138251194262,430.5,442.75,6.119285714285715,9.245714513714315,10.541223673016374,26.600739690107204,2238.1414560812636,2035.6307632786113,50.627673200663054,2126.662465323342,13.030998779086659,0.13107949274878675,0.16224827415389717,0.14315406793466512,0.9156532223176405,0.047418967587034816,0.03692453017961618,0.03743698067361292,1.266634062562555,1.137017198643938,0.7656327529731953,0.025301298677924855,0.07343454240138697,0.3445421514879008,-0.0172195819527432,0.0,0.16645272311746664,-0.0172195819527432,0.0,0.527716333218566,0.30583094366396735,0.16645272311746664,0.0
2024-02-26 00:00:00+00:00,407.0,421.5,394.5,416.25,1043220,19.31330472103004,0.1475070438885398,428.325,447.655,424.8873677203481,458.41176050853227,398.2382394914677,-12.012283136077542,-9.899345219826955,-2.112937916250587,-0.0228091236494597,-0.0990592141671278,13.71142857142857,5.5600004062857264,1.9640894048163264,3.5014285714285713,13.874285785142886,1.5549981233061223,0.0,1.4000000000000001,1.8,1.8,4.956399917602539,4.995800018310547,4.892254829406738,4.993500232696533,0,60.112789945885375,0.0645026690231482,4.965099811553955,4.915800094604492,-0.0014692585067429,0.0890938223429356,256.974,-0.0909769525053838,2.2851297401217163,0,0,0,0,0,0,2,9,0.8660254037844386,0.5000000000000001,0.8854560256532099,0.4647231720437686,13.739999771118164,-0.0357436197745304,13.894999980926512,0.0,2032.354594707489,-0.055948898168906205,416.5,430.5,7.702142857142857,23.05428778285717,10.087043343881676,25.779678147851442,2239.041022406315,1969.3023013608704,67.43468026136111,2088.939317077001,12.081131798951915,0.11137632092455216,0.10423348968162002,0.13555188050211897,0.8216508121870207,0.06633906633906633,0.04368645449622362,0.03906422584924519,1.6982046339029604,1.4335997484652148,-0.5346883900397332,0.010999416545499982,0.06538021020578369,0.1682376796970003,0.017417094948941614,1.0,0.5301769657300841,0.017417094948941614,1.0,0.1650870238024656,0.30473601046745036,0.5301769657300841,2.0
2024-03-04 00:00:00+00:00,417.5,420.75,406.25,406.5,273025,39.25619834710744,0.1606702608950162,420.3625,442.07,420.4998794899994,444.26112085875286,396.4638791412472,-8.90600493493531,-10.03584961234122,1.1298446774059094,0.0257985257985258,-0.0665176076020123,13.260000000000002,3.265714562285729,2.509557104897959,12.062142857142858,8.354286779428596,2.1871104204081635,0.0,2.0,0.0,0.0,4.978899955749512,4.9959001541137695,4.910208225250244,4.952700138092041,0,50.10032152618784,0.0710163628425501,4.993500232696533,4.914999961853027,0.0062476267726014,0.067093236356085,256.974,-0.0909769525053838,2.2851297401217163,0,0,0,0,0,0,3,10,1.0,6.123233995736766e-17,0.9350162426854148,0.3546048870425355,13.489999771118164,-0.0183626168832501,13.849999904632568,0.0,2067.752307653427,0.7157396297655239,407.0,416.5,11.579285714285714,21.80285711714289,10.214469118930785,24.65545934988868,2158.4019939946675,1991.78831195359,41.65342051026943,2080.4645133075715,18.918993286598763,0.15289939124411075,0.12571999494798747,0.14242728945479288,1.0735258748105505,0.03473053892215569,0.04347753672699206,0.03911707932596522,0.8878610223972412,0.38578862245377554,-0.6961123220616988,0.04034317979482985,0.05941968803364461,0.6789529588653704,0.030893063950061084,1.0,0.6888295880236067,0.030893063950061084,1.0,0.0915667500299616,0.21960366194643166,0.6888295880236067,2.0
2024-03-11 00:00:00+00:00,428.25,428.5,412.0,417.25,7101,57.6,0.1811344239493456,417.0625,436.87,421.5392024108385,434.25251775826206,399.87248224173794,-3.834584846183589,-7.10043245221655,3.265847606032961,0.0257485029940118,-0.0115406809001731,12.314285714285715,10.405714851428586,2.3913491412244903,17.112857142857145,6.428571636571458,2.587644562653061,0.0,2.0,0.4,0.2,4.944900035858154,4.997499942779541,4.897881031036377,4.977540016174316,0,53.52641911046488,0.0705306565174533,4.952700138092041,4.991899967193604,-0.0034466866270769,0.0715214996606151,256.974,-0.0909769525053838,2.2851297401217163,0,0,0,0,0,0,3,11,1.0,6.123233995736766e-17,0.970941817426052,0.239315664287558,15.220000267028809,0.1206617167252531,14.172499895095823,1.0,2131.631511926651,-0.2536917102023062,417.5,407.0,2.412857142857143,43.537142228571454,10.659526410797003,23.479531110319826,2157.61193584375,1992.2393070561448,41.34315719690135,2100.9313127552036,49.829814931574155,0.19487897917818836,0.15724880234850325,0.1558117139899266,1.2507337329172195,0.03852889667250438,0.045649719223548275,0.03882526816774954,0.9923662750344091,0.010702740977842407,-0.8056275645922194,0.04129245897087558,0.0600212204582212,0.6879642195875657,0.01615525094521808,1.0,0.5144366230414138,0.01615525094521808,1.0,0.1739679413941858,0.3115954355644004,0.5144366230414138,2.0
2024-03-18 00:00:00+00:00,436.0,440.5,422.5,425.0,416014,74.23580786026201,0.1935366075142801,418.6125,433.065,425.1280627120325,438.8352562024592,398.3897437975408,0.24424135278133,-3.114845258372497,3.359086611153828,0.0180969060128428,0.0436864153201674,12.814285714285715,15.848571185714299,2.8800989885714285,9.455714285714285,29.13714391428574,2.3487765777551024,0.0,2.0,0.4,0.0,4.977399826049805,5.029699802398682,4.948556900024414,4.968047142028809,0,47.78993936898691,0.0720263299639685,4.977540016174316,4.972400188446045,0.0088262694237594,0.0711403139408202,256.974,-0.0909769525053838,2.2851297401217163,0,0,0,0,0,0,3,12,1.0,6.123233995736766e-17,0.992708874098054,0.120536680255323,14.329999923706056,-0.0602551334621303,14.194999933242798,0.0,2166.0685539245605,0.9736038948813239,428.25,417.5,0.37928571428571417,16.01714277371432,10.58186111240457,23.844538387995048,2220.4488138424563,1978.4546702636076,60.49853589471223,2126.9862092229464,78.96955221240158,0.18637368358675516,0.14995745116429934,0.1492636124309409,1.2486209335632585,0.04128440366972477,0.045660374638097176,0.03934740784940619,1.0492277746847831,0.6453053482922182,0.28882570797067764,0.0415113910404439,0.05419092065870807,0.7660210027002615,0.010653093069459496,0.0,0.4458765572509912,0.010653093069459496,0.0,0.21709868165890922,0.3370247610900996,0.4458765572509912,2.0
2024-04-01 00:00:00+00:00,435.5,448.0,426.0,437.25,881060,55.68627450980392,0.1986131499655077,430.6625,430.345,431.9234495018392,447.6541968888027,413.67080311119736,2.76470586665522,1.9349710610855304,0.8297348055696894,-0.0085372794536141,0.047504509921828,12.581428571428571,30.88285799714287,2.4060879546938776,7.680000000000001,28.55714296285717,2.5039523105714285,0.0,2.6,0.0,0.0,4.9721999168396,5.065700054168701,4.954847812652588,5.013199806213379,0,56.18720332278481,0.0879175623314163,5.000899791717529,4.969799995422363,0.0052929554978006,0.0928806545487319,256.974,-0.0909769525053838,2.2851297401217163,1,0,0,1,0,0,4,14,0.8660254037844387,-0.4999999999999998,0.992708874098054,-0.1205366802553228,13.649999618530272,0.0342805587684902,14.09749984741211,0.0,2183.2485156059265,0.6202725022854438,437.75,436.0,-6.884285714285715,13.525714497142886,10.274126113977362,24.710283523104934,2219.228290631023,2115.8179420097204,25.852587155325637,2164.4089736804754,95.36844234363166,0.08641382547123672,0.1446179898105549,0.1504087044077728,0.5745267208185847,0.0505166475315729,0.03792357651396023,0.03948665218335171,1.2793344572150651,1.4319485957335645,0.2689957091138841,0.04301917741791969,0.05171742565496483,0.8318118807151237,0.008318113135545868,0.0,0.4172447411452621,0.008318113135545868,0.0,0.23759585323862573,0.34515940561611214,0.4172447411452621,2.0
2024-04-08 00:00:00+00:00,435.5,438.5,424.5,435.75,985930,49.59349593495935,0.2292696734249313,433.7625,428.775,432.3655374556248,444.8666421860162,422.6583578139838,1.7895738070883451,1.8353242979831064,-0.0457504908947612,0.0,0.022300469483568,13.180000000000001,26.242856460000013,2.646757930612245,15.3,58.402858542857174,2.6537729366938776,0.0,1.8,0.0,0.0,5.053599834442139,5.089900016784668,5.004000186920166,5.054900169372559,0,54.7415627526918,0.0888845527067499,5.013199806213379,4.933800220489502,-0.0001795635051892,0.085376964693318,256.974,-0.0909769525053838,2.2851297401217163,1,0,0,2,0,0,4,15,0.8660254037844387,-0.4999999999999998,0.970941817426052,-0.2393156642875575,15.1899995803833,0.1068977952986771,14.089999675750732,1.0,2201.4090237617493,0.0730206019864638,435.5,437.75,4.299285714285714,46.4600014314286,10.598376042107855,26.883998040508306,2214.358897910527,2155.5760906477653,14.695701815690455,2179.2089937129854,92.77247171133645,0.0872878565116657,0.14313227232326897,0.14348027222734622,0.6083613382733459,0.03214695752009185,0.03740686023354746,0.039390059697268984,0.8161183203572925,1.5891021757255694,0.23892076522126293,0.028693319289253495,0.04462642041201622,0.6429669374032537,0.0030069484833521454,0.0,0.35442318297021996,0.0030069484833521454,0.0,0.2889791068346308,0.35659771019514924,0.35442318297021996,1.0
2024-04-15 00:00:00+00:00,431.5,437.5,427.0,435.0,1034558,45.90163934426229,0.2251611457886941,434.675,427.405,432.3330540621632,443.4680893919991,425.8819106080009,0.8954765074257693,1.3472156396397166,-0.4517391322139472,-0.0091848450057405,0.0213017751479289,20.50714285714286,23.125712637142872,3.704351968979592,16.219285714285714,54.47714079714289,2.784210580816326,0.2,0.0,0.2,0.0,5.023900032043457,5.1859002113342285,4.999000072479248,5.117099761962891,0,74.32008259369809,0.0946281345712586,5.054900169372559,4.992700099945068,-0.0004944586639045,0.0859056303642603,256.974,-0.0909769525053838,2.2851297401217163,1,0,0,3,0,0,4,16,0.8660254037844387,-0.4999999999999998,0.9350162426854148,-0.3546048870425354,19.229999542236328,0.2358342468128797,15.3149995803833,1.0,2208.0285472869873,0.04153108611493381,435.5,435.5,8.518571428571429,5.882856922857149,10.96101537579675,28.66420079900086,2218.036920251341,2172.8780649881646,11.289713815794235,2190.7368151425867,89.03202200149116,0.05175592502604936,0.14182977296022528,0.14213404635789512,0.36413458077723027,0.02433371958285052,0.03456782481561669,0.03827414413963873,0.6357741961865916,1.61038959826026,0.2531191838011176,0.03922920520029833,0.04103693382575706,0.9559485074440633,0.03686454001192563,1.0,0.7489888996634899,0.03686454001192563,1.0,0.06957559316281677,0.18143550717369328,0.7489888996634899,2.0
2024-04-22 00:00:00+00:00,439.75,441.0,426.25,431.25,824258,62.67942583732058,0.2087349936045732,433.0125,426.795,432.47271561850897,441.3908477207245,424.6341522792754,0.7723351675356298,0.7157824419615252,0.0565527255741046,0.0191193511008112,-0.0022688598979012,16.375714285714285,35.50857152285716,4.333943637142857,23.12,51.428568651428606,4.015375197551021,0.0,0.7999999999999999,0.0,0.0,5.183700084686279,5.285799980163574,5.181008815765381,5.206200122833252,0,65.87597505293209,0.1110641654634712,5.117099761962891,4.974500179290772,0.0052313698633702,0.0969456602649379,256.974,-0.0909769525053838,2.2851297401217163,1,0,0,4,0,0,4,17,0.8660254037844387,-0.4999999999999998,0.8854560256532099,-0.4647231720437685,16.940000534057617,-0.1267938150456933,16.25249981880188,1.0,2289.4265040159225,0.6141139388424038,431.5,435.5,5.584285714285714,5.19428591942859,11.74546599671309,30.132869692705878,2314.751537423112,2126.304757912181,47.1116948777328,2230.2126906919216,94.73972369903386,0.10781592147033973,0.14667609483050612,0.15318850574808293,0.7038120380227588,0.033541785105173395,0.033019301102706414,0.037506909657797995,0.8942825860187583,1.2364693797724087,0.14312255763164886,0.040659182296811744,0.04752806332966201,0.8554771832384919,-0.018538765350498365,0.0,0.1575013185074298,-0.018538765350498365,0.0,0.5441195221863596,0.2983791593062106,0.1575013185074298,0.0
2024-04-29 00:00:00+00:00,439.25,444.5,435.0,439.25,756017,57.92079207920793,0.1989821956331153,434.3375,428.17,435.4756578425152,443.77604778096617,424.8989522190338,2.24822570812654,1.5885836256239292,0.659642082502611,-0.0011370096645821,-0.0062217194570135,18.717142857142854,27.534285074285734,3.762631475102041,13.446428571428571,68.70571465428576,4.078401914081633,0.0,0.0,0.0,0.0,5.1656999588012695,5.191699981689453,5.098400115966797,5.115499973297119,0,58.50351518821596,0.1224307591758339,5.206200122833252,5.014100074768066,-0.0067956594543725,0.1164707564897302,256.974,-0.0909769525053838,2.2851297401217163,1,0,0,5,0,0,4,18,0.8660254037844387,-0.4999999999999998,0.8229838658936565,-0.5680647467311557,14.670000076293944,-0.1438731233947633,16.507499933242798,0.0,2246.9833632707596,-0.5885889929318661,439.75,431.5,3.5014285714285713,13.874285785142886,11.855205517662476,32.62144033538845,2317.7277617978657,2155.1959573698437,40.63295110700555,2236.920959723457,71.44205471561668,0.1446538262112769,0.13057657461301114,0.15636106213255502,0.9251268505542524,0.021627774615822423,0.03243337687110219,0.03720393356774221,0.5813301640037657,1.0733956078093585,0.1355907848522049,0.09731151816269505,0.05762728233573184,1.688635960818117,0.03133887021348425,1.0,0.6935871473513324,0.03133887021348425,1.0,0.08972939450386697,0.2166834581448006,0.6935871473513324,2.0
2024-05-06 00:00:00+00:00,457.0,458.5,437.0,439.25,26408,72.22222222222221,0.1564095061811644,438.1125,431.905,440.612085109598,453.73845260263823,422.4865473973618,4.726041881549293,2.9657863010874226,1.76025558046187,0.0404097894137733,0.0523891767415083,22.112857142857145,49.26571403600002,3.8078819473469387,21.922142857142855,79.49714076657146,3.810618567959183,0.0,0.0,0.0,0.0,5.117000102996826,5.1946001052856445,5.0432000160217285,5.070899963378906,0,39.71926915063664,0.1369707490237336,5.115499973297119,5.057400226593018,-0.00839005533766,0.1267644017957185,256.974,-0.0909769525053838,2.2851297401217163,1,0,0,6,0,0,5,19,0.4999999999999999,-0.8660254037844387,0.7485107481711013,-0.663122658240795,13.489999771118164,-0.0838559441026818,16.082499980926514,0.0,2317.40128326416,-0.7480285812606161,439.25,439.75,12.062142857142858,8.354286779428596,12.50468534601605,35.64567907288413,2361.4602583991737,2169.459590519741,48.000166969858114,2269.1130891397383,78.87124202744106,0.16040992571190005,0.12181127280944153,0.1500928125688785,1.068738151274935,0.047045951859956234,0.031739237736778864,0.03651639887562472,1.2883509991411053,0.038361643469865876,0.04318958896194944,0.10668721473843652,0.059967865015867726,1.779072790393301,0.013641761868693703,0.0,0.4830285455912482,0.013641761868693703,0.0,0.1927735435718312,0.3241979108369206,0.4830285455912482,2.0
2024-05-13 00:00:00+00:00,458.5,461.5,441.0,457.0,2861,61.39705882352941,0.1898093739191581,442.8625,435.9,444.9699923747701,460.95980642949536,424.7651935705047,5.378814933415299,4.270778649354297,1.1080362840610016,0.0032822757111596,0.0528128587830081,23.005714285714284,33.577143763714304,4.369947924489796,20.937857142857144,81.74857195171433,4.020676067551021,0.0,0.0,0.0,0.0,5.074900150299072,5.173699855804443,5.047162055969238,5.123260021209717,0,44.6875742371554,0.1445878901949066,5.070899963378906,5.090400218963623,-0.0077398140276572,0.1488818626232216,256.974,-0.0909769525053838,2.2851297401217163,1,0,0,7,0,0,5,20,0.4999999999999999,-0.8660254037844387,0.6631226582407952,-0.7485107481711012,13.600000381469728,0.0081211675383644,14.675000190734863,0.0,2349.014719724655,-0.6830044502603361,457.0,439.25,17.112857142857145,6.428571636571458,13.04876094581225,38.62005925861511,2387.3152708984007,2214.097664239348,43.30440166476311,2301.073741373705,81.2092444177839,0.15975288754821798,0.12137510625692724,0.1485015073287028,1.075766028670338,0.04471101417666303,0.03425204906809309,0.03769486713202658,1.1861297231467922,0.004295589723586019,0.05175252162388765,0.10832042976334613,0.0580931017688071,1.8646002334050973,0.00019428962489453916,0.0,0.32294171182638426,0.00019428962489453916,0.0,0.3187082586325222,0.35835002954109346,0.32294171182638426,1.0
2024-05-20 00:00:00+00:00,460.5,473.25,451.0,461.0,1072044,61.79775280898876,0.2119041335041006,449.1125,439.6,449.8325936721878,465.17608664161054,433.0489133583895,5.884839835873038,5.31886389500738,0.5659759408656582,0.0043620501635768,0.0622837370242215,25.017142857142858,17.77142924485716,4.492956224897959,24.795714285714286,54.10000260800003,4.526476689795919,0.0,0.0,0.0,0.0,5.154200077056885,5.161699771881104,5.079078197479248,5.102000236511231,0,48.05842321028935,0.1185244429871004,5.123260021209717,5.241700172424316,-0.0034177499091251,0.1440940407024667,256.974,-0.0909769525053838,2.2851297401217163,1,0,0,8,0,0,5,21,0.4999999999999999,-0.8660254037844387,0.5680647467311558,-0.8229838658936564,12.149999618530272,-0.112740682401379,13.477499961853027,0.0,2349.471108913422,-0.2507980384071262,458.5,457.0,9.455714285714285,29.13714391428574,13.806628903225285,39.61876528115607,2412.155700026834,2219.2795375596643,48.21904061679252,2320.432688389592,70.71490984220719,0.16226970839846203,0.11537238991530317,0.14778474466676653,1.098013856465486,0.048317046688382194,0.03904871448919943,0.038996661111008024,1.2390043896527159,1.535715963799825,-0.19087514217238272,0.10227505458409032,0.05814849765661956,1.7588594910818394,0.02264056370529044,1.0,0.5943621832736593,0.02264056370529044,1.0,0.13215608564772485,0.27348173107861584,0.5943621832736593,2.0
2024-06-03 00:00:00+00:00,443.5,471.0,439.0,467.0,995287,37.903225806451616,0.218747578846249,455.1875,443.72,452.5173308303159,468.834241465809,441.54075853419096,2.082338933711412,4.482780039443685,-2.4004411057322725,-0.0457235072619688,-0.0188053097345132,24.312857142857144,24.974286187142873,4.768852786938775,24.381428571428575,67.94571360857147,4.899796795918368,0.0,0.0,0.0,0.0,5.17170000076294,5.264500141143799,5.133562088012695,5.244400024414063,0,68.5596211997827,0.0870239968084083,5.1697998046875,5.110300064086914,0.0051779965974742,0.1054268006283261,256.974,-0.0909769525053838,2.2851297401217163,1,0,0,10,0,0,6,23,1.2246467991473532e-16,-1.0,0.3546048870425358,-0.9350162426854148,13.109999656677246,0.0943190098973959,12.697499990463257,0.0,2325.891410827637,0.6087766122528039,464.75,460.5,7.680000000000001,28.55714296285717,15.241516924823435,41.27618717965896,2421.806116036375,2291.7147333107396,32.522845681408754,2342.3518023661522,52.619823930339194,0.1785904779684357,0.15335046329921037,0.14674151090353624,1.217041208710356,0.07215332581736189,0.04771711913397023,0.0395407716150369,1.8247824870999216,1.4299286994590332,-0.0995721480156391,0.07692382404011795,0.06266545183401301,1.2275314310117462,0.023659890417491836,1.0,0.6065885051995334,0.023659890417491836,1.0,0.1264195022609251,0.2669919925395414,0.6065885051995334,2.0
2024-06-10 00:00:00+00:00,451.75,454.25,438.25,442.5,1135118,41.860465116279066,0.2027180433520619,454.1625,444.84,450.50417383204143,469.29548506062696,439.0295149393731,0.2148527808531639,1.6349798780874236,-1.4201270972342597,0.0186020293122886,0.0203274985883681,25.77285714285714,25.53999962142859,5.073968331836734,24.756428571428575,51.1057141514286,4.690589177346939,0.4,0.0,0.0,0.0,5.249000072479248,5.384099960327148,5.243299961090088,5.270441055297852,0,78.77840610895332,0.0721807901421685,5.244400024414063,5.1407999992370605,0.0080984935059491,0.0700367541912329,256.974,-0.0909769525053838,2.2851297401217163,0,0,0,0,0,0,6,24,1.2246467991473532e-16,-1.0,0.2393156642875576,-0.970941817426052,12.739999771118164,-0.0286286394093451,12.482499837875366,0.0,2380.9217467308044,0.9008263031002939,443.5,464.75,15.3,58.402858542857174,15.85538219234635,41.910350210095714,2432.4863798848646,2296.9879829653246,33.874599229884986,2357.7797801120137,58.602450676214765,0.16679549345358102,0.15625182747209693,0.15010802370642773,1.1111696645083609,0.03541781959048146,0.04539149268007527,0.03968519035675952,0.8924692145203896,1.595081308721587,-0.13955620933937973,0.05455718856166435,0.06165967291549244,0.8848113707694152,-0.0015389762691478959,0.0,0.3042906137804103,-0.0015389762691478959,0.0,0.33781396611934295,0.35789542010024683,0.3042906137804103,1.0
2024-06-17 00:00:00+00:00,443.75,460.5,443.25,450.75,1245198,36.26373626373626,0.1861666356645383,452.75,446.695,450.6409732083864,468.0702652169877,437.4297347830123,0.1414496242838936,0.8926518118714616,-0.751202187587568,-0.0177089097952407,-0.0289934354485776,30.26142857142857,14.47999993428573,5.963711673469388,26.280714285714286,41.62571434000004,5.487126722040817,3.8000000000000003,0.0,0.0,0.0,5.352799892425537,5.424799919128418,5.317385196685791,5.357200145721436,0,74.37591169526445,0.0859921867203991,5.270441055297852,5.128600120544434,0.0025344868189341,0.072183924271503,256.974,-0.0909769525053838,2.2851297401217163,0,0,0,0,0,0,6,25,1.2246467991473532e-16,-1.0,0.120536680255323,-0.992708874098054,12.75,0.0007846394260253,12.632499933242798,0.0,2377.2575646638875,0.3444256343987938,451.75,443.5,16.219285714285714,54.47714079714289,16.527984262886218,41.891986605573415,2436.728914725376,2306.638676000047,32.522559681332154,2365.5708939327633,57.364126136603005,0.16430068750836854,0.1579874418208535,0.14835575505181306,1.107477605949366,0.038873239436619716,0.04422393773206661,0.03984009594017483,0.9757313269947877,1.6986487045054275,-0.12239007213278277,0.06131669568356603,0.06486996510989193,0.9452245908788076,-0.010529756060271067,0.0,0.2181486702625742,-0.010529756060271067,0.0,0.44435342268685507,0.3374979070505707,0.2181486702625742,0.0
2024-06-24 00:00:00+00:00,433.5,452.0,425.0,444.25,842537,43.05555555555557,0.1953869446666442,448.475,447.265,446.7664644334928,465.1774265492962,431.7725734507038,-2.7022657415805043,-0.5473495968654369,-2.1549161447150675,-0.0366666666666666,-0.0601626016260162,30.134285714285713,49.89428503942859,5.6209164057142855,30.74857142857143,47.38285620657146,6.0067821128571435,4.2,0.0,0.0,0.0,5.423999786376953,5.46999979019165,5.375999927520752,5.426126003265381,0,70.17962068006406,0.0946323443782238,5.357200145721436,5.143099784851074,-0.0008209457547431,0.0866994883197162,256.974,-0.0909769525053838,2.2851297401217163,0,0,0,0,0,0,6,26,1.2246467991473532e-16,-1.0,-3.216245299353273e-16,-1.0,13.329999923706056,0.0444858568627055,12.982499837875366,0.0,2352.2256224155426,0.008882377031073807,443.75,451.75,23.12,51.428568651428606,17.44544149938204,42.246236257250715,2410.1420220983323,2308.006150220604,25.533967969432002,2360.2327853258753,34.2869186183585,0.1697608609096457,0.16326472969886158,0.15009890491690425,1.1309932587029456,0.06228373702422145,0.04701727579923446,0.04157088358189974,1.498253505220302,1.1422404472559418,-0.0972123835286547,0.03129748008388839,0.06627924842323725,0.47220625016702994,-0.05324808014468729,0.0,0.031910049755428244,-0.05324808014468729,0.0,0.8712889847399959,0.09680096550457581,0.031910049755428244,0.0
2024-07-01 00:00:00+00:00,398.25,434.5,390.5,433.5,493940,18.895348837209312,0.2187506715203612,437.3375,445.26,432.0599065295661,472.94585021825947,401.7291497817405,-11.200229298659965,-5.718882536613936,-5.4813467620460266,-0.0813148788927335,-0.1125348189415041,27.111428571428572,34.61714133285716,5.517230541632652,29.330000000000002,112.4714252094286,5.394039278979592,2.0,0.0,0.0,0.0,5.3892998695373535,5.600200176239014,5.386000156402588,5.591899871826172,0,72.47603039064083,0.1115202642109808,5.426126003265381,5.202099800109863,-0.0048304806798688,0.0977176940131452,256.974,-0.0909769525053838,2.2851297401217163,0,1,0,0,1,0,7,27,-0.4999999999999997,-0.8660254037844388,-0.1205366802553228,-0.992708874098054,12.220000267028809,-0.086943152871907,12.759999990463257,0.0,2226.974123954773,-0.3920711154814962,433.5,443.75,13.446428571428571,68.70571465428576,18.212187209099326,46.77689360900413,2479.759588181355,2188.9299407011486,72.70741187005156,2306.929320777435,26.333081369430033,0.2150294835060923,0.19558339906065036,0.1721774471665808,1.2488829086263737,0.11048336472065286,0.06384229731786745,0.04503349548808337,2.4533591938537547,0.6966922001052683,0.03690486313579823,0.06583992399292195,0.07781326106626862,0.8461271848712062,-0.02771072265650598,0.0,0.10569057254199138,-0.02771072265650598,0.0,0.6537437014681334,0.2405657259898752,0.10569057254199138,0.0
2024-07-08 00:00:00+00:00,395.75,412.0,394.5,398.25,2412,21.372031662269137,0.255167528580056,429.1,442.43,422.4617884463757,473.076488933866,385.1235110661341,-13.00674097832615,-9.75450782651908,-3.2522331518070686,-0.0037759597230963,-0.0990324416619237,27.22714285714286,49.168570264285734,4.750962815510205,25.654285714285713,60.13142749142861,5.363883369999999,0.4,0.0,0.0,0.0,5.65500020980835,5.683899879455566,5.452383995056152,5.471290111541748,0,53.57766684535461,0.143849059692399,5.591899871826172,5.2571001052856445,0.0164800652068963,0.122582351158609,256.974,-0.0909769525053838,2.2851297401217163,0,1,0,0,2,0,7,28,-0.4999999999999997,-0.8660254037844388,-0.2393156642875574,-0.970941817426052,12.369999885559082,0.0122002015576737,12.667500019073486,0.0,2165.263061642647,1.738983473195014,398.25,433.5,21.922142857142855,79.49714076657146,18.692322596530705,47.63847644012829,2482.588918687203,2078.2712676512215,101.0794127589955,2250.26281712352,0.0,0.21088131999633986,0.20110066248948538,0.17089695512909064,1.2339676122220555,0.04421983575489577,0.05825559930537423,0.04487353889647641,0.9854321051564527,0.003606895900453208,0.04840251905639995,0.13856087008114892,0.08979991358399995,1.5429954119230112,-0.022011014486410962,0.0,0.1358082486322983,-0.022011014486410962,0.0,0.5867511217567483,0.27744062961095345,0.1358082486322983,0.0
2024-07-15 00:00:00+00:00,390.5,411.0,389.5,400.25,352342,26.88172043010753,0.2716857067550863,416.0,438.385,413.4847547625003,455.1451415282437,376.8548584717563,-12.567916894122844,-11.579778268252603,-0.9881386258702404,-0.0132659507264687,-0.1403412217941662,29.592857142857138,45.92571491342859,5.088185348571429,28.044285714285714,90.52285492228576,4.784473151836735,3.4000000000000004,0.0,0.0,0.0,5.470399856567383,5.474299907684326,5.3680620193481445,5.422800064086914,0,52.66085776161472,0.1522686883722025,5.471290111541748,5.361599922180176,-0.0027578851230106,0.158531826203334,256.974,-0.0909769525053838,2.2851297401217163,0,1,0,0,3,0,7,29,-0.4999999999999997,-0.8660254037844388,-0.3546048870425356,-0.9350162426854148,13.119999885559082,0.0588635976404045,12.759999990463257,0.0,2117.60342502594,-0.1848115597956762,395.75,398.25,20.937857142857144,81.74857195171433,19.295675055740706,50.40521053575135,2418.6028769058184,2012.430239613633,101.54315932304637,2197.1990602844885,0.0,0.14629374323594366,0.18411448597474753,0.17260948358059927,0.8475416977434814,0.05505761843790013,0.062183559074857966,0.04430946650141811,1.242569824451391,0.5555909909115714,0.05428524230877078,0.1498757990720743,0.09247030067785546,1.6207991297250628,0.04350467058651497,1.0,0.8061575578408321,0.04350467058651497,1.0,0.05092018322326068,0.14292225893590726,0.8061575578408321,2.0
2024-07-22 00:00:00+00:00,400.25,401.0,390.0,390.0,626515,51.24223602484472,0.2776211020532521,403.8625,432.795,406.2862562122416,427.1233067698012,380.6016932301988,-11.072523939196683,-11.716629331586493,0.6441053923898075,0.024967989756722,-0.0898237635019897,26.009999999999998,16.01714318057145,5.0053642832653065,31.17642857142857,81.25714480742862,5.165027839183673,0.4,0.0,0.4,0.0,5.446800231933594,5.619172096252441,5.405600070953369,5.520872116088867,0,36.78613405388951,0.1505325325690262,5.422800064086914,5.452400207519531,-0.0027990843480502,0.1516961268936181,256.974,-0.0909769525053838,2.2851297401217163,0,1,0,0,4,0,7,30,-0.4999999999999997,-0.8660254037844388,-0.464723172043768,-0.8854560256532101,14.90999984741211,0.1278943437494053,13.15499997138977,0.0,2209.729064464569,-0.18893148229963624,390.5,395.75,24.795714285714286,54.10000260800003,20.06217528255928,52.39565790811763,2277.8777865300826,2081.9070510138818,48.99268387905017,2202.211061956521,28.194720532169498,0.2584108359339394,0.21413373712142064,0.1832178989103901,1.410401622148877,0.027482823235477825,0.05990547583462959,0.04394708071708421,0.6253616061277525,0.9611342124675382,0.0023939043945448374,0.15142751294697604,0.09253424307418975,1.6364482115132908,0.008291348954981181,0.0,0.4169193896021278,0.008291348954981181,0.0,0.23783834697603892,0.3452422634218333,0.4169193896021278,2.0
2024-07-29 00:00:00+00:00,396.25,409.5,390.0,399.0,709095,46.99248120300752,0.2829759734641577,399.5125,427.39,403.8719771427972,410.70633641506765,388.3186635849323,-7.6369706439344895,-9.384921586254729,1.7479509423202373,-0.00999375390381,-0.0422960725075528,29.27857142857143,11.53428604342859,4.79156305510204,26.002857142857145,26.034286676571465,4.802881714489797,2.2,0.0,0.0,0.0,5.570700168609619,5.684309959411621,5.55548906326294,5.622840881347656,0,67.11222733228848,0.1474903323690574,5.520872116088867,5.500500202178955,-0.0040361143667138,0.1540969415521915,256.974,-0.0909769525053838,2.2851297401217163,0,1,0,0,5,0,7,31,-0.4999999999999997,-0.8660254037844388,-0.5680647467311556,-0.8229838658936566,16.600000381469727,0.1073705997998838,14.25,1.0,2228.050699234009,-0.31263448416599626,400.25,390.5,26.277142857142856,36.80000059428575,20.445445079997853,50.69492428027594,2278.8401146793626,2081.4830105042197,49.339276043785674,2212.5469168675163,50.24487881128932,0.2691523472013946,0.21628437318411792,0.17764439666561052,1.5151186139400061,0.04921135646687697,0.057290999723160686,0.04448120370680284,1.1063402359308985,1.032237675164828,-0.19319452175649657,0.1556191010878418,0.09482237256929653,1.6411642153593307,0.004334398221165658,0.0,0.3697521848299747,0.004334398221165658,0.0,0.2755347760496006,0.3547130391204248,0.3697521848299747,2.0
2024-08-05 00:00:00+00:00,390.75,396.75,378.0,396.0,667104,45.9349593495935,0.2598833866488714,395.5125,420.22,396.965257037302,410.37456314936514,380.6504368506348,-8.424648665244831,-8.880393116919869,0.4557444516750379,-0.0138801261829653,-0.0498480243161094,31.115714285714287,23.897142116571445,5.051253323673469,30.22357142857143,24.799999975428605,5.038187845102041,5.0,0.0,0.0,0.0,5.614500045776367,5.82420015335083,5.600062847137451,5.7266998291015625,0,77.85871310924551,0.1177806963048741,5.622840881347656,5.486400127410889,-0.0035964906865124,0.1373337206998736,256.974,-0.0909769525053838,2.2851297401217163,0,1,0,0,6,0,8,32,-0.8660254037844385,-0.5000000000000004,-0.663122658240795,-0.7485107481711013,38.56999969482422,0.8430720459652773,20.799999952316284,2.0,2237.7079582214355,-0.2686721161458562,396.25,400.25,24.381428571428575,67.94571360857147,21.07629194119615,49.02428400254385,2308.3070180219006,2088.238555451076,55.01711564270616,2222.611333409084,71.59128992200318,0.20334874200381617,0.2066275521783906,0.17614976741889882,1.1544081689086438,0.04798464491362764,0.04479125576175565,0.04481621576899798,1.070698036040809,0.9536816702295355,-0.17934640550042896,0.13645828116587644,0.09574909555922778,1.4251650745861755,-0.05694152057669999,0.0,0.02667279887872037,-0.05694152057669999,0.0,0.8906186592900177,0.08270854183126192,0.02667279887872037,0.0
2024-08-12 00:00:00+00:00,383.25,393.0,372.5,390.75,825009,34.02489626556016,0.2238437433869269,391.0375,412.54,391.0443200314601,407.94457964458536,374.1304203554147,-8.408685114619857,-8.572857167497817,0.1641720528779604,-0.019193857965451,-0.0418749999999999,24.764285714285712,9.771428082857158,4.839043233877551,30.455000000000002,46.557141169428604,4.914063137959183,0.4,0.0,1.0,0.0,5.720900058746338,5.723199844360352,5.47130012512207,5.50629997253418,0,43.67633108555452,0.1204536047260369,5.7266998291015625,5.438000202178955,-0.0041647542948831,0.1102206532228809,256.974,-0.0909769525053838,2.2851297401217163,0,0,0,0,0,0,8,33,-0.8660254037844385,-0.5000000000000004,-0.7485107481711011,-0.6631226582407952,20.709999084472656,-0.6218581331074049,22.69749975204468,1.0,2110.2894644737244,-0.3254984769829262,390.75,396.25,24.756428571428575,51.1057141514286,21.68136988047382,48.86511349718158,2313.6381224528423,2079.2504707440266,58.59691292720391,2177.6825858349403,48.52256966906482,0.2722270927019787,0.23219798751798748,0.20022236844496993,1.3596237084797136,0.05348988910632746,0.046645266432041976,0.046262840435622184,1.1562168911481616,1.165455677250544,-0.1311554714345295,0.18393845678951495,0.121489983405431,1.5140214566946573,-0.01996788492146051,0.0,0.14824984501265534,-0.01996788492146051,0.0,0.5617812307369768,0.2899689242503678,0.14824984501265534,0.0
2024-08-19 00:00:00+00:00,378.0,385.0,367.75,382.75,738147,41.43426294820717,0.2157883117534724,386.3625,405.715,385.2239913473193,406.3153885919054,366.4096114080946,-8.27684466838923,-8.44500101721574,0.1681563488265087,-0.0136986301369863,-0.0320102432778489,26.927142857142858,19.114286430000018,4.002395416734694,24.479285714285716,18.13142826257146,4.629419246938775,0.4,0.0,0.6000000000000001,0.0,5.491899967193604,5.50059986114502,5.401500225067139,5.47130012512207,0,35.10194564883079,0.128212945442325,5.50629997253418,5.5432000160217285,-0.0072021169551532,0.1333484960428667,256.974,-0.0909769525053838,2.2851297401217163,0,0,0,0,0,0,8,34,-0.8660254037844385,-0.5000000000000004,-0.8229838658936564,-0.5680647467311559,14.649999618530272,-0.3461763217762871,22.63249969482422,0.0,2068.1514472961426,-0.6292347430099362,383.25,390.75,26.280714285714286,41.62571434000004,21.861880579429428,46.882295094948674,2330.646705632782,1991.4530789798737,84.79840666322701,2133.870130419421,14.163989388072153,0.2705998898978731,0.21705996725158455,0.20239886007211813,1.3369634415520886,0.04563492063492063,0.04476072687144608,0.046018754090789565,0.9916589794738586,1.0533825898546771,-0.08997803332742148,0.18229475063398762,0.12278701504916738,1.4846418060946722,-0.039860028163647754,0.0,0.06048312339080895,-0.039860028163647754,0.0,0.7760860206727456,0.1634308559364455,0.06048312339080895,0.0
2024-08-26 00:00:00+00:00,362.0,378.5,360.5,377.75,632576,28.51405622489959,0.2013149990617751,378.8,397.495,379.0981687894365,393.6169533057999,363.98304669420014,-8.633668380000643,-8.261879279172337,-0.3717891008283054,-0.0423280423280423,-0.082382762991128,28.26571428571429,6.4028574417143025,4.322089394285714,27.215,42.560001753714324,3.936292761020408,2.6,0.0,0.8,0.8,5.405600070953369,5.601099967956543,5.4018378257751465,5.485400199890137,0,32.27991391812462,0.1375549296795596,5.47130012512207,5.643099784851074,-0.0024825905736654,0.1224345080848931,256.974,-0.0909769525053838,2.2851297401217163,0,0,0,0,0,0,8,35,-0.8660254037844385,-0.5000000000000004,-0.8854560256532096,-0.4647231720437691,16.149999618530273,0.097479716624062,22.519999504089355,1.0,1985.7148723602295,-0.15728210486115624,378.0,383.25,30.74857142857143,47.38285620657146,22.20724312269205,46.60343746003033,2310.684574665566,1890.2472965102002,105.1093195388414,2074.6080271957444,3.690902449608302,0.20713117339395118,0.22227692848214975,0.2103616527307463,0.9846431650384414,0.049723756906077346,0.04920891360556599,0.04689759406008884,1.0602622010789169,0.9260751428838991,-0.04334319079725054,0.17099504174643387,0.12263427183040507,1.3943494363420212,0.0677653825336062,1.0,0.9332842728408617,0.0677653825336062,1.0,0.015700013747457588,0.05101571341168076,0.9332842728408617,2.0
2024-09-02 00:00:00+00:00,378.0,378.75,360.75,361.5,429326,45.88235294117647,0.1975197433615262,375.9125,391.47,376.44505609703856,390.84592682860176,360.9790731713983,-6.833981427714491,-7.983651517132833,1.1496700894183416,0.0278721957851801,-0.0104712041884816,28.18857142857143,13.711428814857161,4.7669317530612245,31.134999999999998,7.26857151657146,4.510362665714285,2.8,0.0,0.0,0.0,5.495699882507324,5.690499782562256,5.46820592880249,5.60920000076294,0,59.83566967605736,0.1587891098122612,5.485400199890137,5.75059986114502,-0.0190502123640068,0.1596739235969811,256.974,-0.0909769525053838,2.2851297401217163,0,0,1,0,0,1,9,36,-1.0,-1.8369701987210294e-16,-0.9350162426854148,-0.3546048870425359,15.0,-0.0738698249460386,16.6274995803833,0.0,2120.2776002883916,-1.8140442838952962,362.0,378.0,29.330000000000002,112.4714252094286,22.783227437357077,44.06570417335557,2193.60223276754,1948.6144594417035,61.246943331459185,2092.875856432803,34.81068532097787,0.3481689536050752,0.2934036081284722,0.23921445716219789,1.4554677973092716,0.047619047619047616,0.04889045183600012,0.0480618604618987,0.9907864001422472,0.6576580275069046,-0.09960217698977783,0.1773502047438331,0.12551272536141897,1.4130056542321865,0.014250950492586956,0.0,0.49063797546497445,0.014250950492586956,0.0,0.18807799716009713,0.32128402737492845,0.49063797546497445,2.0
2024-09-09 00:00:00+00:00,384.25,395.25,376.5,378.0,6029,55.50660792951543,0.218338118849056,376.725,387.615,380.50767597491375,392.9454386988159,360.50456130118414,-1.316199035699583,-4.261082944129764,2.9448839084301808,0.0165343915343916,0.01318391562294,24.624285714285715,6.360000171428592,4.606552998367347,25.588571428571424,32.65714352000004,4.698437474285714,0.4,0.0,1.0,1.0,5.615099906921387,5.658699989318848,5.531700134277344,5.59660005569458,0,65.94326345017328,0.1509706297011262,5.60920000076294,5.54610013961792,-0.0032926996206498,0.1556757028777726,256.974,-0.0909769525053838,2.2851297401217163,0,0,1,0,0,2,9,37,-1.0,-1.8369701987210294e-16,-0.970941817426052,-0.2393156642875577,19.450000762939453,0.2597969081879233,16.3125,1.0,2150.4935714006424,-0.2382930095595962,378.0,362.0,25.654285714285713,60.13142749142861,22.964217372274135,43.329668002171346,2225.4568692689622,1936.8618764037408,72.14874821630535,2115.922942419939,56.94723511984064,0.35477260577814534,0.27470868570906726,0.23210679044109708,1.5284886315434683,0.048796356538711776,0.04905279416101695,0.048824589033575616,0.999421551934417,0.009852934050630258,-0.171837138092557,0.160643849715509,0.12405623316733722,1.2949275716726278,0.07197762131758534,1.0,0.9452608148289195,0.07197762131758534,1.0,0.012756433312377538,0.04198275185870293,0.9452608148289195,2.0
2024-09-16 00:00:00+00:00,410.75,413.0,377.0,382.75,380382,82.17821782178217,0.2201019511680945,379.7375,386.325,384.6532851351639,402.363448657121,357.111551342879,2.365427791017453,-1.214035547046156,3.5794633380636087,0.0689655172413792,0.0953333333333332,28.884285714285713,1.6371428771428769,4.8090490644897965,22.87357142857143,3.940000072857185,4.586140840816326,2.0,0.0,2.2,3.0,5.5843000411987305,5.683800220489502,5.4989848136901855,5.612370014190674,0,63.011651590327794,0.1512413183901979,5.59660005569458,5.484899997711182,0.0052131397450457,0.1465748904098912,256.974,-0.0909769525053838,2.2851297401217163,0,0,1,0,0,3,9,38,-1.0,-1.8369701987210294e-16,-0.992708874098054,-0.1205366802553235,17.139999389648438,-0.1264322317302764,16.93499994277954,1.0,2305.2809833288193,0.6122909270099538,384.25,378.0,28.044285714285714,90.52285492228576,22.95836924687396,40.78839910350592,2402.790155113309,1878.0933585757318,131.17419913439434,2191.666158783491,79.49352633044442,0.3574706590321258,0.3118515237270451,0.25803750588155133,1.3853437466675116,0.08764455264759587,0.05588372686927062,0.052125427935164295,1.681416139977791,0.6413268743512979,-0.011562768225231765,0.07944863024158623,0.11876813798378427,0.6689388661043495,-0.011021405285065677,0.0,0.21398494833979817,-0.011021405285065677,0.0,0.4504309249318752,0.3355841267283266,0.21398494833979817,0.0
2024-09-23 00:00:00+00:00,413.5,415.0,401.25,410.0,831124,68.75,0.259704982727367,388.6625,387.13,394.2774895062326,421.2618521892843,356.06314781071575,6.993132283593127,3.689242325335766,3.303889958257361,0.0066950699939136,0.1130551816958276,28.711428571428574,8.59142870000002,4.549288322857143,29.06142857142857,6.420000084285753,4.832207861020408,2.6,0.0,0.8,0.0,5.503900051116943,5.594799995422363,5.394178867340088,5.513599872589111,0,41.09803987169461,0.1529341040634149,5.612370014190674,5.59089994430542,-0.0023722915048328,0.1541042328789173,256.974,-0.0909769525053838,2.2851297401217163,0,0,1,0,0,4,9,39,-1.0,-1.8369701987210294e-16,-1.0,-1.8369701987210294e-16,15.890000343322754,-0.0757248754050177,16.87000012397766,1.0,2279.8735473155975,-0.14625219797789618,410.75,384.25,31.17642857142857,81.25714480742862,23.352115009748452,38.57108303774978,2398.3307152647712,2029.632135901954,92.17464484070429,2226.9491141963335,92.63496107585277,0.3459802388093394,0.3069489258122981,0.25370607030329984,1.3637049549452183,0.03325272067714631,0.053407286877715766,0.051435766376023796,0.6464901090254893,1.312260303495818,0.5098313604245582,0.10331552788531753,0.12237651467903753,0.8442430290963717,0.012227916242202541,0.0,0.46540432045066465,0.012227916242202541,0.0,0.204013539894227,0.33058213965510835,0.46540432045066465,2.0
2024-09-30 00:00:00+00:00,424.75,427.75,408.5,413.0,1065829,80.2675585284281,0.2582882184430407,400.6,389.47,403.2972716612281,429.9367023584156,371.2632976415845,9.392293031859708,6.943987436983075,2.448305594876633,0.0272067714631196,0.1425689307330195,25.478571428571428,20.174286197142877,3.466884729387755,28.40428571428572,25.285714720000037,4.364237885510204,0.2,0.0,0.0,0.0,5.536099910736084,5.537799835205078,5.403800010681152,5.433199882507324,0,37.19273144667815,0.1445095924564447,5.513599872589111,5.627699851989746,0.0164026068623895,0.1400259307390157,256.974,-0.0909769525053838,2.2851297401217163,0,0,1,0,0,5,9,40,-1.0,-1.8369701987210294e-16,-0.992708874098054,0.1205366802553232,16.729999542236328,0.0515134854820477,17.302500009536743,1.0,2307.751650094986,1.7312376387443338,413.5,410.75,26.002857142857145,26.034286676571465,23.678061506815375,37.71396250112077,2410.13406868016,2111.5658073898626,74.64206532257438,2259.2701285557946,89.3375504753746,0.2570635767203932,0.29437151186812105,0.25349966172852023,1.0140588150176766,0.04532077692760447,0.052526690882021186,0.05146625451357086,0.8805919247481829,1.5525518229095883,0.5538555077204611,0.11536739277792782,0.12555597890856873,0.9188521693054374,0.0068378756020790465,0.0,0.3993663009062851,0.0068378756020790465,0.0,0.251261835021703,0.3493718640720118,0.3993663009062851,2.0
2024-10-07 00:00:00+00:00,426.0,434.25,421.25,423.5,1010628,61.53846153846154,0.248637145031409,410.875,392.14,412.9534903919113,442.76027956024046,378.98972043975954,10.728740597483466,9.58304465259883,1.1456959448846362,0.0029429075927016,0.1100977198697068,23.018571428571427,6.659999891428581,3.948354295510204,26.868571428571432,38.822857637142896,3.3747021853061225,0.4,0.0,2.4,1.6,5.448500156402588,5.515399932861328,5.404969215393066,5.4542999267578125,0,44.57804572166061,0.1389029400003177,5.433199882507324,5.567500114440918,-0.0006439773949608,0.1413490805502004,256.974,-0.0909769525053838,2.2851297401217163,0,0,1,0,0,6,10,41,-0.8660254037844386,0.5000000000000001,-0.970941817426052,0.2393156642875573,22.63999938964844,0.3025147387391037,18.09999966621399,1.0,2323.531768798828,0.026579213009303812,424.75,413.5,30.22357142857143,24.799999975428605,23.88390085660609,37.785504122799615,2340.2433783701595,2267.975596398956,18.066945492800922,2284.974784653008,88.64994968417157,0.21849217063122392,0.29427897807647296,0.2538014654466039,0.8608782523693068,0.03051643192488263,0.04910616774318819,0.050576223775395876,0.603374938126139,1.478757316397576,0.5550015844202982,0.07230805009146277,0.12498043235790904,0.5785549220924722,-0.014204376898268256,0.0,0.18843385573693572,-0.014204376898268256,0.0,0.4900560225891819,0.32151012167388243,0.18843385573693575,0.0
2024-10-14 00:00:00+00:00,408.25,428.0,407.5,426.0,1031685,46.63461538461539,0.2345810724384676,417.7,395.1,414.2440566738974,434.03820192396864,401.3617980760313,6.115667013804227,8.438174537622881,-2.322507523818654,-0.0416666666666666,0.0447856685860523,22.08857142857143,0.3285714214285776,3.8633982979591837,24.79285714285714,2.165714271428593,4.099851323673469,0.2,0.2,4.6,3.4,5.494200229644775,5.651700019836426,5.493621826171875,5.610599994659424,0,58.27225075448722,0.1361349649949335,5.4542999267578125,5.625699996948242,-0.0040253721295076,0.1353845826484312,256.974,-0.0909769525053838,2.2851297401217163,0,0,1,0,0,7,10,42,-0.8660254037844386,0.5000000000000001,-0.9350162426854148,0.3546048870425355,19.700000762939453,-0.1390995519041575,18.740000009536743,1.0,2290.52744781971,-0.3115602604453762,426.0,424.75,30.455000000000002,46.557141169428604,23.942543197654544,35.48745316464665,2338.8559184855185,2261.986288529042,19.217407489119122,2287.195849919689,42.77283304579093,0.24338616401649166,0.2972833793945561,0.2516104251237862,0.9673134736909923,0.05021432945499082,0.049389762326444,0.05176902739177103,0.9699683823553702,1.4717035312339775,0.5653263967054425,0.13252449448123538,0.13046751258098968,1.015766160493841,0.007584982503600957,0.0,0.4083595962062031,0.007584982503600957,0.0,0.2442996988119687,0.34734070498182823,0.4083595962062031,2.0
2024-10-21 00:00:00+00:00,409.5,411.75,399.0,408.0,1210468,30.5,0.1867165199042951,416.7375,397.265,410.8909722081262,434.9536546292513,398.5213453707487,1.3838827670307978,4.303938357237263,-2.920055590206465,0.0030618493570115,0.0192906036092097,19.791428571428572,0.8885714928571559,3.4345991159183673,21.415,0.37714288285715947,3.693263715102041,0.0,0.0,2.8000000000000003,2.4,5.594699859619141,5.7322998046875,5.581200122833252,5.635900020599365,0,73.12431157680685,0.1146869522758031,5.610599994659424,5.423900127410889,0.0051643024437863,0.1370522793586084,256.974,-0.0909769525053838,2.2851297401217163,0,0,1,0,0,8,10,43,-0.8660254037844386,0.5000000000000001,-0.8854560256532101,0.464723172043768,18.3700008392334,-0.0698997295598026,19.360000133514404,1.0,2307.90105843544,0.6074071968840139,408.25,426.0,24.479285714285716,18.13142826257146,23.77947589458006,33.222271856144104,2334.3918723811285,2280.4640901933535,13.481945546943708,2295.47793332599,64.90251897936051,0.08671969993384379,0.2540341097522755,0.24674299121301047,0.35145758747977474,0.031135531135531136,0.03808795802403105,0.0497181376576795,0.6262407712754343,1.7006372254532527,0.5979130861177971,0.133017622099715,0.12931462908523328,1.02863545102609,0.011935784998897914,0.0,0.46177206198056825,0.011935784998897914,0.0,0.20639578587865787,0.33183215214077394,0.46177206198056825,2.0
2024-10-28 00:00:00+00:00,410.75,424.0,408.25,409.0,1300184,40.90909090909091,0.1708860906658303,416.7375,401.175,413.0101910784208,434.7261477360454,398.7488522639546,2.08610461478969,2.9451953084096867,-0.8590906936199967,0.003052503052503,-0.0173444976076555,19.005714285714284,6.022857314285733,3.4979954175510204,22.682142857142857,3.188571537142887,3.4254335804081637,0.0,0.0,0.0,0.0,5.68809986114502,5.728499889373779,5.662601947784424,5.685812950134277,0,76.1043182712883,0.0885078552159538,5.635900020599365,5.436699867248535,-0.002817251576232,0.1030785261338652,256.974,-0.0909769525053838,2.2851297401217163,0,0,1,0,0,9,10,44,-0.8660254037844386,0.5000000000000001,-0.822983865893657,0.5680647467311548,19.799999237060547,0.0749629542561627,20.12750005722046,1.0,2335.4476692676544,-0.1907482051178162,409.5,408.25,27.215,42.560001753714324,23.708680214745403,31.28461377104725,2353.3138366646513,2275.390135496165,19.48092529212166,2311.465827702656,64.77835725480998,0.07905093711776165,0.24308353637120364,0.24439349827404225,0.3234575978553432,0.03834449178332319,0.03910631224526643,0.04986447126732158,0.7689740434230096,1.8057446496760632,0.5910533767138771,0.1104178812469199,0.1295751483659362,0.8521531645370343,0.01252090078277468,0.0,0.46905087698107895,0.01252090078277468,0.0,0.2016449349575727,0.3293041880613483,0.46905087698107895,2.0
2024-11-04 00:00:00+00:00,416.5,420.0,409.25,410.0,1022881,66.31016042780749,0.161782894165021,413.0625,405.16,413.2354099761701,424.8756004443529,401.2493995556471,1.4445039234816477,1.9414550763937768,-0.4969511529121291,0.0139987827145464,-0.0194231901118304,18.74857142857143,19.968571605714303,2.822493303673469,16.389285714285716,20.474286088571464,3.174391597877551,0.0,0.2,0.2,0.0,5.71019983291626,5.868199825286865,5.667759895324707,5.677525997161865,0,59.82808392564336,0.0873653913460761,5.685812950134277,5.47629976272583,0.0038437536703006,0.0820457759094773,256.974,-0.0909769525053838,2.2851297401217163,0,0,1,0,0,10,11,45,-0.5000000000000004,0.8660254037844384,-0.7485107481711011,0.6631226582407952,21.979999542236328,0.1044510289809092,19.96250009536743,1.0,2364.689577817917,0.47535231953544377,410.75,409.5,31.134999999999998,7.26857151657146,23.236461214715746,30.587173275403654,2389.5991966203246,2259.683680050036,32.47887914257225,2332.7553277487605,69.20274892176704,0.07940484329390134,0.20330598709081069,0.24534156772568078,0.32365016981624206,0.02581032412965186,0.0352042216856759,0.049211325501973185,0.5244792458155696,1.4428912867933152,0.638705838614578,0.0827248068180188,0.12803092925708492,0.6461313749476458,0.04311875771146845,1.0,0.8031244508762391,0.04311875771146845,1.0,0.051860811565401205,0.1450147375583597,0.8031244508762391,2.0
2024-11-25 00:00:00+00:00,424.75,432.0,422.25,428.75,1013622,56.90607734806629,0.145346606266184,423.1,418.52,423.4736373771543,436.3886972155787,409.8113027844213,3.392665279366213,3.79398166976065,-0.4013163903944372,-0.0104834012813046,0.0228777844671883,8.47,24.36285670000002,1.2643501221224491,12.611428571428572,34.93714259428575,1.3387310212244898,0.0,4.2,0.0,0.0,5.746399879455566,5.845870971679688,5.738204956054688,5.799300193786621,0,51.0404644054652,0.1363262215492739,5.794600009918213,5.664000034332275,0.0010878058395898,0.1345046948045644,256.974,-0.0909769525053838,2.2851297401217163,0,0,1,0,0,13,11,48,-0.5000000000000004,0.8660254037844384,-0.4647231720437684,0.88545602565321,14.600000381469728,-0.0649664807033327,16.78250002861023,0.0,2463.2527573108673,0.1997575364643638,429.25,430.0,29.06142857142857,6.420000084285753,21.58571811218113,34.438911094976625,2555.286368425664,2335.6768536607656,54.9023786912247,2441.333842629136,86.3157575008874,0.13458436200959417,0.11730197720546677,0.22931639847065424,0.5868937286570883,0.022954679223072396,0.03464461035442974,0.043815390419943374,0.5238952286882252,1.236151902161222,-0.11257516588724113,0.040389823783521586,0.11284702926481072,0.3579165571968747,0.029380085500892328,1.0,0.6723877139707621,0.029380085500892328,1.0,0.09805683265719924,0.22955545337203864,0.6723877139707621,2.0
2024-12-02 00:00:00+00:00,424.5,425.75,414.75,424.25,367048,44.44444444444444,0.1482104254659935,424.7375,419.53,422.68341070144703,433.9405815778975,415.5344184221025,1.6471942717267325,2.659379924476863,-1.0121856527501305,-0.0023501762632197,0.0334753499695679,-0.4814285714285716,3.928571502857156,0.988449526367347,7.740000000000001,43.8685704971429,1.1478083926122449,0.0,7.0,1.2000000000000002,0.0,5.797200202941895,6.105800151824951,5.781801223754883,5.973199844360352,0,72.63089989684369,0.1446880431252268,5.799300193786621,5.789400100708008,-0.0025487114734599,0.1371966533546273,256.974,-0.0909769525053838,2.2851297401217163,0,0,1,0,0,14,12,49,-2.4492935982947064e-16,1.0,-0.3546048870425359,0.9350162426854148,13.34000015258789,-0.0902545029165037,14.622500181198122,0.0,2535.6233339309692,-0.16389419484060624,424.75,429.25,28.40428571428572,25.285714720000037,20.692445975911383,35.04727621769703,2554.9124151931464,2421.5176849498093,33.34868256083432,2479.0496391498696,89.00952180856393,0.1436450483474978,0.11790607558285977,0.22662500991625045,0.6338446143350898,0.02591283863368669,0.03215827972450244,0.0423581514297327,0.6117555096595281,0.4472284327467006,0.03017662816470755,0.0881540816440234,0.11870855529728089,0.7426092752722591,0.042079974436588286,1.0,0.7947826014213913,0.042079974436588286,1.0,0.05447498589340994,0.15074241268519872,0.7947826014213913,2.0
2024-12-09 00:00:00+00:00,434.0,434.75,420.25,425.0,11338,55.55555555555556,0.1485089115951353,425.575,420.825,424.7417614193288,434.3665928742338,416.7834071257662,2.5214330820992927,2.1288515180804106,0.3925815640188821,0.0223792697290929,0.0152046783625729,4.534285714285715,1.9857143857143063,0.9870691769795918,-0.6064285714285713,6.271428765714313,0.9946741722040817,0.0,5.4,0.6000000000000001,0.6,6.05679988861084,6.146999835968018,5.955875873565674,6.0883002281188965,0,80.95246728915481,0.1247036498771013,5.973199844360352,5.690999984741211,-0.0067906526845645,0.1411135866767849,256.974,-0.0909769525053838,2.2851297401217163,0,0,0,0,0,0,12,50,-2.4492935982947064e-16,1.0,-0.2393156642875578,0.970941817426052,14.1899995803833,0.0617704096748039,14.427500009536743,0.0,2642.322299003601,-0.5880883159510661,424.5,424.75,26.868571428571432,38.822857637142896,19.318325037373324,33.19076993047234,2690.9006877557285,2373.3645344956867,79.38403831501044,2544.3587030913623,89.24209357924867,0.1620177817283388,0.13713411141841308,0.22608106314983642,0.7166357602211162,0.03341013824884793,0.033678242548341654,0.04265451718040121,0.7832729714139025,0.014352658153304639,-0.3689031653646481,0.07819182586511716,0.1190736666596162,0.6566676032741996,0.017362871874158747,1.0,0.5295015913637888,0.017362871874158747,1.0,0.16546105045203993,0.3050373581841712,0.5295015913637888,2.0
2024-12-16 00:00:00+00:00,445.0,445.75,426.25,433.5,330623,65.75875486381324,0.1627188895086083,428.4375,421.745,429.6114393862049,442.5105004657283,414.3644995342717,4.4711230818574,3.344621703024717,1.1265013788326823,0.0253456221198156,0.062052505966587,1.2899999999999998,8.12000046000002,0.9792725771836734,9.662142857142857,6.402857552857187,1.033115193,0.0,6.6,0.6000000000000001,0.0,6.076600074768066,6.110400199890137,5.86274003982544,6.040900230407715,0,67.67736651249402,0.1352932481709806,6.0883002281188965,5.788300037384033,0.0128942434436407,0.1247281526154932,256.974,-0.0909769525053838,2.2851297401217163,0,0,0,0,0,0,12,51,-2.4492935982947064e-16,1.0,-0.1205366802553236,0.992708874098054,14.6899995803833,0.0346295000203457,14.204999923706056,0.0,2688.200602531433,1.380401296869454,434.0,424.5,24.79285714285714,2.165714271428593,18.695345541874584,31.4625175190133,2786.2077420424635,2378.491754345972,101.92899692412287,2601.895462867391,90.33065362394557,0.1405043671314799,0.1362355222057045,0.22646804914608773,0.6204158222632392,0.043820224719101124,0.03290740377123165,0.04238496059301241,1.0338623362481543,0.4288043623463794,0.03351686585500557,0.10609448868768542,0.11846949198550127,0.895542624131818,0.01339182242407988,0.0,0.4799086043581817,0.01339182242407988,0.0,0.19472569088993727,0.325365704751881,0.4799086043581817,2.0
2025-01-27 00:00:00+00:00,482.0,494.5,477.75,484.25,1235386,66.89895470383274,0.1922342479243538,469.6125,446.965,471.1787464816383,497.519052239535,441.70594776046505,11.896702152492535,11.32263870887221,0.5740634436203269,-0.0046463603510583,0.0746934225195095,-1.3757142857142857,1.0828571428571587,0.8635629304489795,-4.567857142857143,3.377142857142899,0.7951707944897958,0.0,7.0,2.8000000000000003,3.0,6.029799938201904,6.063799858093262,5.865989208221436,5.90910005569458,0,27.8885487885116,0.1526863165131646,6.066163063049316,6.182799816131592,0.0026845383234239,0.1647461156913137,256.974,-0.0909769525053838,2.2851297401217163,0,0,0,0,0,0,1,5,0.4999999999999999,0.8660254037844387,0.5680647467311558,0.8229838658936564,17.899999618530273,0.1140887125879785,17.27500033378601,1.0,2848.1862268447876,0.3594307848477738,484.25,476.5,12.611428571428572,34.93714259428575,12.496695146362798,28.247484158094093,2982.8526119536878,2779.3485355430125,50.8760191026688,2859.0272193983265,60.42673930229772,0.17318482976961277,0.15151837457849193,0.16054978006918705,1.078698575033831,0.03475103734439834,0.031878882873623615,0.03708811875552179,0.9369854589718147,1.3704681837058164,0.04088149498758296,0.11577594105951636,0.10547200377331616,1.0976934725864411,0.0022495122709269566,0.0,0.34580636940901355,0.0022495122709269566,0.0,0.29682237866763594,0.3573712519233505,0.34580636940901355,1.0
2025-02-03 00:00:00+00:00,488.75,497.5,472.5,482.25,1361821,57.49235474006116,0.2146672617128836,478.025,453.31,477.99081205005416,503.5602697264618,452.48973027353816,10.50943441561742,11.25631796312415,-0.7468835475067301,0.0140041493775933,0.0636561479869424,8.318571428571428,2.0828571185714426,1.320431382244898,2.2178571428571425,1.8399999857143166,0.9321079711020407,0.0,5.2,1.8,0.0,5.892600059509277,5.931000232696533,5.8069748878479,5.84060001373291,0,18.20332216987016,0.1227245807374302,5.90910005569458,6.151000022888184,-0.0025183153620991,0.1513803646344995,256.974,-0.0909769525053838,2.2851297401217163,0,0,0,0,0,0,2,6,0.8660254037844386,0.5000000000000001,0.6631226582407952,0.7485107481711011,18.6200008392334,0.0394356253849798,17.920000314712524,1.0,2854.59325671196,-0.1608545837045262,482.0,484.25,7.740000000000001,43.8685704971429,11.833544307426951,26.543775501811528,2973.9679523427344,2800.9221509974145,43.26145033632988,2857.25363432378,56.21750452430218,0.15557811622496442,0.14311797483419592,0.1308497258778245,1.1889830360087927,0.05115089514066496,0.03691282088462007,0.03526343588017524,1.4505359264796491,1.4327334244778023,0.01866694791679024,0.06552753675483508,0.10798763344241859,0.606805877653732,-0.0008129251695893069,0.0,0.3120299220368968,-0.0008129251695893069,0.0,0.3297416554132417,0.3582284225498615,0.3120299220368968,1.0
2025-02-10 00:00:00+00:00,491.5,498.5,482.25,488.0,1343125,50.98039215686275,0.2125379561002427,486.3125,460.005,483.5722605112673,499.798238080732,472.826761919268,9.05825480644745,10.264545110300023,-1.2062903038525723,0.005626598465473,0.0778508771929824,0.42142857142857143,4.248571371428592,1.1283510862857145,6.643571428571429,6.742857045714315,1.330224070734694,0.0,7.0,0.0,0.0,5.80620002746582,5.875400066375732,5.733368873596191,5.803199768066406,0,24.273292167569124,0.095246849721337,5.84060001373291,6.034599781036377,-0.0057873819690384,0.0961021820667,256.974,-0.0909769525053838,2.2851297401217163,0,0,0,0,0,0,2,7,0.8660254037844386,0.5000000000000001,0.7485107481711011,0.6631226582407953,15.8100004196167,-0.1635936391579301,17.075000286102295,1.0,2852.2726860046387,-0.4877612443984562,488.75,482.0,-0.6064285714285713,6.271428765714313,11.49870734750079,25.26629689174074,2959.1665720418077,2787.129244379701,43.0093319155267,2855.2612549961236,27.334730181516534,0.15386896383211776,0.14213438693155053,0.12716992295710272,1.2099476680861445,0.03306205493387589,0.038719114995371215,0.03525390259301171,0.93782654185254,1.3760038553207552,0.08061787011534183,0.05835109864118322,0.1037800286997528,0.5622574376754613,-0.008082039965201737,0.0,0.2397406340995474,-0.008082039965201737,0.0,0.41437749713548766,0.34588186876496496,0.2397406340995474,0.0
2025-02-17 00:00:00+00:00,496.25,499.75,481.5,491.75,1047564,59.22330097087379,0.2044579687414602,489.3,465.555,486.1858925143786,498.7487537470071,479.85124625299295,7.499516757812671,8.697863439480644,-1.1983466816679726,0.0179487179487178,0.0365535248041775,-6.127142857142857,9.214286177142878,0.8383838358367346,-0.4992857142857141,10.702857200000041,1.067330439755102,0.0,7.0,0.0,0.0,5.786900043487549,5.815599918365479,5.69350004196167,5.701200008392334,0,26.669836291585355,0.0871463089342206,5.803199768066406,6.049900054931641,0.0073851810306248,0.0900201867588288,256.974,-0.0909769525053838,2.2851297401217163,0,0,0,0,0,0,2,8,0.8660254037844386,0.5000000000000001,0.8229838658936564,0.5680647467311559,14.770000457763672,-0.0680445502265119,16.77500033378601,0.0,2829.2205041646957,0.8294950555678638,491.5,488.75,9.662142857142857,6.402857552857187,10.724643278998435,24.32672013743489,2869.147831375207,2822.988505487834,11.539831471843181,2844.844954663553,5.289251376652629,0.11180503004706624,0.1267619826137507,0.13089873809509397,0.8541336848068499,0.03677581863979849,0.03600082646729734,0.034826654678621415,1.0559672876849895,1.074212747578082,0.22111852259956005,0.06053167986682207,0.10526969594222559,0.5750151890805436,-0.022625677227613328,0.0,0.13224147616567397,-0.022625677227613328,0.0,0.5941827173308343,0.2735758065034918,0.13224147616567397,0.0
2025-02-24 00:00:00+00:00,482.5,504.5,481.5,496.25,1011459,45.31835205992509,0.1937664900576026,491.125,471.905,488.9995545577742,502.8426205597427,479.4073794402573,5.471572633760616,7.448771091634418,-1.9771984578738024,-0.0277078085642317,-0.0148034711587544,-3.1100000000000003,5.725714222285731,0.736357118244898,-2.1321428571428567,19.67428645942861,0.7526722679183673,0.0,5.8,0.6000000000000001,0.0,5.712100028991699,5.755099773406982,5.674600124359131,5.730999946594238,0,40.64208185285664,0.0853491631274983,5.701200008392334,5.923999786376953,-0.0114580048223143,0.0862940477548313,256.974,-0.0909769525053838,2.2851297401217163,0,0,0,0,0,0,2,9,0.8660254037844386,0.5000000000000001,0.8854560256532099,0.4647231720437686,18.979999542236328,0.2507876415274801,17.045000314712524,1.0,2765.20747423172,-1.0548235297260462,496.25,491.5,4.0564285714285715,24.8285730351429,9.895173205698997,24.026563125950616,2908.6869453367717,2741.9600152197354,41.681732529259165,2812.98996249082,6.688424434117081,0.10315263921013713,0.14007293175403968,0.141336783491742,0.7298357112945548,0.04766839378238342,0.0406816399682242,0.03568425277149646,1.3358379879564033,1.0371450908928044,0.26600512587018693,0.08539446146165618,0.10534281719903292,0.8106338488553507,-0.06377868433766964,0.0,0.01909715181551601,-0.06377868433766964,0.0,0.9197484562448675,0.06115439193961654,0.01909715181551601,0.0
2025-03-03 00:00:00+00:00,440.25,485.0,439.0,483.25,316143,20.963172804532576,0.2059923848639759,485.125,474.47,478.05876349310415,516.5493033671142,453.7006966328858,-4.719440277397041,1.964835480359404,-6.684275757756445,-0.0875647668393782,-0.1019887812340643,10.928571428571429,1.682857182857163,1.8602801942040816,5.049285714285714,4.805714242285742,0.9997512675918367,0.0,2.2,0.0,0.0,5.7778000831604,5.970300197601318,5.731488227844238,5.88040018081665,0,60.874633692929855,0.0993938963230057,5.730999946594238,5.874499797821045,0.0051957819472574,0.0865241470356519,256.974,-0.0909769525053838,2.2851297401217163,0,0,0,0,0,0,3,10,1.0,6.123233995736766e-17,0.9350162426854148,0.3546048870425355,22.780000686645508,0.1824972190979383,18.08500027656555,1.0,2588.8461796045303,0.6105551472311238,482.5,496.25,2.255714285714286,12.297142510857187,9.582535303027173,22.786508359262562,2997.274398473122,2520.4990235296705,119.19384373586288,2723.3324493363043,0.0,0.2012549690265852,0.20652506060667658,0.1827455447182017,1.1012851685335137,0.10448608745031232,0.054628649989406995,0.03839784067126253,2.721144168845657,0.3365168220889324,0.5453405118418232,0.12366533024275975,0.10372179514577362,1.1922790012086362,0.024744278010963905,1.0,0.6194498792346081,0.024744278010963905,1.0,0.12055193026726568,0.2599981904981261,0.6194498792346081,2.0
2025-03-10 00:00:00+00:00,458.75,459.5,426.5,440.5,4900,25.90529247910864,0.2269358385885216,474.15,474.855,466.6769415659681,518.3759152415248,429.9240847584752,-8.717006283819046,-5.322986430033204,-3.394019853785842,0.0420215786484952,-0.0737001514386673,9.965714285714284,25.388571237142877,1.928242088244898,5.329999999999999,11.068571428000041,2.072769659102041,0.0,3.4,0.0,0.0,6.020500183105469,6.020500183105469,5.729024887084961,5.782899856567383,0,54.47194335783378,0.1619981246591398,5.88040018081665,5.760499954223633,0.0070652297098192,0.1050831840647357,256.974,-0.0909769525053838,2.2851297401217163,0,0,0,0,0,0,3,11,1.0,6.123233995736766e-17,0.970941817426052,0.239315664287558,27.86000061035156,0.201309002097961,21.097500324249268,2.0,2652.905309200287,0.7974999234873038,440.25,482.5,6.702857142857143,40.697142165714325,9.30817818670284,22.03051242821337,2925.672955531657,2492.4167780689595,108.31404436567428,2695.1615932818977,19.56089750347566,0.24071388133916438,0.20352082038621594,0.1851215334140314,1.3003018281929435,0.07193460490463215,0.05878539194220043,0.04043779435971758,1.7788949237879574,0.005573385650363142,0.2741794680768094,0.1302501509149178,0.10806948873368868,1.2052443329628835,-0.002445869018591229,0.0,0.29477730676293584,-0.002445869018591229,0.0,0.3480307525476015,0.35719194068946264,0.29477730676293584,1.0
2025-03-17 00:00:00+00:00,461.0,465.5,443.25,458.0,423324,41.05011933174224,0.2418198658081177,464.6375,474.6,461.3702359061522,506.5338241071025,422.7411758928975,-7.570860597577848,-7.277035860920748,-0.2938247366571005,0.0049046321525885,-0.0658561296859169,16.764285714285712,7.54857160085716,2.8238862350612246,10.597857142857142,50.61142825371432,1.9710143180816326,0.0,1.0,0.8,0.0,5.85290002822876,5.918600082397461,5.679926872253418,5.740600109100342,0,47.7443630761829,0.1800050472591099,5.782899856567383,5.766900062561035,0.0034470877204245,0.1738392330652197,256.974,-0.0909769525053838,2.2851297401217163,0,0,0,0,0,0,3,12,1.0,6.123233995736766e-17,0.992708874098054,0.120536680255323,20.51000022888184,-0.3062794070156551,22.53250026702881,1.0,2646.4166502952576,0.43568572454783383,458.75,440.25,-6.2492857142857146,44.73143032571433,9.39138328064828,23.874442481471498,2810.863818643096,2515.8239880228016,73.75995765507359,2675.663616087242,20.602950676331844,0.2395461787736888,0.20002155961758342,0.18552314515183027,1.2911928895217777,0.048264642082429504,0.06182590937191116,0.040933801874672895,1.179089849491697,0.5067713224395387,0.05809994443310634,0.13068942268520167,0.1081290441125036,1.2086429846063853,0.005661439490708187,0.0,0.3853435960247609,0.005661439490708187,0.0,0.26248897143210886,0.35216743254313027,0.3853435960247609,2.0
2025-03-24 00:00:00+00:00,464.5,470.25,455.25,461.0,889755,68.15286624203821,0.2702299625297998,457.0,475.44,462.3884795593909,480.4661009701232,433.53389902987686,-3.163570090682072,-5.366902336732644,2.2033322460505724,0.007592190889371,-0.0544529262086513,12.525714285714287,23.074287254285736,2.985493871428571,11.44357142857143,23.625715325714328,3.112193606122449,0.0,2.2,0.0,0.0,5.678069114685059,5.770599842071533,5.640410900115967,5.729599952697754,0,28.638567682947325,0.1836315452482834,5.740600109100342,5.701300144195557,-0.0100355204502443,0.1794886580461095,256.974,-0.0909769525053838,2.2851297401217163,0,0,0,0,0,0,3,13,1.0,6.123233995736766e-17,1.0,-1.6081226496766366e-16,17.479999542236328,-0.1598552392042772,22.15750026702881,1.0,2661.3991780281067,-0.9125750925190461,461.0,458.75,-0.6421428571428571,8.491428811428612,9.523782515998162,23.85839556819684,2703.272006876653,2571.5116516874377,32.940088797303744,2669.957840863588,30.181057372857296,0.24861294933257486,0.18347287908981355,0.18522566624354309,1.3422164484673675,0.03229278794402583,0.060929303232756624,0.041257925065391596,0.7827049001081491,1.0737027803466122,0.09134073706272423,0.11524463018719024,0.1081541195379558,1.0655592225606707,-0.010711635542212883,0.0,0.21660157969065819,-0.010711635542212883,0.0,0.44659987767571474,0.3367985426336271,0.21660157969065819,0.0
2025-03-31 00:00:00+00:00,457.25,464.75,442.0,464.5,962632,50.4983388704319,0.2538960932280724,454.65,473.335,459.06414480164136,471.0651726990615,438.2348273009384,-3.789563255512349,-4.333508667287577,0.5439454117752289,-0.0156081808396124,0.0082690187431091,15.742857142857144,12.962857325714307,2.7424864932244897,12.002142857142857,41.38000273142861,2.898805977551021,0.0,1.0,0.0,0.0,5.760799884796143,5.811500072479248,5.673147201538086,5.7581000328063965,0,39.25170082738278,0.1836324334619923,5.729599952697754,5.839000225067139,0.0097689775702719,0.1855929233250984,256.974,-0.0909769525053838,2.2851297401217163,0,0,0,0,0,0,3,14,1.0,6.123233995736766e-17,0.992708874098054,-0.1205366802553228,22.280000686645508,0.2426321018384655,22.03250026702881,1.0,2632.891240000725,1.0678747095325738,464.5,461.0,-4.567857142857143,3.377142857142899,9.683676731555884,24.98882183679244,2672.451149461531,2624.355039300657,12.024027540218382,2655.1312005184427,69.31152869780949,0.24490481229138122,0.17737403145149266,0.17629108837707544,1.3892069114433983,0.04975396391470749,0.06134641725922143,0.041361902330894415,1.202893220136362,1.1901247654616505,0.12430367961553251,0.11512771943663465,0.10715820294510095,1.0743714016173136,0.030309943528281647,1.0,0.682546038634667,0.030309943528281647,1.0,0.09402106720599798,0.22343289415933498,0.682546038634667,2.0
2025-04-07 00:00:00+00:00,464.5,467.5,447.5,457.75,971984,55.45023696682465,0.2104889833391103,457.75,470.675,459.6407976637207,469.7620553481651,445.7379446518349,-1.5953752513037784,-2.9987017718573155,1.403326520553537,0.0158556588299616,0.0203185063152113,11.574285714285713,40.08857214285716,2.165914820816327,14.02142857142857,41.8771430171429,2.650014526244898,0.0,3.0,0.0,0.0,5.698400020599365,5.92549991607666,5.586723804473877,5.840030193328857,0,63.45863827460367,0.1379380555649834,5.7581000328063965,5.763000011444092,0.00327035255069,0.1806208676212423,256.974,-0.0909769525053838,2.2851297401217163,1,0,0,1,0,0,4,15,0.8660254037844387,-0.4999999999999998,0.970941817426052,-0.2393156642875575,46.97999954223633,0.7460325236089663,26.8125,2.0,2712.6940248012543,0.4180122075743838,457.25,464.5,2.2178571428571425,1.8399999857143166,9.963531688967027,26.07839094520215,2733.14151325286,2593.5590333098116,34.89561998576218,2678.1563302315676,73.03430264166654,0.12522095089996949,0.19145171853470674,0.18133026170745026,0.6905683740550231,0.04305705059203445,0.049060609887565866,0.04159279795892362,1.0352042265229338,1.2179099869510923,0.03617110573010269,0.08470058046160378,0.10836929859647625,0.7815919614011261,0.048454794337613016,1.0,0.8419407547930625,0.048454794337613016,1.0,0.040204561524797025,0.11785468368214047,0.8419407547930625,2.0
2025-04-14 00:00:00+00:00,485.0,490.75,462.75,464.5,1324348,72.06477732793522,0.1918876877479102,464.55,469.97,468.1247415170049,486.6803554328012,442.4196445671988,4.782506753073278,0.836090994706442,3.946415758366836,0.0441334768568353,0.0886644219977552,15.984285714285715,16.01428573142859,2.9298364162040818,11.522857142857143,81.1714299314286,2.158079826653061,0.0,1.0,0.0,0.0,5.913599967956543,6.118199825286865,5.809665203094482,5.864200115203857,0,55.65770427337405,0.2019699810268044,5.840030193328857,5.798500061035156,0.0365199628440192,0.1727476063213362,256.974,-0.0909769525053838,2.2851297401217163,1,0,0,2,0,0,4,16,0.8660254037844387,-0.4999999999999998,0.9350162426854148,-0.3546048870425354,30.88999938964844,-0.4192894823153498,29.40749979019165,2.0,2844.137055873871,3.7429732369073037,464.5,457.25,6.643571428571429,6.742857045714315,10.064133331153487,29.63278055721676,2899.9590285862937,2525.6017207656846,93.58932695515237,2744.548620488489,88.80884268052117,0.17349552035250332,0.225666755800164,0.19222356830063078,0.9025714841348055,0.0577319587628866,0.04622008065921675,0.04333166193591433,1.3323270527910778,1.627739620755188,-0.017253016486007612,0.058124946047127785,0.10853657572392475,0.5355332090045217,-0.006497817720499399,0.0,0.25447408609780575,-0.006497817720499399,0.0,0.39529483272955274,0.35023108117264157,0.25447408609780575,0.0
2025-04-21 00:00:00+00:00,481.75,488.75,479.0,485.0,561038,71.875,0.1613016312004061,468.325,469.125,472.8224836320134,494.5121302260642,442.1378697739357,5.832607553372611,3.6935722371763617,2.139035316196249,-0.0173380928097909,0.0271855010660981,18.187142857142856,9.708571358571449,3.9391915893061227,19.799285714285713,8.594285665714324,3.397326518244898,0.2,0.2,0.8,0.0,5.8541998863220215,5.973199844360352,5.825616836547852,5.8653998374938965,0,57.24628507701117,0.2138765682110086,5.8180999755859375,5.672100067138672,-0.0329999293050306,0.2177051657282778,256.974,-0.0909769525053838,2.2851297401217163,1,0,0,3,0,0,4,17,0.8660254037844387,-0.4999999999999998,0.8854560256532099,-0.4647231720437685,33.81999969482422,0.0906198472752862,33.49249982833862,2.0,2825.6563717126846,-3.2090159779976766,485.0,464.5,-0.4992857142857141,10.702857200000041,10.692207678452341,28.27545830615209,2952.6167143186685,2555.0726318755987,99.38602061076753,2776.9917209781675,81.80389008481566,0.1789002363076095,0.2261066117967032,0.18972379223431163,0.9429509328864554,0.020238713025428127,0.040614894847816475,0.04304795565550141,0.4701433091494226,0.6814409909642832,-0.01042905681167533,0.04452542363540902,0.09676141038132896,0.46015678004661276,-0.0433816075922715,0.0,0.05121837147658067,-0.0433816075922715,0.0,0.8051942084617367,0.1435874200616826,0.05121837147658067,0.0
2025-04-28 00:00:00+00:00,475.5,483.0,469.5,481.75,752889,59.16666666666666,0.1517985862807117,473.45,467.775,474.0622365604437,494.2723058534782,452.6276941465218,3.766132124734952,4.075753372864872,-0.3096212481299201,-0.012973533990659,0.0566666666666666,20.639999999999997,24.15428561142859,3.5065345546938778,16.26142857142857,30.431428722857184,3.806932096489796,0.0,0.2,0.0,0.0,5.806900024414063,5.807799816131592,5.646500110626221,5.684700012207031,0,52.951444349291,0.2195034996454196,5.8653998374938965,5.698400020599365,-0.0032681433364615,0.213699811420425,256.974,-0.0909769525053838,2.2851297401217163,1,0,0,4,0,0,4,18,0.8660254037844387,-0.4999999999999998,0.8229838658936565,-0.5680647467311557,25.14999961853028,-0.2961944530689384,34.209999561309814,2.0,2703.0748558044434,-0.2358373811407662,481.75,485.0,-2.1321428571428567,19.67428645942861,11.051512252192744,28.41455317174597,2919.0349681452144,2623.746185950912,73.82219554857566,2747.424974908678,59.96054767813721,0.26019293977190183,0.24689536371345297,0.19560914471646398,1.3301674972679691,0.028391167192429023,0.039834570697497115,0.04279700710268046,0.6633912621599702,0.8750567693963819,0.025461008351645126,0.1253239113430693,0.1022121212764708,1.226115821849797,-0.06392865329582442,0.0,0.018957192861712917,-0.06392865329582442,0.0,0.9203001867980455,0.060742620340241596,0.018957192861712917,0.0
2025-05-05 00:00:00+00:00,446.5,477.25,446.5,475.5,118080,23.07692307692308,0.1994239410592392,473.7125,464.07,468.2222490053694,494.9853360270731,452.4396639729269,-2.0399659609248038,1.3255529450803811,-3.3655189060051844,-0.0609884332281808,-0.0240437158469944,19.17571428571429,32.728570328285734,3.4787236135510207,17.374285714285715,46.837142620000044,3.4466463659183675,0.0,0.2,0.0,0.0,5.652900218963623,5.751699924468994,5.600599765777588,5.666900157928467,0,23.12075001385477,0.2182990851850617,5.684700012207031,5.681300163269043,0.0010560294504353,0.2174707681781757,256.974,-0.0909769525053838,2.2851297401217163,1,0,0,5,0,0,5,19,0.4999999999999999,-0.8660254037844387,0.7485107481711013,-0.663122658240795,23.63999938964844,-0.0619177146586625,28.37499952316284,1.0,2530.2709205150604,0.1965798975489138,475.5,481.75,5.049285714285714,4.805714242285742,11.459433120714872,29.603107329697846,3014.9744871536313,2436.5951147993983,144.59484308855838,2660.5633531512312,29.517252502561604,0.3456125704780476,0.28247972996157367,0.22128196348733695,1.56186500432592,0.06886898096304592,0.043657574107164795,0.0440494449148777,1.5634468371091108,0.13895662030385772,0.06571740076903954,0.12252383669454907,0.10194066521749114,1.2019131365683386,-0.017251455055850906,0.0,0.16623172701741426,-0.017251455055850906,0.0,0.5281135051420345,0.30565476784055123,0.16623172701741426,0.0
2025-05-12 00:00:00+00:00,440.25,453.25,434.0,448.75,1966,24.460431654676256,0.2107138814630452,465.1375,461.08,457.7347942766221,498.6402394795522,431.6347605204478,-7.623636520205878,-3.796603892898317,-3.827032627307561,-0.0139977603583426,-0.0885093167701863,25.00714285714286,10.957142811142871,4.4715910453061225,18.74642857142857,65.29428316228575,3.6934460073877555,0.8,0.0,2.2,2.2,5.686299800872803,5.763199806213379,5.635700225830078,5.648200035095215,0,31.963693243630885,0.1648960386038465,5.666900157928467,6.013299942016602,-0.0017983120759337,0.2181326036369064,256.974,-0.0909769525053838,2.2851297401217163,1,0,0,6,0,0,5,20,0.4999999999999999,-0.8660254037844387,0.6631226582407952,-0.7485107481711012,18.38999938964844,-0.2511331612923921,25.249999523162845,1.0,2486.6200654506683,-0.08885425508798618,446.5,475.5,5.329999999999999,11.068571428000041,11.929561859470596,31.9057638350261,2950.4351078459954,2322.375998895433,157.01477723764063,2590.986038071006,0.0,0.31018702755225824,0.2450862000608148,0.22061813745981707,1.405990536697599,0.043725156161272004,0.04379119522101231,0.044839834492902214,0.9751406735630705,0.0024347073351131,0.02283427132100343,0.10159523682069997,0.10042167800361265,1.0116862088301593,0.018352801157296428,1.0,0.5418121390965424,0.018352801157296428,1.0,0.1587390740825467,0.2994487868209109,0.5418121390965424,2.0
2025-05-19 00:00:00+00:00,447.5,451.5,430.75,433.5,721345,40.22556390977444,0.205793628601743,455.1125,460.935,452.0696736867061,485.3673278009696,424.8576721990304,-7.154411775420613,-6.50021765572294,-0.6541941196976726,0.0164679159568426,-0.0720580611715915,24.02857142857143,16.591428776000015,5.560422532244898,26.142142857142858,11.411428673142876,5.084649402571429,1.2000000000000002,0.0,1.0,0.0,5.6697998046875,5.712100028991699,5.575557231903076,5.6586737632751465,0,50.615926178388655,0.1114105450862206,5.648200035095215,5.884600162506104,-0.0023696411810642,0.1111724351959407,256.974,-0.0909769525053838,2.2851297401217163,1,0,0,7,0,0,5,21,0.4999999999999999,-0.8660254037844387,0.5680647467311558,-0.8229838658936564,18.13999938964844,-0.0136875943866443,21.3299994468689,1.0,2532.256509065628,-0.1459871656010362,440.25,446.5,10.597857142857142,50.61142825371432,12.846502568997838,30.5835486632917,2754.440721750885,2371.670453667015,95.69256702096754,2567.4942264688552,11.863705871953485,0.2366885239372904,0.24127226400766413,0.21726238793977912,1.0894131988863338,0.04636871508379888,0.04151854648519477,0.04585920999280803,1.0111099816148368,0.8890282115434599,0.24724612873177043,0.09866827553671764,0.09414272875258069,1.048071012635724,0.024370670050864573,1.0,0.6150365974301666,0.024370670050864573,1.0,0.12254649033798881,0.2624169122318446,0.6150365974301666,2.0
2025-05-26 00:00:00+00:00,459.5,464.75,444.75,446.75,756475,61.206896551724135,0.2297891685735102,451.825,461.345,454.586812822462,474.7132295653191,428.9367704346809,-2.456239309643763,-4.887504156351825,2.431264846708061,0.036076662908681,-0.037192247249869,18.427142857142858,52.822856104857166,3.70484291722449,19.900714285714283,47.56571448800004,5.164140353918368,0.0,0.4,0.0,0.0,5.644499778747559,5.797599792480469,5.609200954437256,5.645199775695801,0,46.27151299755769,0.1089282254207932,5.6586737632751465,5.678699970245361,-0.0039905612070676,0.1161365387759731,256.974,-0.0909769525053838,2.2851297401217163,1,0,0,8,0,0,5,22,0.4999999999999999,-0.8660254037844387,0.464723172043769,-0.8854560256532096,22.290000915527344,0.2060187774309663,20.614999771118168,1.0,2593.9692969322205,-0.3080791682013762,447.5,440.25,11.44357142857143,23.625715325714328,13.301613002334383,31.67917226488579,2624.062517554863,2447.4958784269256,44.14165978198436,2578.0842546542017,33.15253185340154,0.28116181314437505,0.25009524784903886,0.22108524306526453,1.2717348138158084,0.04352557127312296,0.046175918134733734,0.04683395933745817,0.9293590077642826,0.9327037837091282,0.2068332757458337,0.09649418685612476,0.09412396532637861,1.0251818043333525,-0.03347330702992091,0.0,0.0813858050812784,-0.03347330702992091,0.0,0.715788357298108,0.20282583762061362,0.0813858050812784,0.0
2025-06-02 00:00:00+00:00,438.25,463.0,437.75,459.0,858403,48.48484848484848,0.2103215114408946,447.375,460.215,451.58775753657545,463.9426444345124,430.8073555654876,-3.705409227296002,-3.4441226022150038,-0.2612866250809986,-0.0462459194776931,-0.0560043080236941,23.437142857142856,11.18857117800002,3.8861138318367345,20.775,92.02856939314289,3.4831685894285718,0.8,0.0,0.0,0.0,5.666600227355957,5.788099765777588,5.63018798828125,5.720799922943115,0,54.58582050835699,0.1193872605345849,5.645199775695801,5.67710018157959,-0.0124986402455221,0.1194081553230838,256.974,-0.0909769525053838,2.2851297401217163,1,0,0,9,0,0,6,23,1.2246467991473532e-16,-1.0,0.3546048870425358,-0.9350162426854148,18.36000061035156,-0.1939637700353403,19.295000076293945,1.0,2507.1405662298203,-1.158887072046826,459.5,447.5,12.002142857142857,41.38000273142861,13.783767002183778,35.57268175703141,2623.1025359834057,2436.890682855763,46.55296328191081,2549.7067792844496,45.13718426705896,0.2699225070223969,0.25929222198798935,0.2188848729700061,1.2331710776910276,0.057615516257843696,0.05202078794781667,0.04719637208634196,1.2207612895505586,1.0953471197632827,0.2377171622896469,0.050841174532992216,0.09737058313462241,0.5221409554597285,-0.038175045502638505,0.0,0.06545161251648005,-0.038175045502638505,0.0,0.7611059228100923,0.1734424646734277,0.06545161251648005,0.0
2025-06-09 00:00:00+00:00,433.5,446.0,432.75,438.25,888640,36.91588785046729,0.1719123568248106,446.2375,458.315,446.3988905633228,464.3791031033936,428.0958968966064,-5.315119320756537,-4.414279917831123,-0.9008394029254144,-0.0108385624643467,-0.0125284738041002,23.775714285714287,30.228572662285735,4.671876425510204,25.185000000000002,29.95428559600004,4.206318790204081,0.0,0.0,0.0,0.0,5.672399997711182,5.71019983291626,5.552499771118164,5.562699794769287,0,42.24205220414592,0.1233136585964453,5.720799922943115,5.661600112915039,0.0097840784693956,0.1236070294597048,256.974,-0.0909769525053838,2.2851297401217163,0,0,0,0,0,0,6,24,1.2246467991473532e-16,-1.0,0.2393156642875576,-0.970941817426052,17.15999984741211,-0.0675933332681448,18.987500190734863,1.0,2411.430361032486,1.069384799444944,438.25,459.5,14.02142857142857,41.8771430171429,14.51933042139773,35.210204585351974,2662.9208273357526,2359.4775392943247,75.86082201035701,2494.3962119836647,37.03125672610049,0.21099848587588088,0.2700280244256453,0.22249852130590955,0.9483140613893876,0.030565167243367934,0.044360025203881076,0.047511414134622905,0.6433224808576984,1.1428514841578459,0.25454184266238805,0.10897667720859616,0.10520167207872176,1.0358834103721801,-0.001407310035495768,0.0,0.3056860795185664,-0.001407310035495768,0.0,0.33634288368626386,0.35797103679516973,0.3056860795185664,1.0
2025-06-16 00:00:00+00:00,434.75,446.5,429.25,433.5,993959,28.93617021276596,0.1814391107857323,445.575,456.435,443.35893444480274,464.368265871275,426.78173412872496,-4.733499784398816,-4.753597336443304,0.0200975520444881,0.002883506343714,-0.0306577480490524,27.71285714285714,17.94857139742859,4.6394216346938775,24.102142857142855,65.5800021994286,4.473650043265306,1.4000000000000001,0.0,0.0,0.0,5.558000087738037,5.592299938201904,5.494075775146484,5.538899898529053,0,33.11288595631669,0.1090281136643576,5.562699794769287,5.681300163269043,-0.0039292394816443,0.118631648726627,256.974,-0.0909769525053838,2.2851297401217163,0,0,0,0,0,0,6,25,1.2246467991473532e-16,-1.0,0.120536680255323,-0.992708874098054,19.11000061035156,0.1076307050232903,19.230000495910645,1.0,2408.0367308855057,-0.3019469956590462,433.5,438.25,11.522857142857143,81.1714299314286,15.13757638499419,37.16954636690531,2657.555381783408,2302.7330957566082,88.70557150669984,2459.8524195444015,24.919824616696047,0.2096309912182074,0.2530525707427709,0.21993859831332258,0.9531341169512584,0.039677975848188614,0.0435505891412644,0.04775776105981241,0.8308171626874177,1.2984568758021626,0.302817623227905,0.10897509874650811,0.09843173269796453,1.1071133737913756,-0.03922176479652717,0.0,0.06232222634166517,-0.03922176479652717,0.0,0.7704914439039587,0.16718632975437608,0.06232222634166517,0.0
2025-06-23 00:00:00+00:00,419.25,437.5,417.25,434.75,618176,33.33333333333333,0.1715499908675952,439.925,453.34,438.1989227522541,459.0327967003004,420.8172032996996,-6.55406841304432,-5.334452944840831,-1.2196154682034883,-0.0568053993250843,-0.0905639913232103,30.84857142857143,26.534285996285732,5.042668833469388,28.290714285714284,34.32857143085718,4.853962412857142,3.6,0.0,0.0,0.0,5.490799903869629,5.563799858093262,5.464706897735596,5.518400192260742,0,20.520759360104776,0.0994322942903286,5.538899898529053,5.71619987487793,0.0002888695898744,0.1039982122082394,256.974,-0.0909769525053838,2.2851297401217163,0,0,0,0,0,0,6,26,1.2246467991473532e-16,-1.0,-3.216245299353273e-16,-1.0,19.82999992370605,0.0369841484932659,18.61500024795532,1.0,2313.589280605316,0.1198639114928238,434.75,433.5,19.799285714285713,8.594285665714324,15.986165926976133,36.98625766135382,2568.1091688218594,2251.9893005547046,79.02996706678877,2401.3471639687677,0.0,0.20477573879130376,0.20957359626358305,0.22484391601813278,0.9107461447492666,0.04830053667262969,0.04393695345903056,0.04761524313641065,1.014392101082731,0.8487811341389079,0.47010718768942816,0.10660332638091667,0.09739864635419168,1.094505102752671,-0.004288567466165016,0.0,0.27599243739718565,-0.004288567466165016,0.0,0.36921833474006777,0.35478922786274664,0.27599243739718565,0.0
2025-06-30 00:00:00+00:00,420.5,422.75,408.0,419.0,614001,39.92248062015504,0.1782741165733909,430.575,446.345,429.1201543321122,452.4701448596308,408.6798551403692,-8.980807390934956,-7.7567903197289665,-1.2240170712059897,0.0029815146094216,-0.0592841163310962,29.50142857142857,32.73428702285716,5.498663213469388,33.61071428571429,52.34571514285719,5.558879376938775,3.6,0.0,0.0,0.0,5.493800163269043,5.573500156402588,5.423159122467041,5.478400230407715,0,37.586902825471554,0.0881057940795162,5.518400192260742,5.66510009765625,0.005159784209624,0.0865679515306877,256.974,-0.0909769525053838,2.2851297401217163,0,0,0,0,0,0,6,27,1.2246467991473532e-16,-1.0,-0.1205366802553228,-0.992708874098054,16.729999542236328,-0.1699924510474173,18.20749998092651,1.0,2303.667296886444,0.6069553734677838,419.25,434.75,16.26142857142857,30.431428722857184,17.123233563023756,37.97719040209598,2476.240755494463,2242.121079210413,58.52991907101251,2362.2752171358384,0.0,0.1386244163104186,0.21049786768530865,0.22450272797791015,0.6174731656237462,0.03507728894173603,0.04224729699275317,0.04771600483680366,0.7351261219468121,0.8874718591298136,0.4657270051758427,0.10619698536412873,0.09749400890927731,1.0892666704298029,-0.01665084494016844,0.0,0.17043573912190924,-0.01665084494016844,0.0,0.520623853506256,0.3089404073718348,0.17043573912190924,0.0
2025-07-07 00:00:00+00:00,418.0,435.25,414.5,421.25,8451,32.450331125827816,0.2076895208135963,427.7625,442.085,427.6329776827309,448.9051701247303,406.6198298752697,-6.404383917723749,-7.301885348604872,0.8975014308811238,0.0011976047904191,-0.0472934472934473,30.158571428571427,15.78571477000002,5.400749567755102,30.60357142857143,66.29143137142862,5.144350610408163,3.6,0.0,0.0,0.0,5.430200099945068,5.487400054931641,5.396678924560547,5.419400215148926,0,39.81171513953987,0.0894570167888257,5.478400230407715,5.58459997177124,0.0002373848608616,0.0875926175719905,256.974,-0.0909769525053838,2.2851297401217163,0,1,0,0,1,0,7,28,-0.4999999999999997,-0.8660254037844388,-0.2393156642875574,-0.970941817426052,17.790000915527344,0.0614330655038877,18.36500024795532,1.0,2265.309289932251,0.1147154385915438,420.5,419.25,17.374285714285715,46.837142620000044,17.99293278015587,39.80391562592389,2443.8738073987997,2201.4274917559587,60.611578910710165,2323.4888462544036,0.0,0.13299731701543172,0.20159118523016964,0.22466717541522901,0.5919748216439646,0.049641148325358854,0.0406524234062562,0.04835927132108168,1.0265071557984127,0.013206784076972013,0.45192731436373357,0.07227632419737523,0.09522435506963155,0.7590108282110796,0.01522634908613929,1.0,0.5028293333772622,0.01522634908613929,1.0,0.1807436285600014,0.3164270380627364,0.5028293333772622,2.0
2025-07-14 00:00:00+00:00,412.75,420.5,398.75,420.5,187070,45.608108108108105,0.2319139662797705,420.575,435.83,420.37497588997735,442.5409425379859,398.6090574620141,-8.047325355351518,-7.645910414216992,-0.4014149411345258,-0.0125598086124402,-0.0554919908466818,28.91857142857143,27.274286797142874,5.168315439183673,29.317142857142862,37.73714496285719,5.450828049591837,2.4000000000000004,0.0,0.0,0.0,5.48769998550415,5.617400169372559,5.43926477432251,5.571899890899658,0,56.30141466060839,0.1247828220146126,5.419400215148926,5.537300109863281,0.0018654810924637,0.0888270562541874,256.974,-0.0909769525053838,2.2851297401217163,0,1,0,0,2,0,7,29,-0.4999999999999997,-0.8660254037844388,-0.3546048870425356,-0.9350162426854148,17.200000762939453,-0.0337271249644233,17.887500286102295,1.0,2299.801679968834,0.2775250617517538,418.0,420.5,18.74642857142857,65.29428316228575,18.72352697867116,39.6705755831454,2337.605796662753,2253.5779770336694,21.006954907270984,2314.013979740176,19.463053228259113,0.14788859742369986,0.1717777012767246,0.22755434257640983,0.6499044986363897,0.052695336159903086,0.04507845718956323,0.04861061843995766,1.084029107440788,0.31247131705565545,0.43289788711840876,0.11240245114106258,0.10650888408304238,1.055333942848239,-0.020716448218098593,0.0,0.14358567220820267,-0.020716448218098593,0.0,0.5709730837384629,0.28544124405333443,0.14358567220820267,0.0
2025-07-21 00:00:00+00:00,403.75,411.0,395.0,399.5,689030,39.93993993993994,0.2536685182473924,412.9625,431.035,414.04847331792166,430.0599567207798,395.8650432792202,-8.20013922465398,-8.182214837096335,-0.0179243875576453,-0.0218049666868564,-0.0686274509803921,28.332857142857144,28.14571487142859,4.663795856734694,27.612857142857145,56.84857230857148,4.927445830612244,2.0,0.0,0.0,0.0,5.586999893188477,5.608500003814697,5.52013111114502,5.578100204467773,0,63.606421890367336,0.1410876910288662,5.571899890899658,5.489999771118164,0.0073494153654869,0.142622308772908,256.974,-0.0909769525053838,2.2851297401217163,0,1,0,0,3,0,7,30,-0.4999999999999997,-0.8660254037844388,-0.464723172043768,-0.8854560256532101,16.649999618530273,-0.0324992346609934,17.09250020980835,1.0,2252.1579575538635,0.8259184890540738,412.75,418.0,26.142142857142858,11.411428673142876,19.297032150554127,40.7788334363987,2331.13297070853,2229.335141462166,25.449457311591026,2289.2715708656515,26.44795328965158,0.1474402153425181,0.17289567338653153,0.20756923690286452,0.710318207260805,0.039628482972136225,0.04506855861435276,0.04536773821604885,0.8734945976030972,1.1161574494272106,0.43458563192732724,0.11085660242896118,0.09624076590151724,1.1518672973127342,-0.027023200405980163,0.0,0.10898412448068463,-0.027023200405980163,0.0,0.6459216557244779,0.24509421979483748,0.10898412448068463,0.0
2025-07-28 00:00:00+00:00,393.75,406.0,392.0,404.5,558223,37.17472118959108,0.2468657270341319,408.9625,426.985,407.86171650359097,429.74475141045497,388.180248589545,-8.383653491450389,-8.268905573302263,-0.1147479181481259,-0.024767801857585,-0.0384615384615384,31.22142857142857,25.222858154285735,4.464193119591837,29.237142857142853,54.51142985428576,4.498177294081633,4.4,0.0,0.0,0.0,5.565499782562256,5.604899883270264,5.507596015930176,5.565199851989746,0,57.78902178715845,0.1376891888169829,5.578100204467773,5.477099895477295,0.0056631501972033,0.1422656296407147,256.974,-0.0909769525053838,2.2851297401217163,0,1,0,0,4,0,7,31,-0.4999999999999997,-0.8660254037844388,-0.5680647467311556,-0.8229838658936566,15.029999732971191,-0.1023620075168626,16.667500257492065,1.0,2191.2974417209625,0.6572919722257139,403.75,412.75,19.900714285714283,47.56571448800004,19.938329615495338,41.66480739884303,2342.67249416395,2161.6106904240055,45.26545093498622,2250.081919207776,19.01930435425257,0.12107660364008255,0.16093871378007135,0.20287791177563294,0.5967953662990682,0.035555555555555556,0.042519562390937925,0.04354878574859502,0.8164532438696116,0.8654761717420205,0.46212449227063557,0.11010920130866593,0.09322850486632953,1.181067846747745,-0.021964226318336055,0.0,0.1360830458216714,-0.021964226318336055,0.0,0.5861837605901818,0.27773319358814674,0.1360830458216714,0.0
2025-08-04 00:00:00+00:00,387.0,396.25,386.5,392.0,671221,36.09756097560975,0.2255446677038612,400.575,420.915,400.8877807803541,416.19052870847634,384.9594712915237,-8.951940599996135,-8.660110942274102,-0.2918296577220332,-0.0171428571428571,-0.1031286210892236,26.18857142857143,23.011429324285736,4.6532258187755104,30.618571428571425,39.3428587051429,4.620713390816326,1.2000000000000002,0.0,0.0,0.0,5.5868000984191895,5.625899791717529,5.494200229644775,5.537899971008301,0,42.67809501055234,0.1286472279832713,5.565199851989746,5.409299850463867,0.0081550395562464,0.1336920800952103,256.974,-0.0909769525053838,2.2851297401217163,0,1,0,0,5,0,8,32,-0.8660254037844385,-0.5000000000000004,-0.663122658240795,-0.7485107481711013,17.520000457763672,0.1532949256378134,16.600000143051147,1.0,2143.1672887802124,0.9064809081300239,393.75,403.75,20.775,92.02856939314289,20.627377474403474,41.51500425731399,2358.812635090492,2084.399548921444,68.6032715422621,2207.3160670367506,18.046863875105288,0.1222269861095664,0.12817243158943112,0.20348394260913744,0.6006713774837388,0.025193798449612403,0.040542864292513206,0.04239524356695416,0.5942598835934364,1.021048114474273,0.6758407643691989,0.10785373804018819,0.09292405243131237,1.1606653348793436,-0.024137991512358625,0.0,0.12380297649220846,-0.024137991512358625,0.0,0.6122784120801525,0.263918611427639,0.12380297649220846,0.0
2025-08-11 00:00:00+00:00,385.0,389.25,375.0,386.25,827997,33.89830508474576,0.194598735187106,393.925,413.585,393.8058657468201,411.3395281152497,376.5104718847503,-9.149052488323491,-9.201178934459284,0.0521264461357926,-0.0051679586563307,-0.0446650124069478,29.304285714285715,17.95714325942859,4.512761428163265,25.013571428571428,44.17714451657147,4.565021944693878,3.0,0.0,0.2,0.0,5.496099948883057,5.533699989318848,5.407104969024658,5.432300090789795,0,32.24004109700522,0.1053435157212494,5.537899971008301,5.531099796295166,-0.0109369593422123,0.1333271968284335,256.974,-0.0909769525053838,2.2851297401217163,0,0,0,0,0,0,8,33,-0.8660254037844385,-0.5000000000000004,-0.7485107481711011,-0.6631226582407952,16.25,-0.075250202860562,16.362499952316284,1.0,2091.435534954071,-1.0027189817158462,387.0,393.75,25.185000000000002,29.95428559600004,20.910357729511084,41.686755241782215,2306.6030330126155,2032.4260784919393,68.54423863016903,2160.9638542036787,0.0,0.12654431546348205,0.1234803611200039,0.20271227605040124,0.6242557761497435,0.03701298701298701,0.03801723203003883,0.04263125352040223,0.8682122920253945,1.2654769306387552,0.6813292856692342,0.12335158160876825,0.0970958406014705,1.2704104330376,-0.01103656919884266,0.0,0.2138574509746434,-0.01103656919884266,0.0,0.45061861794169983,0.33552393108365686,0.2138574509746434,0.0
2025-08-18 00:00:00+00:00,383.0,384.75,368.75,384.5,766757,44.23963133640553,0.194374505232145,387.25,407.35,387.6235464964836,404.8672762098959,369.63272379010414,-8.503075303022683,-9.3047863999463,0.8017110969236168,-0.0051948051948051,-0.062423500611995,30.36285714285714,27.02285772857145,4.562659656326531,29.884285714285713,51.180001360000034,4.610728616122449,4.0,0.0,0.0,0.0,5.442299842834473,5.443699836730957,5.380733013153076,5.400400161743164,0,22.843772968331663,0.0866150278192342,5.432300090789795,5.546599864959717,0.003319038651139,0.0873855552105532,256.974,-0.0909769525053838,2.2851297401217163,0,0,0,0,0,0,8,34,-0.8660254037844385,-0.5000000000000004,-0.8229838658936564,-0.5680647467311559,14.989999771118164,-0.0807096119302086,15.947499990463257,0.0,2068.353261947632,0.4228808176192838,385.0,387.0,24.102142857142855,65.5800021994286,21.489320825302997,42.299222733280146,2233.427370001737,2013.699393699702,54.931994075508804,2123.9196173012597,0.0,0.044448959155083366,0.11219430587762902,0.20270728813777622,0.2192765606538363,0.04177545691906005,0.035833256181870235,0.04223232817061986,0.9891817201852762,1.189687893447743,0.6821435216204045,0.05593361313434475,0.0963368945560578,0.5806042180003548,0.020251732759202667,1.0,0.5652720380617783,0.020251732759202667,1.0,0.1464666775555817,0.28826128438264,0.5652720380617783,2.0
2025-08-25 00:00:00+00:00,389.25,394.0,377.75,383.0,538869,57.71144278606966,0.2034874293459444,383.825,402.03,386.74713268756005,395.82620607987167,371.8237939201283,-4.920725913897684,-7.280597669581044,2.3598717556833604,0.0163185378590078,-0.0256570713391739,25.974285714285713,27.28000240000002,4.298026793469388,30.464285714285715,48.50285855428575,4.5131986712244885,0.8,0.0,0.0,0.0,5.435699939727783,5.511199951171875,5.398900985717773,5.421299934387207,0,40.02132285680481,0.0948761562003407,5.400400161743164,5.519999980926514,-0.0016096758693569,0.0839515980240648,256.974,-0.0909769525053838,2.2851297401217163,0,0,0,0,0,0,8,35,-0.8660254037844385,-0.5000000000000004,-0.8854560256532096,-0.4647231720437691,14.789999961853027,-0.0134320227020702,15.887500047683716,0.0,2110.2409994602203,-0.06999063443030619,383.0,385.0,28.290714285714284,34.32857143085718,22.068350818140594,42.69945730237728,2166.5408000188586,2040.057742552209,31.620764366662403,2118.448170164844,25.412394760857865,0.14050739568410658,0.1357863168735182,0.19770965097391732,0.7106754166284414,0.04174694926140013,0.036256949439723005,0.04216682310408814,0.9900423197148447,0.8651708790715524,0.5094573664680194,0.06110566013206724,0.09263212290170855,0.6596594315377162,0.02457268659696421,1.0,0.6174253398347866,0.02457268659696421,1.0,0.12146449442269884,0.26111016574251456,0.6174253398347866,2.0
2025-09-01 00:00:00+00:00,398.0,398.5,379.75,389.0,359916,60.483870967741936,0.2099087613241754,383.275,398.215,387.4333640765705,395.1436894591109,371.406310540889,-2.467616785984319,-5.063818676564322,2.5962018905800037,0.0251126851255634,0.0101522842639594,24.56714285714286,7.7485715828571635,3.9542025236734695,23.672857142857143,39.57143257428575,4.092522404489796,0.0,0.0,0.0,0.0,5.4096999168396,5.45580005645752,5.397968769073486,5.432400226593018,0,48.46231444599325,0.09157392814607,5.421299934387207,5.598800182342529,-0.0079918756690662,0.0939793618713913,256.974,-0.0909769525053838,2.2851297401217163,0,0,1,0,0,1,9,36,-1.0,-1.8369701987210294e-16,-0.9350162426854148,-0.3546048870425359,15.359999656677246,0.0378154312243165,15.34749984741211,1.0,2162.095290184021,-0.7082106144012362,389.25,383.0,33.61071428571429,52.34571514285719,22.171867355219085,42.49764925540364,2187.844085373509,2028.218457899463,39.90640686851162,2135.907018172515,55.614749762642354,0.16790864298734384,0.14146295587794383,0.18143298156297485,0.9254581624922569,0.0471105527638191,0.03856794888137572,0.04163575280413477,1.1314924860495323,0.6263490312730638,0.3487070831994427,0.06569408949778487,0.09220863517109823,0.7124504364627184,0.008797623050445402,0.0,0.4230857298118797,0.008797623050445402,0.0,0.2332801922221608,0.3436340779659595,0.4230857298118797,2.0
2025-09-08 00:00:00+00:00,403.0,405.25,393.5,396.25,4400,69.04761904761905,0.2305932230527266,387.625,396.585,392.5939352030306,406.9058194847401,368.34418051526,1.749365135128528,-1.1843451190202454,2.9337102541487736,0.0125628140703517,0.048114434330299,21.254285714285714,16.01142842142859,3.7837668653061227,23.770714285714288,19.205714558857185,3.900780186530612,0.0,0.0,0.0,0.0,5.438399791717529,5.498799800872803,5.380386829376221,5.412199974060059,0,46.06102167425161,0.0806115612391171,5.432400226593018,5.414299964904785,0.0035775794119284,0.0864539371812169,256.974,-0.0909769525053838,2.2851297401217163,0,0,1,0,0,2,9,37,-1.0,-1.8369701987210294e-16,-0.970941817426052,-0.2393156642875577,15.109999656677246,-0.0164099518046949,15.06249976158142,1.0,2181.1165895462036,0.4487348936982238,398.0,389.25,30.60357142857143,66.29143137142862,22.275018770089744,40.99494379111032,2232.6470097910337,2028.256060778005,51.0977372532572,2153.9908467219907,83.00845010538548,0.14981836312803917,0.14584795963686883,0.18473255247493708,0.8110013801620125,0.02915632754342432,0.0393604547001381,0.04208163353003457,0.6928514453722517,0.008046914977393507,0.30086195754438677,0.06578595383423469,0.09195609294501753,0.715406065800434,0.038372130042852115,1.0,0.7628930420827695,0.038372130042852115,1.0,0.06485142705945839,0.17225553085777212,0.7628930420827695,2.0
2025-09-22 00:00:00+00:00,421.75,431.25,418.25,423.0,791071,66.09442060085837,0.2659522604834189,404.5375,396.085,408.2119992665367,434.11446249667074,374.9605375033293,8.620342213851472,5.886513586789719,2.7338286270617536,-0.0035440047253396,0.0890897353131052,27.05,13.017143079714305,3.9812263146938776,30.127857142857145,29.331428874285756,4.073745780816326,1.2000000000000002,0.0,0.0,0.0,5.315199851989746,5.363800048828125,5.266174793243408,5.320499897003174,0,28.86342187329029,0.0651210854953553,5.35099983215332,5.464799880981445,-0.0069279134572539,0.0789812829516173,256.974,-0.0909769525053838,2.2851297401217163,0,0,1,0,0,4,9,39,-1.0,-1.8369701987210294e-16,-1.0,-1.8369701987210294e-16,16.100000381469727,0.0257957556834609,15.56499981880188,1.0,2243.9208315610886,-0.6018143932200061,423.25,403.0,27.612857142857145,56.84857230857148,22.69711394373693,39.519553148809656,2311.293424897231,2114.678270227872,49.15378866733984,2216.5596003944866,88.09420738371789,0.12717837980381383,0.16848829393777137,0.1676673735771166,0.7585159205715145,0.03082394783639597,0.04536117627250227,0.042658228711954224,0.7225790085833548,1.3862716573457807,0.5940103858671747,0.04423933693222858,0.080826494820506,0.5473370032574376,0.0034933922660127514,0.0,0.36000777792700644,0.0034933922660127514,0.0,0.2840073845967135,0.35598483747628007,0.36000777792700644,2.0
2025-09-29 00:00:00+00:00,421.5,428.25,418.75,421.75,705005,67.84140969162996,0.2601495734595586,413.3875,397.885,414.31531631364464,438.837903264368,387.937096735632,8.091739982867125,7.702848335320561,0.388891647546564,-0.0005927682276229,0.0933852140077819,26.584285714285716,9.64571441542859,3.179738664489796,26.145,29.885714868000036,3.6555423608163267,1.2,0.0,0.4,0.4,5.3343000411987305,5.372900009155273,5.274054050445557,5.3422532081604,0,39.08273525252795,0.0727425396611892,5.320499897003174,5.413000106811523,0.0030494839584928,0.0599596800636195,256.974,-0.0909769525053838,2.2851297401217163,0,0,1,0,0,5,9,40,-1.0,-1.8369701987210294e-16,-0.992708874098054,0.1205366802553232,16.1200008392334,0.0012414934559172,15.755000114440918,1.0,2251.7597272396088,0.39592534835466375,421.75,423.25,29.237142857142853,54.51142985428576,22.919558205431322,38.89801519520904,2309.8055581537146,2160.9983554991823,37.201800663633044,2230.639651132536,84.10743248587697,0.13194745292631713,0.16209913304011647,0.16716384892064032,0.7893300249126105,0.022538552787663108,0.04151949697775487,0.04159889854327378,0.5418063496598017,1.163761739879122,0.5843476157840829,0.04468046996890493,0.08166159439184772,0.5471417112319849,-0.0008403157415945994,0.0,0.3117360048079372,-0.0008403157415945994,0.0,0.3300444083465459,0.3582195868455169,0.3117360048079372,1.0
2025-10-06 00:00:00+00:00,421.75,423.0,410.5,421.25,1078626,39.869281045751634,0.2452057349497376,417.9875,399.72,416.2363730497604,438.4334975494629,397.5415024505371,5.553239058991437,6.601498485046153,-1.0482594260547158,0.0005931198102016,0.0570175438596491,27.892857142857142,4.211428614285724,3.9814800408163267,27.63357142857143,8.359999990857172,3.409464274285714,1.4000000000000001,0.0,3.6,1.2,5.321700096130371,5.369900226593018,5.2870612144470215,5.33459997177124,0,53.62484118767562,0.0772252839020231,5.3422532081604,5.443999767303467,-0.004006506157917,0.0796878333788739,256.974,-0.0909769525053838,2.2851297401217163,0,0,1,0,0,6,10,41,-0.8660254037844386,0.5000000000000001,-0.970941817426052,0.2393156642875573,16.3700008392334,0.0153896535094845,16.070000410079956,1.0,2249.8675380945206,-0.3096736632863162,421.5,421.75,30.618571428571425,39.3428587051429,23.223688090795203,36.92782066589602,2270.20032056411,2234.9790673629454,8.805313300291205,2238.33080591733,80.07082864768822,0.12882436277446357,0.1467721798998254,0.16270926941514632,0.7917456412905209,0.02963841138114997,0.038025068701221035,0.04076238335814133,0.7271018441126542,1.7295028745116574,0.5993272662999631,0.04088372775857532,0.08132209360432875,0.5027381972002886,0.008313651555830193,0.0,0.41719050014184056,0.008313651555830193,0.0,0.23763626503806246,0.345173234820097,0.41719050014184056,2.0
2025-10-13 00:00:00+00:00,410.75,424.5,410.5,421.5,1061700,31.097560975609756,0.2224869597261948,421.1875,402.23,416.22275613951234,430.5737651617874,411.80123483821257,2.7283603498178763,4.796177348881595,-2.0678169990637185,-0.0260818020154119,0.0294486215538847,21.602857142857143,19.851429057142877,3.387552050612245,27.55071428571429,13.291428688571454,4.010243321836734,0.0,0.0,0.0,0.0,5.311200141906738,5.558199882507324,5.303206920623779,5.5229997634887695,0,70.05314642224448,0.0893377479617431,5.33459997177124,5.388199806213379,-0.0003748135359964,0.075264497393754,256.974,-0.0909769525053838,2.2851297401217163,0,0,1,0,0,7,10,42,-0.8660254037844386,0.5000000000000001,-0.9350162426854148,0.3546048870425355,19.030000686645508,0.150566274740732,16.905000686645508,1.0,2268.572152853012,0.053495598905743805,421.75,421.5,25.013571428571428,44.17714451657147,23.502851071112566,35.40289215122993,2274.6692826491635,2232.3908422249515,10.569610106053092,2250.4273446916027,53.81290641911354,0.12879489341476347,0.13274754520555132,0.15661973601601414,0.8223413502509088,0.03408399269628728,0.03901060173179363,0.04029030442929955,0.84595995784786,1.6617007633305565,0.6054058533233988,0.130157949818857,0.10151318304531796,1.2821776747851024,0.008621980969094833,0.0,0.4209436177079537,0.008621980969094833,0.0,0.2348546419450096,0.3442017403470367,0.4209436177079537,2.0
2025-10-20 00:00:00+00:00,423.25,424.75,409.25,410.75,1056783,59.74842767295598,0.1267627421955947,419.7625,405.865,417.6953429296412,428.4204367302045,411.1045632697955,2.7109793397436306,3.188558689291208,-0.4775793495475775,0.0304321363359707,-0.0017688679245283,20.795714285714286,16.774286215428585,2.665148495102041,22.68357142857143,42.48000118000004,3.0476890418367346,0.0,0.0,1.6,0.0,5.464099884033203,5.517300128936768,5.366065979003906,5.406099796295166,0,59.47460096716417,0.12969989573948,5.5229997634887695,5.304299831390381,0.0267533319453562,0.124206725072476,256.974,-0.0909769525053838,2.2851297401217163,0,0,1,0,0,8,10,43,-0.8660254037844386,0.5000000000000001,-0.8854560256532101,0.464723172043768,18.229999542236328,-0.0429481538102105,17.437500476837158,1.0,2288.131738781929,2.766310147041004,410.75,421.75,29.884285714285713,51.180001360000034,23.44999431998088,35.85947983050542,2300.199968279114,2228.9656102054214,17.80858951842308,2265.509102327733,96.05755205966248,0.053478317790027666,0.1086213763149163,0.1512422874770656,0.3535936618401153,0.03662138216184288,0.030741257372667818,0.03924059772449951,0.9332521661987069,1.6287198730909414,0.6645994475992034,0.14833906248976436,0.10344375510683165,1.4340067991199572,0.009659348272252233,0.0,0.4336357352823219,0.009659348272252233,0.0,0.22566248098583808,0.34070178373184,0.4336357352823219,2.0
2025-10-27 00:00:00+00:00,428.75,431.75,418.5,423.25,1081915,59.375,0.1345692505557611,419.9125,410.535,420.53546213297415,429.32452338573904,410.500476614261,3.4516403726480007,3.1173788301696064,0.3342615424783943,0.012994683992912,0.0159952606635072,14.228571428571428,12.72857176400002,2.429178847142857,19.214285714285715,43.24000160228575,2.4761322769387752,0.0,0.2,0.0,0.0,5.36870002746582,5.40369987487793,5.35907506942749,5.388299942016602,0,57.85610725002721,0.1283532154130153,5.406099796295166,5.363699913024902,-0.0064009526948698,0.1326887693912502,256.974,-0.0909769525053838,2.2851297401217163,0,0,1,0,0,9,10,44,-0.8660254037844386,0.5000000000000001,-0.822983865893657,0.5680647467311548,15.789999961853027,-0.1436917377284557,17.355000257492065,1.0,2310.233600139618,-0.5491183169815962,423.25,410.75,30.464285714285715,48.50285855428575,23.176722797032806,36.335642525458994,2331.049815729283,2227.3526992052566,25.924279131006756,2283.3989014524873,96.96074157414418,0.03182011030634779,0.09603070637430214,0.14097060107873996,0.22572158879679174,0.030903790087463558,0.030757225822881335,0.03925752886670429,0.7872065080899443,1.6429831476973136,0.6972228184430425,0.1468913959322301,0.09423420274879309,1.558790503442832,0.010252825097552432,0.0,0.4409373487733907,0.010252825097552432,0.0,0.22051955000651963,0.33854310122008974,0.4409373487733907,2.0
2025-11-10 00:00:00+00:00,429.75,436.0,426.25,434.0,1019064,60.30927835051547,0.1347476533461213,426.725,419.61,427.2129369548221,438.9033889697251,414.54661103027496,3.714622452613355,4.179319313497847,-0.4646968608844917,-0.0103626943005181,0.0405569007263921,11.087142857142856,4.162857134285734,1.9498205078367348,10.30642857142857,23.277143171428612,1.759539204857143,0.0,2.8,0.8,0.0,5.354899883270264,5.404300212860107,5.304290771484375,5.330900192260742,0,42.16419680842651,0.1144861590129558,5.374599933624268,5.377200126647949,-0.0013759063444286,0.1254698964797095,256.974,-0.0909769525053838,2.2851297401217163,0,0,1,0,0,11,11,46,-0.5000000000000004,0.8660254037844384,-0.6631226582407955,0.7485107481711007,17.600000381469727,0.0247352443656933,17.197499990463257,1.0,2290.954357624054,-0.04661368193747621,434.25,428.75,23.770714285714288,19.205714558857185,21.819517928665398,34.05217298061917,2348.125451544044,2263.4944073169254,21.157761056779762,2298.5461526548384,60.33213689160561,0.08966563355891376,0.10592994920184591,0.1302064624446455,0.688641907544444,0.02268760907504363,0.029695278811035914,0.037201964696142675,0.6098495915969755,1.4865509865177053,0.7601372777528761,0.15066617042520872,0.09469754100052373,1.5910249930790232,0.004935809890714404,0.0,0.37678672007430747,0.004935809890714404,0.0,0.269572916208318,0.35364036371737456,0.3767867200743075,2.0
2025-11-17 00:00:00+00:00,434.75,442.75,428.5,429.0,1525698,52.534562211981566,0.1462911795504564,430.55,423.035,430.1786981959795,440.4436449567137,420.6563550432864,3.8681516092414654,4.030097667644469,-0.1619460584030037,0.0116346713205353,0.0289940828402366,14.85,5.357142822857161,1.7250769842040816,7.087857142857142,11.337142874285751,1.969746450857143,0.0,1.0,1.2000000000000002,0.4,5.289899826049805,5.315000057220459,5.2581281661987305,5.295599937438965,0,35.086370533891994,0.066452564794057,5.330900192260742,5.440814971923828,-0.0034830165886353,0.0718646212611785,256.974,-0.0909769525053838,2.2851297401217163,0,0,1,0,0,12,11,47,-0.5000000000000004,0.8660254037844384,-0.5680647467311559,0.8229838658936564,22.3799991607666,0.2402687416659982,18.234999895095825,1.0,2302.26207280159,-0.2573247063581462,429.75,434.25,20.874285714285715,29.01714237028575,20.869088200548738,32.58668716730734,2345.73124445095,2272.95378141985,18.19436575777487,2300.0325207135393,57.06081323301126,0.08803679740013787,0.10566935983222515,0.13031766939108652,0.6755552877513825,0.0327774583093732,0.029433971933653092,0.03708697316452453,0.8837995305244026,2.0868319935275967,0.772818525453528,0.054949604707053734,0.09460180647313453,0.5808514757500305,-0.00569968181477265,0.0,0.26211897584861704,-0.00569968181477265,0.0,0.3857965873961736,0.35208443675520934,0.26211897584861704,0.0
2025-11-24 00:00:00+00:00,423.75,438.5,422.25,434.75,978378,43.17180616740088,0.1698473938587026,431.525,425.485,429.265624901139,439.941618898786,423.1083811012139,1.2670853081543214,2.895109595754683,-1.6280242876003617,-0.0253018976423231,0.0011813349084466,10.215714285714284,10.679999928571448,1.3229629178367348,14.936428571428573,6.925714174285745,1.7311167987755103,0.0,3.0,0.0,0.0,5.3277997970581055,5.428400039672852,5.313514232635498,5.402100086212158,0,57.48256844116811,0.0675392241229998,5.295599937438965,5.382900238037109,-0.0001699886792354,0.0648315311146617,256.974,-0.0909769525053838,2.2851297401217163,0,0,1,0,0,13,11,48,-0.5000000000000004,0.8660254037844384,-0.4647231720437684,0.88545602565321,20.520000457763672,-0.0867676227737805,19.417500019073486,1.0,2289.139911532402,0.0739780845818438,434.75,429.75,30.127857142857145,29.331428874285756,20.486335966411957,30.931140522596273,2345.529432931427,2262.608748635765,20.730171073915567,2295.6754770410844,38.42049052998457,0.0882133437792626,0.06917442560824555,0.1276148808892363,0.6912464773082603,0.038348082595870206,0.02977931202045856,0.036522319878050095,1.049990039625522,1.254968550683947,0.04757991266808559,0.08257485455533567,0.0993473420839504,0.8311731799913334,0.008629653259845771,0.0,0.42103712662011417,0.008629653259845771,0.0,0.23478571421493674,0.34417715916494906,0.42103712662011417,2.0
2025-12-01 00:00:00+00:00,432.75,437.0,422.25,423.75,398027,52.60869565217392,0.1715015658638988,431.3125,425.875,429.9216710256598,440.5958679802011,422.0291320197989,1.4363854683863335,1.868225470473132,-0.4318400020867978,0.0170387779083431,0.0058105752469495,1.067142857142857,15.462857095714305,0.8843571531836735,10.827857142857141,28.294285614285755,1.0158087194081633,0.0,6.0,0.0,0.0,5.38730001449585,5.4105000495910645,5.315028190612793,5.335400104522705,0,58.0429134413331,0.0832196621938452,5.402100086212158,5.381999969482422,0.0130050831094815,0.0795356005852025,256.974,-0.0909769525053838,2.2851297401217163,0,0,1,0,0,14,12,49,-2.4492935982947064e-16,1.0,-0.3546048870425359,0.9350162426854148,17.239999771118164,-0.1741677906514013,19.43499994277954,1.0,2308.8943952322006,1.3914852634535337,423.75,434.75,26.145,29.885714868000036,19.863208300376165,30.761020851092372,2316.6047041463103,2279.020664448813,9.396009924374413,2300.963044317531,35.64221506661494,0.08683162745108226,0.06565654953903735,0.12599800585371412,0.6891507525951464,0.0340843443096476,0.030415422864895368,0.035591770285537325,0.9576465137794113,0.5037350750922434,0.04441909026792898,0.09182672318487842,0.08904286286272124,1.0312641566096938,0.02749223581788418,1.0,0.651266700419157,0.02749223581788418,1.0,0.10672759891664296,0.24200570066420002,0.651266700419157,2.0
2025-12-08 00:00:00+00:00,436.25,439.75,430.75,433.25,7625,51.51515151515152,0.1846012289063222,432.475,427.08,432.3499363029869,442.4774996877378,422.47250031226224,2.371711780629198,2.065888816157593,0.3058229644716053,0.0080878105141537,0.0174927113702623,-1.7414285714285713,14.55428559000002,0.4805548069387755,-1.850714285714286,42.105713985714324,0.7670168860204081,0.0,7.0,0.0,0.0,5.356599807739258,5.463799953460693,5.281345844268799,5.43809986114502,0,63.35457556197709,0.0902788229741075,5.335400104522705,5.349500179290772,-0.0037415355077086,0.0864384361833968,256.974,-0.0909769525053838,2.2851297401217163,0,0,0,0,0,0,12,50,-2.4492935982947064e-16,1.0,-0.2393156642875578,0.970941817426052,16.65999984741211,-0.0342216243795788,19.199999809265137,1.0,2372.371064424515,-0.2831765982654762,432.75,423.75,27.63357142857143,8.359999990857172,18.46231006901549,31.492936537197018,2392.2802909397465,2244.0534310556072,37.05671497103476,2329.5262523603246,87.81159594165769,0.1227024399042959,0.08595419061639983,0.1277548871224355,0.9604519487554555,0.020630372492836675,0.029705573356554237,0.03464186476157235,0.5955327947701491,0.010084895643483662,-0.4114628945368461,0.11387651289536639,0.0953368285781013,1.1944649580767999,0.00433422611463774,0.0,0.3697501794856259,0.00433422611463774,0.0,0.2755364938082729,0.3547133267061012,0.3697501794856259,2.0
2025-12-15 00:00:00+00:00,439.75,441.75,428.25,437.0,403370,63.91304347826087,0.1843103940923766,433.1375,428.835,433.9129330861039,443.3966102006197,422.87838979938033,2.244146010340444,2.2337076352671303,0.0104383750733134,0.008022922636103,-0.0039637599093997,-1.6985714285714282,8.52857144857145,0.534604066489796,-2.084285714285714,14.594285642857185,0.44684727240816324,0.0,6.6,0.0,0.0,5.430699825286865,5.494100093841553,5.375411987304688,5.4182000160217285,0,53.67167627737256,0.117239085303502,5.43809986114502,5.296500205993652,0.0239697200017797,0.1177744931423043,256.974,-0.0909769525053838,2.2851297401217163,0,0,0,0,0,0,12,51,-2.4492935982947064e-16,1.0,-0.1205366802553236,0.992708874098054,16.5,-0.0096502466732246,17.730000019073486,1.0,2382.653457045555,2.487948952683354,436.25,432.75,27.55071428571429,13.291428688571454,17.136723244286383,30.40270099562671,2430.7090361830888,2245.8203779342475,46.22216456221033,2350.7771342344167,87.69440212369749,0.08660480445676201,0.0846477413428334,0.11717259428607078,0.7391216145142675,0.030699260943718023,0.03130790373028912,0.03439905003098047,0.8924447620391274,0.5390207413476088,-0.051390210714572525,0.10931050715804297,0.0954021802402388,1.1457861384815242,0.03929955376598704,1.0,0.7711785084074866,0.03929955376598704,1.0,0.06209532065772011,0.16672617093479325,0.7711785084074866,2.0
2025-12-29 00:00:00+00:00,442.25,453.0,442.0,446.5,489707,55.88235294117647,0.1579324028283737,439.9,433.755,440.7619059572655,451.6824579690606,428.1175420309394,4.309772719661908,3.749625610953218,0.5601471087086893,-0.0033802816901408,0.0243196294151708,8.242857142857142,5.877142994285736,0.8618975605714285,5.739285714285714,17.33714415142861,0.8625850938775511,0.0,4.0,0.6000000000000001,0.0,5.590000152587891,5.616799831390381,5.512667179107666,5.542500019073486,0,62.99153728117788,0.1348046239504396,5.521299839019775,5.33080005645752,0.0005072533798742,0.1347693881377903,256.974,-0.0909769525053838,2.2851297401217163,0,0,0,0,0,0,12,1,-2.4492935982947064e-16,1.0,0.120536680255323,0.992708874098054,14.199999809265137,0.0084866058638898,15.359999895095823,0.0,2451.1706334352493,0.1417022904928038,447.0,439.75,19.214285714285715,43.24000160228575,14.960396869200824,28.954508899172662,2522.6148126254366,2318.628102170439,50.9966776137494,2421.0577836232333,86.95173419108662,0.13882518056594384,0.12120912928707675,0.11228837631712364,1.2363271493979375,0.0248728094968909,0.02753834178866336,0.03390259731770623,0.7336547677234441,0.6656629079293338,-0.045634766806813824,0.10771363718471237,0.09701877056339327,1.1102349107998832,-0.016430328107582715,0.0,0.1720003235968326,-0.016430328107582715,0.0,0.5178714848749034,0.310128191528264,0.1720003235968326,0.0
