Commodity_Code,Commodity_Description,Country_Code,Country_Name,Market_Year,Calendar_Year,Month,Attribute_ID,Attribute_Description,Unit_ID,Unit_Description,Value
0711100,"Coffee, Green",BR,Brazil,1960,1960,0,29,Arabica Production,2,(1000 60 KG BAGS),29800.0
0711100,"Coffee, Green",BR,Brazil,1960,1960,0,90,Bean Exports,2,(1000 60 KG BAGS),16110.0
0711100,"Coffee, Green",BR,Brazil,1960,1960,0,58,Bean Imports,2,(1000 60 KG BAGS),0.0
0711100,"Coffee, Green",BR,Brazil,1960,1960,0,20,Beginning Stocks,2,(1000 60 KG BAGS),53520.0
0711100,"Coffee, Green",BR,Brazil,1960,1960,0,125,Domestic Consumption,2,(1000 60 KG BAGS),9001.0
0711100,"Coffee, Green",BR,Brazil,1960,1960,0,176,Ending Stocks,2,(1000 60 KG BAGS),58206.0
0711100,"Coffee, Green",BR,Brazil,1960,1960,0,88,Exports,2,(1000 60 KG BAGS),16113.0
0711100,"Coffee, Green",BR,Brazil,1960,1960,0,57,Imports,2,(1000 60 KG BAGS),0.0
0711100,"Coffee, Green",BR,Brazil,1960,1960,0,56,Other Production,2,(1000 60 KG BAGS),0.0
0711100,"Coffee, Green",BR,Brazil,1960,1960,0,28,Production,2,(1000 60 KG BAGS),29800.0
0711100,"Coffee, Green",BR,Brazil,1960,1960,0,107,Roast & Ground Exports,2,(1000 60 KG BAGS),3.0
0711100,"Coffee, Green",BR,Brazil,1960,1960,0,75,Roast & Ground Imports,2,(1000 60 KG BAGS),0.0
0711100,"Coffee, Green",BR,Brazil,1960,1960,0,53,Robusta Production,2,(1000 60 KG BAGS),0.0
0711100,"Coffee, Green",BR,Brazil,1960,1960,0,141,"Rst,Ground Dom. Consum",2,(1000 60 KG BAGS),8976.0
0711100,"Coffee, Green",BR,Brazil,1960,1960,0,154,Soluble Dom. Cons.,2,(1000 60 KG BAGS),25.0
0711100,"Coffee, Green",BR,Brazil,1960,1960,0,114,Soluble Exports,2,(1000 60 KG BAGS),0.0
0711100,"Coffee, Green",BR,Brazil,1960,1960,0,82,Soluble Imports,2,(1000 60 KG BAGS),0.0
0711100,"Coffee, Green",BR,Brazil,1960,1960,0,178,Total Distribution,2,(1000 60 KG BAGS),83320.0
0711100,"Coffee, Green",BR,Brazil,1960,1960,0,86,Total Supply,2,(1000 60 KG BAGS),83320.0
0711100,"Coffee, Green",BR,Brazil,1961,1961,0,29,Arabica Production,2,(1000 60 KG BAGS),39600.0
0711100,"Coffee, Green",BR,Brazil,1961,1961,0,90,Bean Exports,2,(1000 60 KG BAGS),17410.0
0711100,"Coffee, Green",BR,Brazil,1961,1961,0,58,Bean Imports,2,(1000 60 KG BAGS),0.0
0711100,"Coffee, Green",BR,Brazil,1961,1961,0,20,Beginning Stocks,2,(1000 60 KG BAGS),58206.0
0711100,"Coffee, Green",BR,Brazil,1961,1961,0,125,Domestic Consumption,2,(1000 60 KG BAGS),13220.0
0711100,"Coffee, Green",BR,Brazil,1961,1961,0,176,Ending Stocks,2,(1000 60 KG BAGS),67174.0
0711100,"Coffee, Green",BR,Brazil,1961,1961,0,88,Exports,2,(1000 60 KG BAGS),17412.0
0711100,"Coffee, Green",BR,Brazil,1961,1961,0,57,Imports,2,(1000 60 KG BAGS),0.0
0711100,"Coffee, Green",BR,Brazil,1961,1961,0,56,Other Production,2,(1000 60 KG BAGS),0.0
0711100,"Coffee, Green",BR,Brazil,1961,1961,0,28,Production,2,(1000 60 KG BAGS),39600.0
0711100,"Coffee, Green",BR,Brazil,1961,1961,0,107,Roast & Ground Exports,2,(1000 60 KG BAGS),1.0
0711100,"Coffee, Green",BR,Brazil,1961,1961,0,75,Roast & Ground Imports,2,(1000 60 KG BAGS),0.0
0711100,"Coffee, Green",BR,Brazil,1961,1961,0,53,Robusta Production,2,(1000 60 KG BAGS),0.0
0711100,"Coffee, Green",BR,Brazil,1961,1961,0,141,"Rst,Ground Dom. Consum",2,(1000 60 KG BAGS),13190.0
0711100,"Coffee, Green",BR,Brazil,1961,1961,0,154,Soluble Dom. Cons.,2,(1000 60 KG BAGS),30.0
0711100,"Coffee, Green",BR,Brazil,1961,1961,0,114,Soluble Exports,2,(1000 60 KG BAGS),1.0
0711100,"Coffee, Green",BR,Brazil,1961,1961,0,82,Soluble Imports,2,(1000 60 KG BAGS),0.0
0711100,"Coffee, Green",BR,Brazil,1961,1961,0,178,Total Distribution,2,(1000 60 KG BAGS),97806.0
0711100,"Coffee, Green",BR,Brazil,1961,1961,0,86,Total Supply,2,(1000 60 KG BAGS),97806.0
0711100,"Coffee, Green",BR,Brazil,1962,1962,0,29,Arabica Production,2,(1000 60 KG BAGS),28900.0
0711100,"Coffee, Green",BR,Brazil,1962,1962,0,90,Bean Exports,2,(1000 60 KG BAGS),16864.0
0711100,"Coffee, Green",BR,Brazil,1962,1962,0,58,Bean Imports,2,(1000 60 KG BAGS),0.0
0711100,"Coffee, Green",BR,Brazil,1962,1962,0,20,Beginning Stocks,2,(1000 60 KG BAGS),67174.0
0711100,"Coffee, Green",BR,Brazil,1962,1962,0,125,Domestic Consumption,2,(1000 60 KG BAGS),6741.0
0711100,"Coffee, Green",BR,Brazil,1962,1962,0,176,Ending Stocks,2,(1000 60 KG BAGS),72461.0
0711100,"Coffee, Green",BR,Brazil,1962,1962,0,88,Exports,2,(1000 60 KG BAGS),16872.0
0711100,"Coffee, Green",BR,Brazil,1962,1962,0,57,Imports,2,(1000 60 KG BAGS),0.0
0711100,"Coffee, Green",BR,Brazil,1962,1962,0,56,Other Production,2,(1000 60 KG BAGS),0.0
0711100,"Coffee, Green",BR,Brazil,1962,1962,0,28,Production,2,(1000 60 KG BAGS),28900.0
0711100,"Coffee, Green",BR,Brazil,1962,1962,0,107,Roast & Ground Exports,2,(1000 60 KG BAGS),7.0
0711100,"Coffee, Green",BR,Brazil,1962,1962,0,75,Roast & Ground Imports,2,(1000 60 KG BAGS),0.0
0711100,"Coffee, Green",BR,Brazil,1962,1962,0,53,Robusta Production,2,(1000 60 KG BAGS),0.0
0711100,"Coffee, Green",BR,Brazil,1962,1962,0,141,"Rst,Ground Dom. Consum",2,(1000 60 KG BAGS),6706.0
0711100,"Coffee, Green",BR,Brazil,1962,1962,0,154,Soluble Dom. Cons.,2,(1000 60 KG BAGS),35.0
0711100,"Coffee, Green",BR,Brazil,1962,1962,0,114,Soluble Exports,2,(1000 60 KG BAGS),1.0
0711100,"Coffee, Green",BR,Brazil,1962,1962,0,82,Soluble Imports,2,(1000 60 KG BAGS),0.0
0711100,"Coffee, Green",BR,Brazil,1962,1962,0,178,Total Distribution,2,(1000 60 KG BAGS),96074.0
0711100,"Coffee, Green",BR,Brazil,1962,1962,0,86,Total Supply,2,(1000 60 KG BAGS),96074.0
0711100,"Coffee, Green",BR,Brazil,1963,1963,0,29,Arabica Production,2,(1000 60 KG BAGS),23200.0
0711100,"Coffee, Green",BR,Brazil,1963,1963,0,90,Bean Exports,2,(1000 60 KG BAGS),18860.0
0711100,"Coffee, Green",BR,Brazil,1963,1963,0,58,Bean Imports,2,(1000 60 KG BAGS),0.0
0711100,"Coffee, Green",BR,Brazil,1963,1963,0,20,Beginning Stocks,2,(1000 60 KG BAGS),72461.0
0711100,"Coffee, Green",BR,Brazil,1963,1963,0,125,Domestic Consumption,2,(1000 60 KG BAGS),9520.0
0711100,"Coffee, Green",BR,Brazil,1963,1963,0,176,Ending Stocks,2,(1000 60 KG BAGS),67272.0
0711100,"Coffee, Green",BR,Brazil,1963,1963,0,88,Exports,2,(1000 60 KG BAGS),18869.0
0711100,"Coffee, Green",BR,Brazil,1963,1963,0,57,Imports,2,(1000 60 KG BAGS),0.0
0711100,"Coffee, Green",BR,Brazil,1963,1963,0,56,Other Production,2,(1000 60 KG BAGS),0.0
0711100,"Coffee, Green",BR,Brazil,1963,1963,0,28,Production,2,(1000 60 KG BAGS),23200.0
0711100,"Coffee, Green",BR,Brazil,1963,1963,0,107,Roast & Ground Exports,2,(1000 60 KG BAGS),7.0
0711100,"Coffee, Green",BR,Brazil,1963,1963,0,75,Roast & Ground Imports,2,(1000 60 KG BAGS),0.0
0711100,"Coffee, Green",BR,Brazil,1963,1963,0,53,Robusta Production,2,(1000 60 KG BAGS),0.0
0711100,"Coffee, Green",BR,Brazil,1963,1963,0,141,"Rst,Ground Dom. Consum",2,(1000 60 KG BAGS),9480.0
0711100,"Coffee, Green",BR,Brazil,1963,1963,0,154,Soluble Dom. Cons.,2,(1000 60 KG BAGS),40.0
0711100,"Coffee, Green",BR,Brazil,1963,1963,0,114,Soluble Exports,2,(1000 60 KG BAGS),2.0
0711100,"Coffee, Green",BR,Brazil,1963,1963,0,82,Soluble Imports,2,(1000 60 KG BAGS),0.0
0711100,"Coffee, Green",BR,Brazil,1963,1963,0,178,Total Distribution,2,(1000 60 KG BAGS),95661.0
0711100,"Coffee, Green",BR,Brazil,1963,1963,0,86,Total Supply,2,(1000 60 KG BAGS),95661.0
0711100,"Coffee, Green",BR,Brazil,1964,1964,0,29,Arabica Production,2,(1000 60 KG BAGS),11000.0
0711100,"Coffee, Green",BR,Brazil,1964,1964,0,90,Bean Exports,2,(1000 60 KG BAGS),12409.0
0711100,"Coffee, Green",BR,Brazil,1964,1964,0,58,Bean Imports,2,(1000 60 KG BAGS),0.0
0711100,"Coffee, Green",BR,Brazil,1964,1964,0,20,Beginning Stocks,2,(1000 60 KG BAGS),67272.0
0711100,"Coffee, Green",BR,Brazil,1964,1964,0,125,Domestic Consumption,2,(1000 60 KG BAGS),8131.0
0711100,"Coffee, Green",BR,Brazil,1964,1964,0,176,Ending Stocks,2,(1000 60 KG BAGS),57723.0
0711100,"Coffee, Green",BR,Brazil,1964,1964,0,88,Exports,2,(1000 60 KG BAGS),12418.0
0711100,"Coffee, Green",BR,Brazil,1964,1964,0,57,Imports,2,(1000 60 KG BAGS),0.0
0711100,"Coffee, Green",BR,Brazil,1964,1964,0,56,Other Production,2,(1000 60 KG BAGS),0.0
0711100,"Coffee, Green",BR,Brazil,1964,1964,0,28,Production,2,(1000 60 KG BAGS),11000.0
0711100,"Coffee, Green",BR,Brazil,1964,1964,0,107,Roast & Ground Exports,2,(1000 60 KG BAGS),1.0
0711100,"Coffee, Green",BR,Brazil,1964,1964,0,75,Roast & Ground Imports,2,(1000 60 KG BAGS),0.0
0711100,"Coffee, Green",BR,Brazil,1964,1964,0,53,Robusta Production,2,(1000 60 KG BAGS),0.0
0711100,"Coffee, Green",BR,Brazil,1964,1964,0,141,"Rst,Ground Dom. Consum",2,(1000 60 KG BAGS),8086.0
0711100,"Coffee, Green",BR,Brazil,1964,1964,0,154,Soluble Dom. Cons.,2,(1000 60 KG BAGS),45.0
0711100,"Coffee, Green",BR,Brazil,1964,1964,0,114,Soluble Exports,2,(1000 60 KG BAGS),8.0
0711100,"Coffee, Green",BR,Brazil,1964,1964,0,82,Soluble Imports,2,(1000 60 KG BAGS),0.0
0711100,"Coffee, Green",BR,Brazil,1964,1964,0,178,Total Distribution,2,(1000 60 KG BAGS),78272.0
0711100,"Coffee, Green",BR,Brazil,1964,1964,0,86,Total Supply,2,(1000 60 KG BAGS),78272.0
0711100,"Coffee, Green",BR,Brazil,1965,1965,0,29,Arabica Production,2,(1000 60 KG BAGS),37700.0
0711100,"Coffee, Green",BR,Brazil,1965,1965,0,90,Bean Exports,2,(1000 60 KG BAGS),16411.0
0711100,"Coffee, Green",BR,Brazil,1965,1965,0,58,Bean Imports,2,(1000 60 KG BAGS),0.0
0711100,"Coffee, Green",BR,Brazil,1965,1965,0,20,Beginning Stocks,2,(1000 60 KG BAGS),57723.0
0711100,"Coffee, Green",BR,Brazil,1965,1965,0,125,Domestic Consumption,2,(1000 60 KG BAGS),8100.0
0711100,"Coffee, Green",BR,Brazil,1965,1965,0,176,Ending Stocks,2,(1000 60 KG BAGS),70802.0
0711100,"Coffee, Green",BR,Brazil,1965,1965,0,88,Exports,2,(1000 60 KG BAGS),16521.0
0711100,"Coffee, Green",BR,Brazil,1965,1965,0,57,Imports,2,(1000 60 KG BAGS),0.0
0711100,"Coffee, Green",BR,Brazil,1965,1965,0,56,Other Production,2,(1000 60 KG BAGS),0.0
0711100,"Coffee, Green",BR,Brazil,1965,1965,0,28,Production,2,(1000 60 KG BAGS),37700.0
0711100,"Coffee, Green",BR,Brazil,1965,1965,0,107,Roast & Ground Exports,2,(1000 60 KG BAGS),3.0
0711100,"Coffee, Green",BR,Brazil,1965,1965,0,75,Roast & Ground Imports,2,(1000 60 KG BAGS),0.0
0711100,"Coffee, Green",BR,Brazil,1965,1965,0,53,Robusta Production,2,(1000 60 KG BAGS),0.0
0711100,"Coffee, Green",BR,Brazil,1965,1965,0,141,"Rst,Ground Dom. Consum",2,(1000 60 KG BAGS),8050.0
0711100,"Coffee, Green",BR,Brazil,1965,1965,0,154,Soluble Dom. Cons.,2,(1000 60 KG BAGS),50.0
0711100,"Coffee, Green",BR,Brazil,1965,1965,0,114,Soluble Exports,2,(1000 60 KG BAGS),107.0
0711100,"Coffee, Green",BR,Brazil,1965,1965,0,82,Soluble Imports,2,(1000 60 KG BAGS),0.0
0711100,"Coffee, Green",BR,Brazil,1965,1965,0,178,Total Distribution,2,(1000 60 KG BAGS),95423.0
0711100,"Coffee, Green",BR,Brazil,1965,1965,0,86,Total Supply,2,(1000 60 KG BAGS),95423.0
0711100,"Coffee, Green",BR,Brazil,1966,1966,0,29,Arabica Production,2,(1000 60 KG BAGS),21000.0
0711100,"Coffee, Green",BR,Brazil,1966,1966,0,90,Bean Exports,2,(1000 60 KG BAGS),16023.0
0711100,"Coffee, Green",BR,Brazil,1966,1966,0,58,Bean Imports,2,(1000 60 KG BAGS),0.0
0711100,"Coffee, Green",BR,Brazil,1966,1966,0,20,Beginning Stocks,2,(1000 60 KG BAGS),70802.0
0711100,"Coffee, Green",BR,Brazil,1966,1966,0,125,Domestic Consumption,2,(1000 60 KG BAGS),8620.0
0711100,"Coffee, Green",BR,Brazil,1966,1966,0,176,Ending Stocks,2,(1000 60 KG BAGS),66761.0
0711100,"Coffee, Green",BR,Brazil,1966,1966,0,88,Exports,2,(1000 60 KG BAGS),16421.0
0711100,"Coffee, Green",BR,Brazil,1966,1966,0,57,Imports,2,(1000 60 KG BAGS),0.0
0711100,"Coffee, Green",BR,Brazil,1966,1966,0,56,Other Production,2,(1000 60 KG BAGS),0.0
0711100,"Coffee, Green",BR,Brazil,1966,1966,0,28,Production,2,(1000 60 KG BAGS),21000.0
0711100,"Coffee, Green",BR,Brazil,1966,1966,0,107,Roast & Ground Exports,2,(1000 60 KG BAGS),3.0
0711100,"Coffee, Green",BR,Brazil,1966,1966,0,75,Roast & Ground Imports,2,(1000 60 KG BAGS),0.0
0711100,"Coffee, Green",BR,Brazil,1966,1966,0,53,Robusta Production,2,(1000 60 KG BAGS),0.0
0711100,"Coffee, Green",BR,Brazil,1966,1966,0,141,"Rst,Ground Dom. Consum",2,(1000 60 KG BAGS),8565.0
0711100,"Coffee, Green",BR,Brazil,1966,1966,0,154,Soluble Dom. Cons.,2,(1000 60 KG BAGS),55.0
0711100,"Coffee, Green",BR,Brazil,1966,1966,0,114,Soluble Exports,2,(1000 60 KG BAGS),395.0
0711100,"Coffee, Green",BR,Brazil,1966,1966,0,82,Soluble Imports,2,(1000 60 KG BAGS),0.0
0711100,"Coffee, Green",BR,Brazil,1966,1966,0,178,Total Distribution,2,(1000 60 KG BAGS),91802.0
0711100,"Coffee, Green",BR,Brazil,1966,1966,0,86,Total Supply,2,(1000 60 KG BAGS),91802.0
0711100,"Coffee, Green",BR,Brazil,1967,1967,0,29,Arabica Production,2,(1000 60 KG BAGS),24500.0
0711100,"Coffee, Green",BR,Brazil,1967,1967,0,90,Bean Exports,2,(1000 60 KG BAGS),18347.0
0711100,"Coffee, Green",BR,Brazil,1967,1967,0,58,Bean Imports,2,(1000 60 KG BAGS),0.0
0711100,"Coffee, Green",BR,Brazil,1967,1967,0,20,Beginning Stocks,2,(1000 60 KG BAGS),66761.0
0711100,"Coffee, Green",BR,Brazil,1967,1967,0,125,Domestic Consumption,2,(1000 60 KG BAGS),8750.0
0711100,"Coffee, Green",BR,Brazil,1967,1967,0,176,Ending Stocks,2,(1000 60 KG BAGS),63547.0
0711100,"Coffee, Green",BR,Brazil,1967,1967,0,88,Exports,2,(1000 60 KG BAGS),18964.0
0711100,"Coffee, Green",BR,Brazil,1967,1967,0,57,Imports,2,(1000 60 KG BAGS),0.0
0711100,"Coffee, Green",BR,Brazil,1967,1967,0,56,Other Production,2,(1000 60 KG BAGS),0.0
0711100,"Coffee, Green",BR,Brazil,1967,1967,0,28,Production,2,(1000 60 KG BAGS),24500.0
0711100,"Coffee, Green",BR,Brazil,1967,1967,0,107,Roast & Ground Exports,2,(1000 60 KG BAGS),33.0
0711100,"Coffee, Green",BR,Brazil,1967,1967,0,75,Roast & Ground Imports,2,(1000 60 KG BAGS),0.0
0711100,"Coffee, Green",BR,Brazil,1967,1967,0,53,Robusta Production,2,(1000 60 KG BAGS),0.0
0711100,"Coffee, Green",BR,Brazil,1967,1967,0,141,"Rst,Ground Dom. Consum",2,(1000 60 KG BAGS),8690.0
0711100,"Coffee, Green",BR,Brazil,1967,1967,0,154,Soluble Dom. Cons.,2,(1000 60 KG BAGS),60.0
0711100,"Coffee, Green",BR,Brazil,1967,1967,0,114,Soluble Exports,2,(1000 60 KG BAGS),584.0
0711100,"Coffee, Green",BR,Brazil,1967,1967,0,82,Soluble Imports,2,(1000 60 KG BAGS),0.0
0711100,"Coffee, Green",BR,Brazil,1967,1967,0,178,Total Distribution,2,(1000 60 KG BAGS),91261.0
0711100,"Coffee, Green",BR,Brazil,1967,1967,0,86,Total Supply,2,(1000 60 KG BAGS),91261.0
0711100,"Coffee, Green",BR,Brazil,1968,1968,0,29,Arabica Production,2,(1000 60 KG BAGS),17000.0
0711100,"Coffee, Green",BR,Brazil,1968,1968,0,90,Bean Exports,2,(1000 60 KG BAGS),18300.0
0711100,"Coffee, Green",BR,Brazil,1968,1968,0,58,Bean Imports,2,(1000 60 KG BAGS),0.0
0711100,"Coffee, Green",BR,Brazil,1968,1968,0,20,Beginning Stocks,2,(1000 60 KG BAGS),63547.0
0711100,"Coffee, Green",BR,Brazil,1968,1968,0,125,Domestic Consumption,2,(1000 60 KG BAGS),8750.0
0711100,"Coffee, Green",BR,Brazil,1968,1968,0,176,Ending Stocks,2,(1000 60 KG BAGS),52706.0
0711100,"Coffee, Green",BR,Brazil,1968,1968,0,88,Exports,2,(1000 60 KG BAGS),19091.0
0711100,"Coffee, Green",BR,Brazil,1968,1968,0,57,Imports,2,(1000 60 KG BAGS),0.0
0711100,"Coffee, Green",BR,Brazil,1968,1968,0,56,Other Production,2,(1000 60 KG BAGS),0.0
0711100,"Coffee, Green",BR,Brazil,1968,1968,0,28,Production,2,(1000 60 KG BAGS),17000.0
0711100,"Coffee, Green",BR,Brazil,1968,1968,0,107,Roast & Ground Exports,2,(1000 60 KG BAGS),41.0
0711100,"Coffee, Green",BR,Brazil,1968,1968,0,75,Roast & Ground Imports,2,(1000 60 KG BAGS),0.0
0711100,"Coffee, Green",BR,Brazil,1968,1968,0,53,Robusta Production,2,(1000 60 KG BAGS),0.0
0711100,"Coffee, Green",BR,Brazil,1968,1968,0,141,"Rst,Ground Dom. Consum",2,(1000 60 KG BAGS),8685.0
0711100,"Coffee, Green",BR,Brazil,1968,1968,0,154,Soluble Dom. Cons.,2,(1000 60 KG BAGS),65.0
0711100,"Coffee, Green",BR,Brazil,1968,1968,0,114,Soluble Exports,2,(1000 60 KG BAGS),750.0
0711100,"Coffee, Green",BR,Brazil,1968,1968,0,82,Soluble Imports,2,(1000 60 KG BAGS),0.0
0711100,"Coffee, Green",BR,Brazil,1968,1968,0,178,Total Distribution,2,(1000 60 KG BAGS),80547.0
0711100,"Coffee, Green",BR,Brazil,1968,1968,0,86,Total Supply,2,(1000 60 KG BAGS),80547.0
0711100,"Coffee, Green",BR,Brazil,1969,1969,0,29,Arabica Production,2,(1000 60 KG BAGS),21000.0
0711100,"Coffee, Green",BR,Brazil,1969,1969,0,90,Bean Exports,2,(1000 60 KG BAGS),18142.0
0711100,"Coffee, Green",BR,Brazil,1969,1969,0,58,Bean Imports,2,(1000 60 KG BAGS),0.0
0711100,"Coffee, Green",BR,Brazil,1969,1969,0,20,Beginning Stocks,2,(1000 60 KG BAGS),52706.0
0711100,"Coffee, Green",BR,Brazil,1969,1969,0,125,Domestic Consumption,2,(1000 60 KG BAGS),8740.0
0711100,"Coffee, Green",BR,Brazil,1969,1969,0,176,Ending Stocks,2,(1000 60 KG BAGS),45831.0
0711100,"Coffee, Green",BR,Brazil,1969,1969,0,88,Exports,2,(1000 60 KG BAGS),19135.0
0711100,"Coffee, Green",BR,Brazil,1969,1969,0,57,Imports,2,(1000 60 KG BAGS),0.0
0711100,"Coffee, Green",BR,Brazil,1969,1969,0,56,Other Production,2,(1000 60 KG BAGS),0.0
0711100,"Coffee, Green",BR,Brazil,1969,1969,0,28,Production,2,(1000 60 KG BAGS),21000.0
0711100,"Coffee, Green",BR,Brazil,1969,1969,0,107,Roast & Ground Exports,2,(1000 60 KG BAGS),11.0
0711100,"Coffee, Green",BR,Brazil,1969,1969,0,75,Roast & Ground Imports,2,(1000 60 KG BAGS),0.0
0711100,"Coffee, Green",BR,Brazil,1969,1969,0,53,Robusta Production,2,(1000 60 KG BAGS),0.0
0711100,"Coffee, Green",BR,Brazil,1969,1969,0,141,"Rst,Ground Dom. Consum",2,(1000 60 KG BAGS),8670.0
0711100,"Coffee, Green",BR,Brazil,1969,1969,0,154,Soluble Dom. Cons.,2,(1000 60 KG BAGS),70.0
0711100,"Coffee, Green",BR,Brazil,1969,1969,0,114,Soluble Exports,2,(1000 60 KG BAGS),982.0
0711100,"Coffee, Green",BR,Brazil,1969,1969,0,82,Soluble Imports,2,(1000 60 KG BAGS),0.0
0711100,"Coffee, Green",BR,Brazil,1969,1969,0,178,Total Distribution,2,(1000 60 KG BAGS),73706.0
0711100,"Coffee, Green",BR,Brazil,1969,1969,0,86,Total Supply,2,(1000 60 KG BAGS),73706.0
0711100,"Coffee, Green",BR,Brazil,1970,1970,0,29,Arabica Production,2,(1000 60 KG BAGS),11000.0
0711100,"Coffee, Green",BR,Brazil,1970,1970,0,90,Bean Exports,2,(1000 60 KG BAGS),14912.0
0711100,"Coffee, Green",BR,Brazil,1970,1970,0,58,Bean Imports,2,(1000 60 KG BAGS),0.0
0711100,"Coffee, Green",BR,Brazil,1970,1970,0,20,Beginning Stocks,2,(1000 60 KG BAGS),45831.0
0711100,"Coffee, Green",BR,Brazil,1970,1970,0,125,Domestic Consumption,2,(1000 60 KG BAGS),8890.0
0711100,"Coffee, Green",BR,Brazil,1970,1970,0,176,Ending Stocks,2,(1000 60 KG BAGS),31904.0
0711100,"Coffee, Green",BR,Brazil,1970,1970,0,88,Exports,2,(1000 60 KG BAGS),16037.0
0711100,"Coffee, Green",BR,Brazil,1970,1970,0,57,Imports,2,(1000 60 KG BAGS),0.0
0711100,"Coffee, Green",BR,Brazil,1970,1970,0,56,Other Production,2,(1000 60 KG BAGS),0.0
0711100,"Coffee, Green",BR,Brazil,1970,1970,0,28,Production,2,(1000 60 KG BAGS),11000.0
0711100,"Coffee, Green",BR,Brazil,1970,1970,0,107,Roast & Ground Exports,2,(1000 60 KG BAGS),24.0
0711100,"Coffee, Green",BR,Brazil,1970,1970,0,75,Roast & Ground Imports,2,(1000 60 KG BAGS),0.0
0711100,"Coffee, Green",BR,Brazil,1970,1970,0,53,Robusta Production,2,(1000 60 KG BAGS),0.0
0711100,"Coffee, Green",BR,Brazil,1970,1970,0,141,"Rst,Ground Dom. Consum",2,(1000 60 KG BAGS),8815.0
0711100,"Coffee, Green",BR,Brazil,1970,1970,0,154,Soluble Dom. Cons.,2,(1000 60 KG BAGS),75.0
0711100,"Coffee, Green",BR,Brazil,1970,1970,0,114,Soluble Exports,2,(1000 60 KG BAGS),1101.0
0711100,"Coffee, Green",BR,Brazil,1970,1970,0,82,Soluble Imports,2,(1000 60 KG BAGS),0.0
0711100,"Coffee, Green",BR,Brazil,1970,1970,0,178,Total Distribution,2,(1000 60 KG BAGS),56831.0
0711100,"Coffee, Green",BR,Brazil,1970,1970,0,86,Total Supply,2,(1000 60 KG BAGS),56831.0
0711100,"Coffee, Green",BR,Brazil,1971,1971,0,29,Arabica Production,2,(1000 60 KG BAGS),24600.0
0711100,"Coffee, Green",BR,Brazil,1971,1971,0,90,Bean Exports,2,(1000 60 KG BAGS),18567.0
0711100,"Coffee, Green",BR,Brazil,1971,1971,0,58,Bean Imports,2,(1000 60 KG BAGS),0.0
0711100,"Coffee, Green",BR,Brazil,1971,1971,0,20,Beginning Stocks,2,(1000 60 KG BAGS),31904.0
0711100,"Coffee, Green",BR,Brazil,1971,1971,0,125,Domestic Consumption,2,(1000 60 KG BAGS),8829.0
0711100,"Coffee, Green",BR,Brazil,1971,1971,0,176,Ending Stocks,2,(1000 60 KG BAGS),27632.0
0711100,"Coffee, Green",BR,Brazil,1971,1971,0,88,Exports,2,(1000 60 KG BAGS),20043.0
0711100,"Coffee, Green",BR,Brazil,1971,1971,0,57,Imports,2,(1000 60 KG BAGS),0.0
0711100,"Coffee, Green",BR,Brazil,1971,1971,0,56,Other Production,2,(1000 60 KG BAGS),0.0
0711100,"Coffee, Green",BR,Brazil,1971,1971,0,28,Production,2,(1000 60 KG BAGS),24600.0
0711100,"Coffee, Green",BR,Brazil,1971,1971,0,107,Roast & Ground Exports,2,(1000 60 KG BAGS),39.0
0711100,"Coffee, Green",BR,Brazil,1971,1971,0,75,Roast & Ground Imports,2,(1000 60 KG BAGS),0.0
0711100,"Coffee, Green",BR,Brazil,1971,1971,0,53,Robusta Production,2,(1000 60 KG BAGS),0.0
0711100,"Coffee, Green",BR,Brazil,1971,1971,0,141,"Rst,Ground Dom. Consum",2,(1000 60 KG BAGS),8749.0
0711100,"Coffee, Green",BR,Brazil,1971,1971,0,154,Soluble Dom. Cons.,2,(1000 60 KG BAGS),80.0
0711100,"Coffee, Green",BR,Brazil,1971,1971,0,114,Soluble Exports,2,(1000 60 KG BAGS),1437.0
0711100,"Coffee, Green",BR,Brazil,1971,1971,0,82,Soluble Imports,2,(1000 60 KG BAGS),0.0
0711100,"Coffee, Green",BR,Brazil,1971,1971,0,178,Total Distribution,2,(1000 60 KG BAGS),56504.0
0711100,"Coffee, Green",BR,Brazil,1971,1971,0,86,Total Supply,2,(1000 60 KG BAGS),56504.0
0711100,"Coffee, Green",BR,Brazil,1972,1972,0,29,Arabica Production,2,(1000 60 KG BAGS),24500.0
0711100,"Coffee, Green",BR,Brazil,1972,1972,0,90,Bean Exports,2,(1000 60 KG BAGS),17259.0
0711100,"Coffee, Green",BR,Brazil,1972,1972,0,58,Bean Imports,2,(1000 60 KG BAGS),0.0
0711100,"Coffee, Green",BR,Brazil,1972,1972,0,20,Beginning Stocks,2,(1000 60 KG BAGS),27632.0
0711100,"Coffee, Green",BR,Brazil,1972,1972,0,125,Domestic Consumption,2,(1000 60 KG BAGS),7000.0
0711100,"Coffee, Green",BR,Brazil,1972,1972,0,176,Ending Stocks,2,(1000 60 KG BAGS),25888.0
0711100,"Coffee, Green",BR,Brazil,1972,1972,0,88,Exports,2,(1000 60 KG BAGS),19244.0
0711100,"Coffee, Green",BR,Brazil,1972,1972,0,57,Imports,2,(1000 60 KG BAGS),0.0
0711100,"Coffee, Green",BR,Brazil,1972,1972,0,56,Other Production,2,(1000 60 KG BAGS),0.0
0711100,"Coffee, Green",BR,Brazil,1972,1972,0,28,Production,2,(1000 60 KG BAGS),24500.0
0711100,"Coffee, Green",BR,Brazil,1972,1972,0,107,Roast & Ground Exports,2,(1000 60 KG BAGS),148.0
0711100,"Coffee, Green",BR,Brazil,1972,1972,0,75,Roast & Ground Imports,2,(1000 60 KG BAGS),0.0
0711100,"Coffee, Green",BR,Brazil,1972,1972,0,53,Robusta Production,2,(1000 60 KG BAGS),0.0
0711100,"Coffee, Green",BR,Brazil,1972,1972,0,141,"Rst,Ground Dom. Consum",2,(1000 60 KG BAGS),6915.0
0711100,"Coffee, Green",BR,Brazil,1972,1972,0,154,Soluble Dom. Cons.,2,(1000 60 KG BAGS),85.0
0711100,"Coffee, Green",BR,Brazil,1972,1972,0,114,Soluble Exports,2,(1000 60 KG BAGS),1837.0
0711100,"Coffee, Green",BR,Brazil,1972,1972,0,82,Soluble Imports,2,(1000 60 KG BAGS),0.0
0711100,"Coffee, Green",BR,Brazil,1972,1972,0,178,Total Distribution,2,(1000 60 KG BAGS),52132.0
0711100,"Coffee, Green",BR,Brazil,1972,1972,0,86,Total Supply,2,(1000 60 KG BAGS),52132.0
0711100,"Coffee, Green",BR,Brazil,1973,1973,0,29,Arabica Production,2,(1000 60 KG BAGS),14300.0
0711100,"Coffee, Green",BR,Brazil,1973,1973,0,90,Bean Exports,2,(1000 60 KG BAGS),15714.0
0711100,"Coffee, Green",BR,Brazil,1973,1973,0,58,Bean Imports,2,(1000 60 KG BAGS),0.0
0711100,"Coffee, Green",BR,Brazil,1973,1973,0,20,Beginning Stocks,2,(1000 60 KG BAGS),25888.0
0711100,"Coffee, Green",BR,Brazil,1973,1973,0,125,Domestic Consumption,2,(1000 60 KG BAGS),7000.0
0711100,"Coffee, Green",BR,Brazil,1973,1973,0,176,Ending Stocks,2,(1000 60 KG BAGS),15551.0
0711100,"Coffee, Green",BR,Brazil,1973,1973,0,88,Exports,2,(1000 60 KG BAGS),17637.0
0711100,"Coffee, Green",BR,Brazil,1973,1973,0,57,Imports,2,(1000 60 KG BAGS),0.0
0711100,"Coffee, Green",BR,Brazil,1973,1973,0,56,Other Production,2,(1000 60 KG BAGS),0.0
0711100,"Coffee, Green",BR,Brazil,1973,1973,0,28,Production,2,(1000 60 KG BAGS),14300.0
0711100,"Coffee, Green",BR,Brazil,1973,1973,0,107,Roast & Ground Exports,2,(1000 60 KG BAGS),15.0
0711100,"Coffee, Green",BR,Brazil,1973,1973,0,75,Roast & Ground Imports,2,(1000 60 KG BAGS),0.0
0711100,"Coffee, Green",BR,Brazil,1973,1973,0,53,Robusta Production,2,(1000 60 KG BAGS),0.0
0711100,"Coffee, Green",BR,Brazil,1973,1973,0,141,"Rst,Ground Dom. Consum",2,(1000 60 KG BAGS),6910.0
0711100,"Coffee, Green",BR,Brazil,1973,1973,0,154,Soluble Dom. Cons.,2,(1000 60 KG BAGS),90.0
0711100,"Coffee, Green",BR,Brazil,1973,1973,0,114,Soluble Exports,2,(1000 60 KG BAGS),1908.0
0711100,"Coffee, Green",BR,Brazil,1973,1973,0,82,Soluble Imports,2,(1000 60 KG BAGS),0.0
0711100,"Coffee, Green",BR,Brazil,1973,1973,0,178,Total Distribution,2,(1000 60 KG BAGS),40188.0
0711100,"Coffee, Green",BR,Brazil,1973,1973,0,86,Total Supply,2,(1000 60 KG BAGS),40188.0
0711100,"Coffee, Green",BR,Brazil,1974,1974,0,29,Arabica Production,2,(1000 60 KG BAGS),27500.0
0711100,"Coffee, Green",BR,Brazil,1974,1974,0,90,Bean Exports,2,(1000 60 KG BAGS),11615.0
0711100,"Coffee, Green",BR,Brazil,1974,1974,0,58,Bean Imports,2,(1000 60 KG BAGS),0.0
0711100,"Coffee, Green",BR,Brazil,1974,1974,0,20,Beginning Stocks,2,(1000 60 KG BAGS),15551.0
0711100,"Coffee, Green",BR,Brazil,1974,1974,0,125,Domestic Consumption,2,(1000 60 KG BAGS),7500.0
0711100,"Coffee, Green",BR,Brazil,1974,1974,0,176,Ending Stocks,2,(1000 60 KG BAGS),22200.0
0711100,"Coffee, Green",BR,Brazil,1974,1974,0,88,Exports,2,(1000 60 KG BAGS),13351.0
0711100,"Coffee, Green",BR,Brazil,1974,1974,0,57,Imports,2,(1000 60 KG BAGS),0.0
0711100,"Coffee, Green",BR,Brazil,1974,1974,0,56,Other Production,2,(1000 60 KG BAGS),0.0
0711100,"Coffee, Green",BR,Brazil,1974,1974,0,28,Production,2,(1000 60 KG BAGS),27500.0
0711100,"Coffee, Green",BR,Brazil,1974,1974,0,107,Roast & Ground Exports,2,(1000 60 KG BAGS),25.0
0711100,"Coffee, Green",BR,Brazil,1974,1974,0,75,Roast & Ground Imports,2,(1000 60 KG BAGS),0.0
0711100,"Coffee, Green",BR,Brazil,1974,1974,0,53,Robusta Production,2,(1000 60 KG BAGS),0.0
0711100,"Coffee, Green",BR,Brazil,1974,1974,0,141,"Rst,Ground Dom. Consum",2,(1000 60 KG BAGS),7405.0
0711100,"Coffee, Green",BR,Brazil,1974,1974,0,154,Soluble Dom. Cons.,2,(1000 60 KG BAGS),95.0
0711100,"Coffee, Green",BR,Brazil,1974,1974,0,114,Soluble Exports,2,(1000 60 KG BAGS),1711.0
0711100,"Coffee, Green",BR,Brazil,1974,1974,0,82,Soluble Imports,2,(1000 60 KG BAGS),0.0
0711100,"Coffee, Green",BR,Brazil,1974,1974,0,178,Total Distribution,2,(1000 60 KG BAGS),43051.0
0711100,"Coffee, Green",BR,Brazil,1974,1974,0,86,Total Supply,2,(1000 60 KG BAGS),43051.0
0711100,"Coffee, Green",BR,Brazil,1975,1975,0,29,Arabica Production,2,(1000 60 KG BAGS),22800.0
0711100,"Coffee, Green",BR,Brazil,1975,1975,0,90,Bean Exports,2,(1000 60 KG BAGS),12091.0
0711100,"Coffee, Green",BR,Brazil,1975,1975,0,58,Bean Imports,2,(1000 60 KG BAGS),0.0
0711100,"Coffee, Green",BR,Brazil,1975,1975,0,20,Beginning Stocks,2,(1000 60 KG BAGS),22200.0
0711100,"Coffee, Green",BR,Brazil,1975,1975,0,125,Domestic Consumption,2,(1000 60 KG BAGS),8000.0
0711100,"Coffee, Green",BR,Brazil,1975,1975,0,176,Ending Stocks,2,(1000 60 KG BAGS),23149.0
0711100,"Coffee, Green",BR,Brazil,1975,1975,0,88,Exports,2,(1000 60 KG BAGS),14051.0
0711100,"Coffee, Green",BR,Brazil,1975,1975,0,57,Imports,2,(1000 60 KG BAGS),0.0
0711100,"Coffee, Green",BR,Brazil,1975,1975,0,56,Other Production,2,(1000 60 KG BAGS),0.0
0711100,"Coffee, Green",BR,Brazil,1975,1975,0,28,Production,2,(1000 60 KG BAGS),23000.0
0711100,"Coffee, Green",BR,Brazil,1975,1975,0,107,Roast & Ground Exports,2,(1000 60 KG BAGS),87.0
0711100,"Coffee, Green",BR,Brazil,1975,1975,0,75,Roast & Ground Imports,2,(1000 60 KG BAGS),0.0
0711100,"Coffee, Green",BR,Brazil,1975,1975,0,53,Robusta Production,2,(1000 60 KG BAGS),200.0
0711100,"Coffee, Green",BR,Brazil,1975,1975,0,141,"Rst,Ground Dom. Consum",2,(1000 60 KG BAGS),7900.0
0711100,"Coffee, Green",BR,Brazil,1975,1975,0,154,Soluble Dom. Cons.,2,(1000 60 KG BAGS),100.0
0711100,"Coffee, Green",BR,Brazil,1975,1975,0,114,Soluble Exports,2,(1000 60 KG BAGS),1873.0
0711100,"Coffee, Green",BR,Brazil,1975,1975,0,82,Soluble Imports,2,(1000 60 KG BAGS),0.0
0711100,"Coffee, Green",BR,Brazil,1975,1975,0,178,Total Distribution,2,(1000 60 KG BAGS),45200.0
0711100,"Coffee, Green",BR,Brazil,1975,1975,0,86,Total Supply,2,(1000 60 KG BAGS),45200.0
0711100,"Coffee, Green",BR,Brazil,1976,1976,0,29,Arabica Production,2,(1000 60 KG BAGS),9000.0
0711100,"Coffee, Green",BR,Brazil,1976,1976,0,90,Bean Exports,2,(1000 60 KG BAGS),15424.0
0711100,"Coffee, Green",BR,Brazil,1976,1976,0,58,Bean Imports,2,(1000 60 KG BAGS),0.0
0711100,"Coffee, Green",BR,Brazil,1976,1976,0,20,Beginning Stocks,2,(1000 60 KG BAGS),23149.0
0711100,"Coffee, Green",BR,Brazil,1976,1976,0,125,Domestic Consumption,2,(1000 60 KG BAGS),7500.0
0711100,"Coffee, Green",BR,Brazil,1976,1976,0,176,Ending Stocks,2,(1000 60 KG BAGS),7630.0
0711100,"Coffee, Green",BR,Brazil,1976,1976,0,88,Exports,2,(1000 60 KG BAGS),17319.0
0711100,"Coffee, Green",BR,Brazil,1976,1976,0,57,Imports,2,(1000 60 KG BAGS),0.0
0711100,"Coffee, Green",BR,Brazil,1976,1976,0,56,Other Production,2,(1000 60 KG BAGS),0.0
0711100,"Coffee, Green",BR,Brazil,1976,1976,0,28,Production,2,(1000 60 KG BAGS),9300.0
0711100,"Coffee, Green",BR,Brazil,1976,1976,0,107,Roast & Ground Exports,2,(1000 60 KG BAGS),12.0
0711100,"Coffee, Green",BR,Brazil,1976,1976,0,75,Roast & Ground Imports,2,(1000 60 KG BAGS),0.0
0711100,"Coffee, Green",BR,Brazil,1976,1976,0,53,Robusta Production,2,(1000 60 KG BAGS),300.0
0711100,"Coffee, Green",BR,Brazil,1976,1976,0,141,"Rst,Ground Dom. Consum",2,(1000 60 KG BAGS),7375.0
0711100,"Coffee, Green",BR,Brazil,1976,1976,0,154,Soluble Dom. Cons.,2,(1000 60 KG BAGS),125.0
0711100,"Coffee, Green",BR,Brazil,1976,1976,0,114,Soluble Exports,2,(1000 60 KG BAGS),1883.0
0711100,"Coffee, Green",BR,Brazil,1976,1976,0,82,Soluble Imports,2,(1000 60 KG BAGS),0.0
0711100,"Coffee, Green",BR,Brazil,1976,1976,0,178,Total Distribution,2,(1000 60 KG BAGS),32449.0
0711100,"Coffee, Green",BR,Brazil,1976,1976,0,86,Total Supply,2,(1000 60 KG BAGS),32449.0
0711100,"Coffee, Green",BR,Brazil,1977,1977,0,29,Arabica Production,2,(1000 60 KG BAGS),17100.0
0711100,"Coffee, Green",BR,Brazil,1977,1977,0,90,Bean Exports,2,(1000 60 KG BAGS),6900.0
0711100,"Coffee, Green",BR,Brazil,1977,1977,0,58,Bean Imports,2,(1000 60 KG BAGS),0.0
0711100,"Coffee, Green",BR,Brazil,1977,1977,0,20,Beginning Stocks,2,(1000 60 KG BAGS),7630.0
0711100,"Coffee, Green",BR,Brazil,1977,1977,0,125,Domestic Consumption,2,(1000 60 KG BAGS),7500.0
0711100,"Coffee, Green",BR,Brazil,1977,1977,0,176,Ending Stocks,2,(1000 60 KG BAGS),10130.0
0711100,"Coffee, Green",BR,Brazil,1977,1977,0,88,Exports,2,(1000 60 KG BAGS),7500.0
0711100,"Coffee, Green",BR,Brazil,1977,1977,0,57,Imports,2,(1000 60 KG BAGS),0.0
0711100,"Coffee, Green",BR,Brazil,1977,1977,0,56,Other Production,2,(1000 60 KG BAGS),0.0
0711100,"Coffee, Green",BR,Brazil,1977,1977,0,28,Production,2,(1000 60 KG BAGS),17500.0
0711100,"Coffee, Green",BR,Brazil,1977,1977,0,107,Roast & Ground Exports,2,(1000 60 KG BAGS),0.0
0711100,"Coffee, Green",BR,Brazil,1977,1977,0,75,Roast & Ground Imports,2,(1000 60 KG BAGS),0.0
0711100,"Coffee, Green",BR,Brazil,1977,1977,0,53,Robusta Production,2,(1000 60 KG BAGS),400.0
0711100,"Coffee, Green",BR,Brazil,1977,1977,0,141,"Rst,Ground Dom. Consum",2,(1000 60 KG BAGS),7350.0
0711100,"Coffee, Green",BR,Brazil,1977,1977,0,154,Soluble Dom. Cons.,2,(1000 60 KG BAGS),150.0
0711100,"Coffee, Green",BR,Brazil,1977,1977,0,114,Soluble Exports,2,(1000 60 KG BAGS),600.0
0711100,"Coffee, Green",BR,Brazil,1977,1977,0,82,Soluble Imports,2,(1000 60 KG BAGS),0.0
0711100,"Coffee, Green",BR,Brazil,1977,1977,0,178,Total Distribution,2,(1000 60 KG BAGS),25130.0
0711100,"Coffee, Green",BR,Brazil,1977,1977,0,86,Total Supply,2,(1000 60 KG BAGS),25130.0
0711100,"Coffee, Green",BR,Brazil,1978,1978,0,29,Arabica Production,2,(1000 60 KG BAGS),19100.0
0711100,"Coffee, Green",BR,Brazil,1978,1978,0,90,Bean Exports,2,(1000 60 KG BAGS),11700.0
0711100,"Coffee, Green",BR,Brazil,1978,1978,0,58,Bean Imports,2,(1000 60 KG BAGS),0.0
0711100,"Coffee, Green",BR,Brazil,1978,1978,0,20,Beginning Stocks,2,(1000 60 KG BAGS),10130.0
0711100,"Coffee, Green",BR,Brazil,1978,1978,0,125,Domestic Consumption,2,(1000 60 KG BAGS),8000.0
0711100,"Coffee, Green",BR,Brazil,1978,1978,0,176,Ending Stocks,2,(1000 60 KG BAGS),8430.0
0711100,"Coffee, Green",BR,Brazil,1978,1978,0,88,Exports,2,(1000 60 KG BAGS),13700.0
0711100,"Coffee, Green",BR,Brazil,1978,1978,0,57,Imports,2,(1000 60 KG BAGS),0.0
0711100,"Coffee, Green",BR,Brazil,1978,1978,0,56,Other Production,2,(1000 60 KG BAGS),0.0
0711100,"Coffee, Green",BR,Brazil,1978,1978,0,28,Production,2,(1000 60 KG BAGS),20000.0
0711100,"Coffee, Green",BR,Brazil,1978,1978,0,107,Roast & Ground Exports,2,(1000 60 KG BAGS),0.0
0711100,"Coffee, Green",BR,Brazil,1978,1978,0,75,Roast & Ground Imports,2,(1000 60 KG BAGS),0.0
0711100,"Coffee, Green",BR,Brazil,1978,1978,0,53,Robusta Production,2,(1000 60 KG BAGS),900.0
0711100,"Coffee, Green",BR,Brazil,1978,1978,0,141,"Rst,Ground Dom. Consum",2,(1000 60 KG BAGS),7835.0
0711100,"Coffee, Green",BR,Brazil,1978,1978,0,154,Soluble Dom. Cons.,2,(1000 60 KG BAGS),165.0
0711100,"Coffee, Green",BR,Brazil,1978,1978,0,114,Soluble Exports,2,(1000 60 KG BAGS),2000.0
0711100,"Coffee, Green",BR,Brazil,1978,1978,0,82,Soluble Imports,2,(1000 60 KG BAGS),0.0
0711100,"Coffee, Green",BR,Brazil,1978,1978,0,178,Total Distribution,2,(1000 60 KG BAGS),30130.0
0711100,"Coffee, Green",BR,Brazil,1978,1978,0,86,Total Supply,2,(1000 60 KG BAGS),30130.0
0711100,"Coffee, Green",BR,Brazil,1979,1979,0,29,Arabica Production,2,(1000 60 KG BAGS),20900.0
0711100,"Coffee, Green",BR,Brazil,1979,1979,0,90,Bean Exports,2,(1000 60 KG BAGS),12000.0
0711100,"Coffee, Green",BR,Brazil,1979,1979,0,58,Bean Imports,2,(1000 60 KG BAGS),0.0
0711100,"Coffee, Green",BR,Brazil,1979,1979,0,20,Beginning Stocks,2,(1000 60 KG BAGS),8430.0
0711100,"Coffee, Green",BR,Brazil,1979,1979,0,125,Domestic Consumption,2,(1000 60 KG BAGS),8000.0
0711100,"Coffee, Green",BR,Brazil,1979,1979,0,176,Ending Stocks,2,(1000 60 KG BAGS),8430.0
0711100,"Coffee, Green",BR,Brazil,1979,1979,0,88,Exports,2,(1000 60 KG BAGS),14000.0
0711100,"Coffee, Green",BR,Brazil,1979,1979,0,57,Imports,2,(1000 60 KG BAGS),0.0
0711100,"Coffee, Green",BR,Brazil,1979,1979,0,56,Other Production,2,(1000 60 KG BAGS),0.0
0711100,"Coffee, Green",BR,Brazil,1979,1979,0,28,Production,2,(1000 60 KG BAGS),22000.0
0711100,"Coffee, Green",BR,Brazil,1979,1979,0,107,Roast & Ground Exports,2,(1000 60 KG BAGS),0.0
0711100,"Coffee, Green",BR,Brazil,1979,1979,0,75,Roast & Ground Imports,2,(1000 60 KG BAGS),0.0
0711100,"Coffee, Green",BR,Brazil,1979,1979,0,53,Robusta Production,2,(1000 60 KG BAGS),1100.0
0711100,"Coffee, Green",BR,Brazil,1979,1979,0,141,"Rst,Ground Dom. Consum",2,(1000 60 KG BAGS),7830.0
0711100,"Coffee, Green",BR,Brazil,1979,1979,0,154,Soluble Dom. Cons.,2,(1000 60 KG BAGS),170.0
0711100,"Coffee, Green",BR,Brazil,1979,1979,0,114,Soluble Exports,2,(1000 60 KG BAGS),2000.0
0711100,"Coffee, Green",BR,Brazil,1979,1979,0,82,Soluble Imports,2,(1000 60 KG BAGS),0.0
0711100,"Coffee, Green",BR,Brazil,1979,1979,0,178,Total Distribution,2,(1000 60 KG BAGS),30430.0
0711100,"Coffee, Green",BR,Brazil,1979,1979,0,86,Total Supply,2,(1000 60 KG BAGS),30430.0
0711100,"Coffee, Green",BR,Brazil,1980,1980,0,29,Arabica Production,2,(1000 60 KG BAGS),20250.0
0711100,"Coffee, Green",BR,Brazil,1980,1980,0,90,Bean Exports,2,(1000 60 KG BAGS),13483.0
0711100,"Coffee, Green",BR,Brazil,1980,1980,0,58,Bean Imports,2,(1000 60 KG BAGS),0.0
0711100,"Coffee, Green",BR,Brazil,1980,1980,0,20,Beginning Stocks,2,(1000 60 KG BAGS),8430.0
0711100,"Coffee, Green",BR,Brazil,1980,1980,0,125,Domestic Consumption,2,(1000 60 KG BAGS),7975.0
0711100,"Coffee, Green",BR,Brazil,1980,1980,0,176,Ending Stocks,2,(1000 60 KG BAGS),6205.0
0711100,"Coffee, Green",BR,Brazil,1980,1980,0,88,Exports,2,(1000 60 KG BAGS),15750.0
0711100,"Coffee, Green",BR,Brazil,1980,1980,0,57,Imports,2,(1000 60 KG BAGS),0.0
0711100,"Coffee, Green",BR,Brazil,1980,1980,0,56,Other Production,2,(1000 60 KG BAGS),0.0
0711100,"Coffee, Green",BR,Brazil,1980,1980,0,28,Production,2,(1000 60 KG BAGS),21500.0
0711100,"Coffee, Green",BR,Brazil,1980,1980,0,107,Roast & Ground Exports,2,(1000 60 KG BAGS),17.0
0711100,"Coffee, Green",BR,Brazil,1980,1980,0,75,Roast & Ground Imports,2,(1000 60 KG BAGS),0.0
0711100,"Coffee, Green",BR,Brazil,1980,1980,0,53,Robusta Production,2,(1000 60 KG BAGS),1250.0
0711100,"Coffee, Green",BR,Brazil,1980,1980,0,141,"Rst,Ground Dom. Consum",2,(1000 60 KG BAGS),7800.0
0711100,"Coffee, Green",BR,Brazil,1980,1980,0,154,Soluble Dom. Cons.,2,(1000 60 KG BAGS),175.0
0711100,"Coffee, Green",BR,Brazil,1980,1980,0,114,Soluble Exports,2,(1000 60 KG BAGS),2250.0
0711100,"Coffee, Green",BR,Brazil,1980,1980,0,82,Soluble Imports,2,(1000 60 KG BAGS),0.0
0711100,"Coffee, Green",BR,Brazil,1980,1980,0,178,Total Distribution,2,(1000 60 KG BAGS),29930.0
0711100,"Coffee, Green",BR,Brazil,1980,1980,0,86,Total Supply,2,(1000 60 KG BAGS),29930.0
0711100,"Coffee, Green",BR,Brazil,1981,1981,0,29,Arabica Production,2,(1000 60 KG BAGS),31500.0
0711100,"Coffee, Green",BR,Brazil,1981,1981,0,90,Bean Exports,2,(1000 60 KG BAGS),14426.0
0711100,"Coffee, Green",BR,Brazil,1981,1981,0,58,Bean Imports,2,(1000 60 KG BAGS),0.0
0711100,"Coffee, Green",BR,Brazil,1981,1981,0,20,Beginning Stocks,2,(1000 60 KG BAGS),6205.0
0711100,"Coffee, Green",BR,Brazil,1981,1981,0,125,Domestic Consumption,2,(1000 60 KG BAGS),8000.0
0711100,"Coffee, Green",BR,Brazil,1981,1981,0,176,Ending Stocks,2,(1000 60 KG BAGS),13476.0
0711100,"Coffee, Green",BR,Brazil,1981,1981,0,88,Exports,2,(1000 60 KG BAGS),17729.0
0711100,"Coffee, Green",BR,Brazil,1981,1981,0,57,Imports,2,(1000 60 KG BAGS),0.0
0711100,"Coffee, Green",BR,Brazil,1981,1981,0,56,Other Production,2,(1000 60 KG BAGS),0.0
0711100,"Coffee, Green",BR,Brazil,1981,1981,0,28,Production,2,(1000 60 KG BAGS),33000.0
0711100,"Coffee, Green",BR,Brazil,1981,1981,0,107,Roast & Ground Exports,2,(1000 60 KG BAGS),3.0
0711100,"Coffee, Green",BR,Brazil,1981,1981,0,75,Roast & Ground Imports,2,(1000 60 KG BAGS),0.0
0711100,"Coffee, Green",BR,Brazil,1981,1981,0,53,Robusta Production,2,(1000 60 KG BAGS),1500.0
0711100,"Coffee, Green",BR,Brazil,1981,1981,0,141,"Rst,Ground Dom. Consum",2,(1000 60 KG BAGS),7815.0
0711100,"Coffee, Green",BR,Brazil,1981,1981,0,154,Soluble Dom. Cons.,2,(1000 60 KG BAGS),185.0
0711100,"Coffee, Green",BR,Brazil,1981,1981,0,114,Soluble Exports,2,(1000 60 KG BAGS),3300.0
0711100,"Coffee, Green",BR,Brazil,1981,1981,0,82,Soluble Imports,2,(1000 60 KG BAGS),0.0
0711100,"Coffee, Green",BR,Brazil,1981,1981,0,178,Total Distribution,2,(1000 60 KG BAGS),39205.0
0711100,"Coffee, Green",BR,Brazil,1981,1981,0,86,Total Supply,2,(1000 60 KG BAGS),39205.0
0711100,"Coffee, Green",BR,Brazil,1982,1982,0,29,Arabica Production,2,(1000 60 KG BAGS),15750.0
0711100,"Coffee, Green",BR,Brazil,1982,1982,0,90,Bean Exports,2,(1000 60 KG BAGS),15452.0
0711100,"Coffee, Green",BR,Brazil,1982,1982,0,58,Bean Imports,2,(1000 60 KG BAGS),0.0
0711100,"Coffee, Green",BR,Brazil,1982,1982,0,20,Beginning Stocks,2,(1000 60 KG BAGS),13476.0
0711100,"Coffee, Green",BR,Brazil,1982,1982,0,125,Domestic Consumption,2,(1000 60 KG BAGS),7600.0
0711100,"Coffee, Green",BR,Brazil,1982,1982,0,176,Ending Stocks,2,(1000 60 KG BAGS),6555.0
0711100,"Coffee, Green",BR,Brazil,1982,1982,0,88,Exports,2,(1000 60 KG BAGS),17071.0
0711100,"Coffee, Green",BR,Brazil,1982,1982,0,57,Imports,2,(1000 60 KG BAGS),0.0
0711100,"Coffee, Green",BR,Brazil,1982,1982,0,56,Other Production,2,(1000 60 KG BAGS),0.0
0711100,"Coffee, Green",BR,Brazil,1982,1982,0,28,Production,2,(1000 60 KG BAGS),17750.0
0711100,"Coffee, Green",BR,Brazil,1982,1982,0,107,Roast & Ground Exports,2,(1000 60 KG BAGS),19.0
0711100,"Coffee, Green",BR,Brazil,1982,1982,0,75,Roast & Ground Imports,2,(1000 60 KG BAGS),0.0
0711100,"Coffee, Green",BR,Brazil,1982,1982,0,53,Robusta Production,2,(1000 60 KG BAGS),2000.0
0711100,"Coffee, Green",BR,Brazil,1982,1982,0,141,"Rst,Ground Dom. Consum",2,(1000 60 KG BAGS),7400.0
0711100,"Coffee, Green",BR,Brazil,1982,1982,0,154,Soluble Dom. Cons.,2,(1000 60 KG BAGS),200.0
0711100,"Coffee, Green",BR,Brazil,1982,1982,0,114,Soluble Exports,2,(1000 60 KG BAGS),1600.0
0711100,"Coffee, Green",BR,Brazil,1982,1982,0,82,Soluble Imports,2,(1000 60 KG BAGS),0.0
0711100,"Coffee, Green",BR,Brazil,1982,1982,0,178,Total Distribution,2,(1000 60 KG BAGS),31226.0
0711100,"Coffee, Green",BR,Brazil,1982,1982,0,86,Total Supply,2,(1000 60 KG BAGS),31226.0
0711100,"Coffee, Green",BR,Brazil,1983,1983,0,29,Arabica Production,2,(1000 60 KG BAGS),28000.0
0711100,"Coffee, Green",BR,Brazil,1983,1983,0,90,Bean Exports,2,(1000 60 KG BAGS),16903.0
0711100,"Coffee, Green",BR,Brazil,1983,1983,0,58,Bean Imports,2,(1000 60 KG BAGS),0.0
0711100,"Coffee, Green",BR,Brazil,1983,1983,0,20,Beginning Stocks,2,(1000 60 KG BAGS),6555.0
0711100,"Coffee, Green",BR,Brazil,1983,1983,0,125,Domestic Consumption,2,(1000 60 KG BAGS),8000.0
0711100,"Coffee, Green",BR,Brazil,1983,1983,0,176,Ending Stocks,2,(1000 60 KG BAGS),9659.0
0711100,"Coffee, Green",BR,Brazil,1983,1983,0,88,Exports,2,(1000 60 KG BAGS),18896.0
0711100,"Coffee, Green",BR,Brazil,1983,1983,0,57,Imports,2,(1000 60 KG BAGS),0.0
0711100,"Coffee, Green",BR,Brazil,1983,1983,0,56,Other Production,2,(1000 60 KG BAGS),0.0
0711100,"Coffee, Green",BR,Brazil,1983,1983,0,28,Production,2,(1000 60 KG BAGS),30000.0
0711100,"Coffee, Green",BR,Brazil,1983,1983,0,107,Roast & Ground Exports,2,(1000 60 KG BAGS),54.0
0711100,"Coffee, Green",BR,Brazil,1983,1983,0,75,Roast & Ground Imports,2,(1000 60 KG BAGS),0.0
0711100,"Coffee, Green",BR,Brazil,1983,1983,0,53,Robusta Production,2,(1000 60 KG BAGS),2000.0
0711100,"Coffee, Green",BR,Brazil,1983,1983,0,141,"Rst,Ground Dom. Consum",2,(1000 60 KG BAGS),7775.0
0711100,"Coffee, Green",BR,Brazil,1983,1983,0,154,Soluble Dom. Cons.,2,(1000 60 KG BAGS),225.0
0711100,"Coffee, Green",BR,Brazil,1983,1983,0,114,Soluble Exports,2,(1000 60 KG BAGS),1939.0
0711100,"Coffee, Green",BR,Brazil,1983,1983,0,82,Soluble Imports,2,(1000 60 KG BAGS),0.0
0711100,"Coffee, Green",BR,Brazil,1983,1983,0,178,Total Distribution,2,(1000 60 KG BAGS),36555.0
0711100,"Coffee, Green",BR,Brazil,1983,1983,0,86,Total Supply,2,(1000 60 KG BAGS),36555.0
0711100,"Coffee, Green",BR,Brazil,1984,1984,0,29,Arabica Production,2,(1000 60 KG BAGS),25000.0
0711100,"Coffee, Green",BR,Brazil,1984,1984,0,90,Bean Exports,2,(1000 60 KG BAGS),19137.0
0711100,"Coffee, Green",BR,Brazil,1984,1984,0,58,Bean Imports,2,(1000 60 KG BAGS),0.0
0711100,"Coffee, Green",BR,Brazil,1984,1984,0,20,Beginning Stocks,2,(1000 60 KG BAGS),9659.0
0711100,"Coffee, Green",BR,Brazil,1984,1984,0,125,Domestic Consumption,2,(1000 60 KG BAGS),9500.0
0711100,"Coffee, Green",BR,Brazil,1984,1984,0,176,Ending Stocks,2,(1000 60 KG BAGS),5519.0
0711100,"Coffee, Green",BR,Brazil,1984,1984,0,88,Exports,2,(1000 60 KG BAGS),21640.0
0711100,"Coffee, Green",BR,Brazil,1984,1984,0,57,Imports,2,(1000 60 KG BAGS),0.0
0711100,"Coffee, Green",BR,Brazil,1984,1984,0,56,Other Production,2,(1000 60 KG BAGS),0.0
0711100,"Coffee, Green",BR,Brazil,1984,1984,0,28,Production,2,(1000 60 KG BAGS),27000.0
0711100,"Coffee, Green",BR,Brazil,1984,1984,0,107,Roast & Ground Exports,2,(1000 60 KG BAGS),3.0
0711100,"Coffee, Green",BR,Brazil,1984,1984,0,75,Roast & Ground Imports,2,(1000 60 KG BAGS),0.0
0711100,"Coffee, Green",BR,Brazil,1984,1984,0,53,Robusta Production,2,(1000 60 KG BAGS),2000.0
0711100,"Coffee, Green",BR,Brazil,1984,1984,0,141,"Rst,Ground Dom. Consum",2,(1000 60 KG BAGS),9300.0
0711100,"Coffee, Green",BR,Brazil,1984,1984,0,154,Soluble Dom. Cons.,2,(1000 60 KG BAGS),200.0
0711100,"Coffee, Green",BR,Brazil,1984,1984,0,114,Soluble Exports,2,(1000 60 KG BAGS),2500.0
0711100,"Coffee, Green",BR,Brazil,1984,1984,0,82,Soluble Imports,2,(1000 60 KG BAGS),0.0
0711100,"Coffee, Green",BR,Brazil,1984,1984,0,178,Total Distribution,2,(1000 60 KG BAGS),36659.0
0711100,"Coffee, Green",BR,Brazil,1984,1984,0,86,Total Supply,2,(1000 60 KG BAGS),36659.0
0711100,"Coffee, Green",BR,Brazil,1985,1985,0,29,Arabica Production,2,(1000 60 KG BAGS),30600.0
0711100,"Coffee, Green",BR,Brazil,1985,1985,0,90,Bean Exports,2,(1000 60 KG BAGS),12767.0
0711100,"Coffee, Green",BR,Brazil,1985,1985,0,58,Bean Imports,2,(1000 60 KG BAGS),0.0
0711100,"Coffee, Green",BR,Brazil,1985,1985,0,20,Beginning Stocks,2,(1000 60 KG BAGS),5519.0
0711100,"Coffee, Green",BR,Brazil,1985,1985,0,125,Domestic Consumption,2,(1000 60 KG BAGS),8800.0
0711100,"Coffee, Green",BR,Brazil,1985,1985,0,176,Ending Stocks,2,(1000 60 KG BAGS),15249.0
0711100,"Coffee, Green",BR,Brazil,1985,1985,0,88,Exports,2,(1000 60 KG BAGS),14470.0
0711100,"Coffee, Green",BR,Brazil,1985,1985,0,57,Imports,2,(1000 60 KG BAGS),0.0
0711100,"Coffee, Green",BR,Brazil,1985,1985,0,56,Other Production,2,(1000 60 KG BAGS),0.0
0711100,"Coffee, Green",BR,Brazil,1985,1985,0,28,Production,2,(1000 60 KG BAGS),33000.0
0711100,"Coffee, Green",BR,Brazil,1985,1985,0,107,Roast & Ground Exports,2,(1000 60 KG BAGS),3.0
0711100,"Coffee, Green",BR,Brazil,1985,1985,0,75,Roast & Ground Imports,2,(1000 60 KG BAGS),0.0
0711100,"Coffee, Green",BR,Brazil,1985,1985,0,53,Robusta Production,2,(1000 60 KG BAGS),2400.0
0711100,"Coffee, Green",BR,Brazil,1985,1985,0,141,"Rst,Ground Dom. Consum",2,(1000 60 KG BAGS),8550.0
0711100,"Coffee, Green",BR,Brazil,1985,1985,0,154,Soluble Dom. Cons.,2,(1000 60 KG BAGS),250.0
0711100,"Coffee, Green",BR,Brazil,1985,1985,0,114,Soluble Exports,2,(1000 60 KG BAGS),1700.0
0711100,"Coffee, Green",BR,Brazil,1985,1985,0,82,Soluble Imports,2,(1000 60 KG BAGS),0.0
0711100,"Coffee, Green",BR,Brazil,1985,1985,0,178,Total Distribution,2,(1000 60 KG BAGS),38519.0
0711100,"Coffee, Green",BR,Brazil,1985,1985,0,86,Total Supply,2,(1000 60 KG BAGS),38519.0
0711100,"Coffee, Green",BR,Brazil,1986,1986,0,29,Arabica Production,2,(1000 60 KG BAGS),10400.0
0711100,"Coffee, Green",BR,Brazil,1986,1986,0,90,Bean Exports,2,(1000 60 KG BAGS),11179.0
0711100,"Coffee, Green",BR,Brazil,1986,1986,0,58,Bean Imports,2,(1000 60 KG BAGS),0.0
0711100,"Coffee, Green",BR,Brazil,1986,1986,0,20,Beginning Stocks,2,(1000 60 KG BAGS),15249.0
0711100,"Coffee, Green",BR,Brazil,1986,1986,0,125,Domestic Consumption,2,(1000 60 KG BAGS),8000.0
0711100,"Coffee, Green",BR,Brazil,1986,1986,0,176,Ending Stocks,2,(1000 60 KG BAGS),8427.0
0711100,"Coffee, Green",BR,Brazil,1986,1986,0,88,Exports,2,(1000 60 KG BAGS),12722.0
0711100,"Coffee, Green",BR,Brazil,1986,1986,0,57,Imports,2,(1000 60 KG BAGS),0.0
0711100,"Coffee, Green",BR,Brazil,1986,1986,0,56,Other Production,2,(1000 60 KG BAGS),0.0
0711100,"Coffee, Green",BR,Brazil,1986,1986,0,28,Production,2,(1000 60 KG BAGS),13900.0
0711100,"Coffee, Green",BR,Brazil,1986,1986,0,107,Roast & Ground Exports,2,(1000 60 KG BAGS),3.0
0711100,"Coffee, Green",BR,Brazil,1986,1986,0,75,Roast & Ground Imports,2,(1000 60 KG BAGS),0.0
0711100,"Coffee, Green",BR,Brazil,1986,1986,0,53,Robusta Production,2,(1000 60 KG BAGS),3500.0
0711100,"Coffee, Green",BR,Brazil,1986,1986,0,141,"Rst,Ground Dom. Consum",2,(1000 60 KG BAGS),7700.0
0711100,"Coffee, Green",BR,Brazil,1986,1986,0,154,Soluble Dom. Cons.,2,(1000 60 KG BAGS),300.0
0711100,"Coffee, Green",BR,Brazil,1986,1986,0,114,Soluble Exports,2,(1000 60 KG BAGS),1540.0
0711100,"Coffee, Green",BR,Brazil,1986,1986,0,82,Soluble Imports,2,(1000 60 KG BAGS),0.0
0711100,"Coffee, Green",BR,Brazil,1986,1986,0,178,Total Distribution,2,(1000 60 KG BAGS),29149.0
0711100,"Coffee, Green",BR,Brazil,1986,1986,0,86,Total Supply,2,(1000 60 KG BAGS),29149.0
0711100,"Coffee, Green",BR,Brazil,1987,1987,0,29,Arabica Production,2,(1000 60 KG BAGS),34300.0
0711100,"Coffee, Green",BR,Brazil,1987,1987,0,90,Bean Exports,2,(1000 60 KG BAGS),17225.0
0711100,"Coffee, Green",BR,Brazil,1987,1987,0,58,Bean Imports,2,(1000 60 KG BAGS),0.0
0711100,"Coffee, Green",BR,Brazil,1987,1987,0,20,Beginning Stocks,2,(1000 60 KG BAGS),8427.0
0711100,"Coffee, Green",BR,Brazil,1987,1987,0,125,Domestic Consumption,2,(1000 60 KG BAGS),8000.0
0711100,"Coffee, Green",BR,Brazil,1987,1987,0,176,Ending Stocks,2,(1000 60 KG BAGS),19602.0
0711100,"Coffee, Green",BR,Brazil,1987,1987,0,88,Exports,2,(1000 60 KG BAGS),18825.0
0711100,"Coffee, Green",BR,Brazil,1987,1987,0,57,Imports,2,(1000 60 KG BAGS),0.0
0711100,"Coffee, Green",BR,Brazil,1987,1987,0,56,Other Production,2,(1000 60 KG BAGS),0.0
0711100,"Coffee, Green",BR,Brazil,1987,1987,0,28,Production,2,(1000 60 KG BAGS),38000.0
0711100,"Coffee, Green",BR,Brazil,1987,1987,0,107,Roast & Ground Exports,2,(1000 60 KG BAGS),0.0
0711100,"Coffee, Green",BR,Brazil,1987,1987,0,75,Roast & Ground Imports,2,(1000 60 KG BAGS),0.0
0711100,"Coffee, Green",BR,Brazil,1987,1987,0,53,Robusta Production,2,(1000 60 KG BAGS),3700.0
0711100,"Coffee, Green",BR,Brazil,1987,1987,0,141,"Rst,Ground Dom. Consum",2,(1000 60 KG BAGS),7650.0
0711100,"Coffee, Green",BR,Brazil,1987,1987,0,154,Soluble Dom. Cons.,2,(1000 60 KG BAGS),350.0
0711100,"Coffee, Green",BR,Brazil,1987,1987,0,114,Soluble Exports,2,(1000 60 KG BAGS),1600.0
0711100,"Coffee, Green",BR,Brazil,1987,1987,0,82,Soluble Imports,2,(1000 60 KG BAGS),0.0
0711100,"Coffee, Green",BR,Brazil,1987,1987,0,178,Total Distribution,2,(1000 60 KG BAGS),46427.0
0711100,"Coffee, Green",BR,Brazil,1987,1987,0,86,Total Supply,2,(1000 60 KG BAGS),46427.0
0711100,"Coffee, Green",BR,Brazil,1988,1988,0,29,Arabica Production,2,(1000 60 KG BAGS),21300.0
0711100,"Coffee, Green",BR,Brazil,1988,1988,0,90,Bean Exports,2,(1000 60 KG BAGS),15339.0
0711100,"Coffee, Green",BR,Brazil,1988,1988,0,58,Bean Imports,2,(1000 60 KG BAGS),0.0
0711100,"Coffee, Green",BR,Brazil,1988,1988,0,20,Beginning Stocks,2,(1000 60 KG BAGS),19602.0
0711100,"Coffee, Green",BR,Brazil,1988,1988,0,125,Domestic Consumption,2,(1000 60 KG BAGS),8000.0
0711100,"Coffee, Green",BR,Brazil,1988,1988,0,176,Ending Stocks,2,(1000 60 KG BAGS),19863.0
0711100,"Coffee, Green",BR,Brazil,1988,1988,0,88,Exports,2,(1000 60 KG BAGS),16739.0
0711100,"Coffee, Green",BR,Brazil,1988,1988,0,57,Imports,2,(1000 60 KG BAGS),0.0
0711100,"Coffee, Green",BR,Brazil,1988,1988,0,56,Other Production,2,(1000 60 KG BAGS),0.0
0711100,"Coffee, Green",BR,Brazil,1988,1988,0,28,Production,2,(1000 60 KG BAGS),25000.0
0711100,"Coffee, Green",BR,Brazil,1988,1988,0,107,Roast & Ground Exports,2,(1000 60 KG BAGS),0.0
0711100,"Coffee, Green",BR,Brazil,1988,1988,0,75,Roast & Ground Imports,2,(1000 60 KG BAGS),0.0
0711100,"Coffee, Green",BR,Brazil,1988,1988,0,53,Robusta Production,2,(1000 60 KG BAGS),3700.0
0711100,"Coffee, Green",BR,Brazil,1988,1988,0,141,"Rst,Ground Dom. Consum",2,(1000 60 KG BAGS),7650.0
0711100,"Coffee, Green",BR,Brazil,1988,1988,0,154,Soluble Dom. Cons.,2,(1000 60 KG BAGS),350.0
0711100,"Coffee, Green",BR,Brazil,1988,1988,0,114,Soluble Exports,2,(1000 60 KG BAGS),1400.0
0711100,"Coffee, Green",BR,Brazil,1988,1988,0,82,Soluble Imports,2,(1000 60 KG BAGS),0.0
0711100,"Coffee, Green",BR,Brazil,1988,1988,0,178,Total Distribution,2,(1000 60 KG BAGS),44602.0
0711100,"Coffee, Green",BR,Brazil,1988,1988,0,86,Total Supply,2,(1000 60 KG BAGS),44602.0
0711100,"Coffee, Green",BR,Brazil,1989,1989,0,29,Arabica Production,2,(1000 60 KG BAGS),22500.0
0711100,"Coffee, Green",BR,Brazil,1989,1989,0,90,Bean Exports,2,(1000 60 KG BAGS),16330.0
0711100,"Coffee, Green",BR,Brazil,1989,1989,0,58,Bean Imports,2,(1000 60 KG BAGS),0.0
0711100,"Coffee, Green",BR,Brazil,1989,1989,0,20,Beginning Stocks,2,(1000 60 KG BAGS),19863.0
0711100,"Coffee, Green",BR,Brazil,1989,1989,0,125,Domestic Consumption,2,(1000 60 KG BAGS),8000.0
0711100,"Coffee, Green",BR,Brazil,1989,1989,0,176,Ending Stocks,2,(1000 60 KG BAGS),19533.0
0711100,"Coffee, Green",BR,Brazil,1989,1989,0,88,Exports,2,(1000 60 KG BAGS),18330.0
0711100,"Coffee, Green",BR,Brazil,1989,1989,0,57,Imports,2,(1000 60 KG BAGS),0.0
0711100,"Coffee, Green",BR,Brazil,1989,1989,0,56,Other Production,2,(1000 60 KG BAGS),0.0
0711100,"Coffee, Green",BR,Brazil,1989,1989,0,28,Production,2,(1000 60 KG BAGS),26000.0
0711100,"Coffee, Green",BR,Brazil,1989,1989,0,107,Roast & Ground Exports,2,(1000 60 KG BAGS),0.0
0711100,"Coffee, Green",BR,Brazil,1989,1989,0,75,Roast & Ground Imports,2,(1000 60 KG BAGS),0.0
0711100,"Coffee, Green",BR,Brazil,1989,1989,0,53,Robusta Production,2,(1000 60 KG BAGS),3500.0
0711100,"Coffee, Green",BR,Brazil,1989,1989,0,141,"Rst,Ground Dom. Consum",2,(1000 60 KG BAGS),7650.0
0711100,"Coffee, Green",BR,Brazil,1989,1989,0,154,Soluble Dom. Cons.,2,(1000 60 KG BAGS),350.0
0711100,"Coffee, Green",BR,Brazil,1989,1989,0,114,Soluble Exports,2,(1000 60 KG BAGS),2000.0
0711100,"Coffee, Green",BR,Brazil,1989,1989,0,82,Soluble Imports,2,(1000 60 KG BAGS),0.0
0711100,"Coffee, Green",BR,Brazil,1989,1989,0,178,Total Distribution,2,(1000 60 KG BAGS),45863.0
0711100,"Coffee, Green",BR,Brazil,1989,1989,0,86,Total Supply,2,(1000 60 KG BAGS),45863.0
0711100,"Coffee, Green",BR,Brazil,1990,1990,0,29,Arabica Production,2,(1000 60 KG BAGS),26500.0
0711100,"Coffee, Green",BR,Brazil,1990,1990,0,90,Bean Exports,2,(1000 60 KG BAGS),17040.0
0711100,"Coffee, Green",BR,Brazil,1990,1990,0,58,Bean Imports,2,(1000 60 KG BAGS),0.0
0711100,"Coffee, Green",BR,Brazil,1990,1990,0,20,Beginning Stocks,2,(1000 60 KG BAGS),19533.0
0711100,"Coffee, Green",BR,Brazil,1990,1990,0,125,Domestic Consumption,2,(1000 60 KG BAGS),9000.0
0711100,"Coffee, Green",BR,Brazil,1990,1990,0,176,Ending Stocks,2,(1000 60 KG BAGS),22693.0
0711100,"Coffee, Green",BR,Brazil,1990,1990,0,88,Exports,2,(1000 60 KG BAGS),18840.0
0711100,"Coffee, Green",BR,Brazil,1990,1990,0,57,Imports,2,(1000 60 KG BAGS),0.0
0711100,"Coffee, Green",BR,Brazil,1990,1990,0,56,Other Production,2,(1000 60 KG BAGS),0.0
0711100,"Coffee, Green",BR,Brazil,1990,1990,0,28,Production,2,(1000 60 KG BAGS),31000.0
0711100,"Coffee, Green",BR,Brazil,1990,1990,0,107,Roast & Ground Exports,2,(1000 60 KG BAGS),0.0
0711100,"Coffee, Green",BR,Brazil,1990,1990,0,75,Roast & Ground Imports,2,(1000 60 KG BAGS),0.0
0711100,"Coffee, Green",BR,Brazil,1990,1990,0,53,Robusta Production,2,(1000 60 KG BAGS),4500.0
0711100,"Coffee, Green",BR,Brazil,1990,1990,0,141,"Rst,Ground Dom. Consum",2,(1000 60 KG BAGS),8600.0
0711100,"Coffee, Green",BR,Brazil,1990,1990,0,154,Soluble Dom. Cons.,2,(1000 60 KG BAGS),400.0
0711100,"Coffee, Green",BR,Brazil,1990,1990,0,114,Soluble Exports,2,(1000 60 KG BAGS),1800.0
0711100,"Coffee, Green",BR,Brazil,1990,1990,0,82,Soluble Imports,2,(1000 60 KG BAGS),0.0
0711100,"Coffee, Green",BR,Brazil,1990,1990,0,178,Total Distribution,2,(1000 60 KG BAGS),50533.0
0711100,"Coffee, Green",BR,Brazil,1990,1990,0,86,Total Supply,2,(1000 60 KG BAGS),50533.0
0711100,"Coffee, Green",BR,Brazil,1991,1991,0,29,Arabica Production,2,(1000 60 KG BAGS),24000.0
0711100,"Coffee, Green",BR,Brazil,1991,1991,0,90,Bean Exports,2,(1000 60 KG BAGS),20176.0
0711100,"Coffee, Green",BR,Brazil,1991,1991,0,58,Bean Imports,2,(1000 60 KG BAGS),0.0
0711100,"Coffee, Green",BR,Brazil,1991,1991,0,20,Beginning Stocks,2,(1000 60 KG BAGS),22693.0
0711100,"Coffee, Green",BR,Brazil,1991,1991,0,125,Domestic Consumption,2,(1000 60 KG BAGS),9000.0
0711100,"Coffee, Green",BR,Brazil,1991,1991,0,176,Ending Stocks,2,(1000 60 KG BAGS),20322.0
0711100,"Coffee, Green",BR,Brazil,1991,1991,0,88,Exports,2,(1000 60 KG BAGS),21871.0
0711100,"Coffee, Green",BR,Brazil,1991,1991,0,57,Imports,2,(1000 60 KG BAGS),0.0
0711100,"Coffee, Green",BR,Brazil,1991,1991,0,56,Other Production,2,(1000 60 KG BAGS),0.0
0711100,"Coffee, Green",BR,Brazil,1991,1991,0,28,Production,2,(1000 60 KG BAGS),28500.0
0711100,"Coffee, Green",BR,Brazil,1991,1991,0,107,Roast & Ground Exports,2,(1000 60 KG BAGS),0.0
0711100,"Coffee, Green",BR,Brazil,1991,1991,0,75,Roast & Ground Imports,2,(1000 60 KG BAGS),0.0
0711100,"Coffee, Green",BR,Brazil,1991,1991,0,53,Robusta Production,2,(1000 60 KG BAGS),4500.0
0711100,"Coffee, Green",BR,Brazil,1991,1991,0,141,"Rst,Ground Dom. Consum",2,(1000 60 KG BAGS),8600.0
0711100,"Coffee, Green",BR,Brazil,1991,1991,0,154,Soluble Dom. Cons.,2,(1000 60 KG BAGS),400.0
0711100,"Coffee, Green",BR,Brazil,1991,1991,0,114,Soluble Exports,2,(1000 60 KG BAGS),1695.0
0711100,"Coffee, Green",BR,Brazil,1991,1991,0,82,Soluble Imports,2,(1000 60 KG BAGS),0.0
0711100,"Coffee, Green",BR,Brazil,1991,1991,0,178,Total Distribution,2,(1000 60 KG BAGS),51193.0
0711100,"Coffee, Green",BR,Brazil,1991,1991,0,86,Total Supply,2,(1000 60 KG BAGS),51193.0
0711100,"Coffee, Green",BR,Brazil,1992,1992,0,29,Arabica Production,2,(1000 60 KG BAGS),19200.0
0711100,"Coffee, Green",BR,Brazil,1992,1992,0,90,Bean Exports,2,(1000 60 KG BAGS),13251.0
0711100,"Coffee, Green",BR,Brazil,1992,1992,0,58,Bean Imports,2,(1000 60 KG BAGS),0.0
0711100,"Coffee, Green",BR,Brazil,1992,1992,0,20,Beginning Stocks,2,(1000 60 KG BAGS),20322.0
0711100,"Coffee, Green",BR,Brazil,1992,1992,0,125,Domestic Consumption,2,(1000 60 KG BAGS),8500.0
0711100,"Coffee, Green",BR,Brazil,1992,1992,0,176,Ending Stocks,2,(1000 60 KG BAGS),19926.0
0711100,"Coffee, Green",BR,Brazil,1992,1992,0,88,Exports,2,(1000 60 KG BAGS),15896.0
0711100,"Coffee, Green",BR,Brazil,1992,1992,0,57,Imports,2,(1000 60 KG BAGS),0.0
0711100,"Coffee, Green",BR,Brazil,1992,1992,0,56,Other Production,2,(1000 60 KG BAGS),0.0
0711100,"Coffee, Green",BR,Brazil,1992,1992,0,28,Production,2,(1000 60 KG BAGS),24000.0
0711100,"Coffee, Green",BR,Brazil,1992,1992,0,107,Roast & Ground Exports,2,(1000 60 KG BAGS),0.0
0711100,"Coffee, Green",BR,Brazil,1992,1992,0,75,Roast & Ground Imports,2,(1000 60 KG BAGS),0.0
0711100,"Coffee, Green",BR,Brazil,1992,1992,0,53,Robusta Production,2,(1000 60 KG BAGS),4800.0
0711100,"Coffee, Green",BR,Brazil,1992,1992,0,141,"Rst,Ground Dom. Consum",2,(1000 60 KG BAGS),8100.0
0711100,"Coffee, Green",BR,Brazil,1992,1992,0,154,Soluble Dom. Cons.,2,(1000 60 KG BAGS),400.0
0711100,"Coffee, Green",BR,Brazil,1992,1992,0,114,Soluble Exports,2,(1000 60 KG BAGS),2645.0
0711100,"Coffee, Green",BR,Brazil,1992,1992,0,82,Soluble Imports,2,(1000 60 KG BAGS),0.0
0711100,"Coffee, Green",BR,Brazil,1992,1992,0,178,Total Distribution,2,(1000 60 KG BAGS),44322.0
0711100,"Coffee, Green",BR,Brazil,1992,1992,0,86,Total Supply,2,(1000 60 KG BAGS),44322.0
0711100,"Coffee, Green",BR,Brazil,1993,1993,0,29,Arabica Production,2,(1000 60 KG BAGS),24000.0
0711100,"Coffee, Green",BR,Brazil,1993,1993,0,90,Bean Exports,2,(1000 60 KG BAGS),15541.0
0711100,"Coffee, Green",BR,Brazil,1993,1993,0,58,Bean Imports,2,(1000 60 KG BAGS),0.0
0711100,"Coffee, Green",BR,Brazil,1993,1993,0,20,Beginning Stocks,2,(1000 60 KG BAGS),19926.0
0711100,"Coffee, Green",BR,Brazil,1993,1993,0,125,Domestic Consumption,2,(1000 60 KG BAGS),9400.0
0711100,"Coffee, Green",BR,Brazil,1993,1993,0,176,Ending Stocks,2,(1000 60 KG BAGS),20604.0
0711100,"Coffee, Green",BR,Brazil,1993,1993,0,88,Exports,2,(1000 60 KG BAGS),18422.0
0711100,"Coffee, Green",BR,Brazil,1993,1993,0,57,Imports,2,(1000 60 KG BAGS),0.0
0711100,"Coffee, Green",BR,Brazil,1993,1993,0,56,Other Production,2,(1000 60 KG BAGS),0.0
0711100,"Coffee, Green",BR,Brazil,1993,1993,0,28,Production,2,(1000 60 KG BAGS),28500.0
0711100,"Coffee, Green",BR,Brazil,1993,1993,0,107,Roast & Ground Exports,2,(1000 60 KG BAGS),0.0
0711100,"Coffee, Green",BR,Brazil,1993,1993,0,75,Roast & Ground Imports,2,(1000 60 KG BAGS),0.0
0711100,"Coffee, Green",BR,Brazil,1993,1993,0,53,Robusta Production,2,(1000 60 KG BAGS),4500.0
0711100,"Coffee, Green",BR,Brazil,1993,1993,0,141,"Rst,Ground Dom. Consum",2,(1000 60 KG BAGS),8900.0
0711100,"Coffee, Green",BR,Brazil,1993,1993,0,154,Soluble Dom. Cons.,2,(1000 60 KG BAGS),500.0
0711100,"Coffee, Green",BR,Brazil,1993,1993,0,114,Soluble Exports,2,(1000 60 KG BAGS),2881.0
0711100,"Coffee, Green",BR,Brazil,1993,1993,0,82,Soluble Imports,2,(1000 60 KG BAGS),0.0
0711100,"Coffee, Green",BR,Brazil,1993,1993,0,178,Total Distribution,2,(1000 60 KG BAGS),48426.0
0711100,"Coffee, Green",BR,Brazil,1993,1993,0,86,Total Supply,2,(1000 60 KG BAGS),48426.0
0711100,"Coffee, Green",BR,Brazil,1994,1994,0,29,Arabica Production,2,(1000 60 KG BAGS),24500.0
0711100,"Coffee, Green",BR,Brazil,1994,1994,0,90,Bean Exports,2,(1000 60 KG BAGS),14392.0
0711100,"Coffee, Green",BR,Brazil,1994,1994,0,58,Bean Imports,2,(1000 60 KG BAGS),0.0
0711100,"Coffee, Green",BR,Brazil,1994,1994,0,20,Beginning Stocks,2,(1000 60 KG BAGS),20604.0
0711100,"Coffee, Green",BR,Brazil,1994,1994,0,125,Domestic Consumption,2,(1000 60 KG BAGS),9700.0
0711100,"Coffee, Green",BR,Brazil,1994,1994,0,176,Ending Stocks,2,(1000 60 KG BAGS),22026.0
0711100,"Coffee, Green",BR,Brazil,1994,1994,0,88,Exports,2,(1000 60 KG BAGS),16878.0
0711100,"Coffee, Green",BR,Brazil,1994,1994,0,57,Imports,2,(1000 60 KG BAGS),0.0
0711100,"Coffee, Green",BR,Brazil,1994,1994,0,56,Other Production,2,(1000 60 KG BAGS),0.0
0711100,"Coffee, Green",BR,Brazil,1994,1994,0,28,Production,2,(1000 60 KG BAGS),28000.0
0711100,"Coffee, Green",BR,Brazil,1994,1994,0,107,Roast & Ground Exports,2,(1000 60 KG BAGS),0.0
0711100,"Coffee, Green",BR,Brazil,1994,1994,0,75,Roast & Ground Imports,2,(1000 60 KG BAGS),0.0
0711100,"Coffee, Green",BR,Brazil,1994,1994,0,53,Robusta Production,2,(1000 60 KG BAGS),3500.0
0711100,"Coffee, Green",BR,Brazil,1994,1994,0,141,"Rst,Ground Dom. Consum",2,(1000 60 KG BAGS),9200.0
0711100,"Coffee, Green",BR,Brazil,1994,1994,0,154,Soluble Dom. Cons.,2,(1000 60 KG BAGS),500.0
0711100,"Coffee, Green",BR,Brazil,1994,1994,0,114,Soluble Exports,2,(1000 60 KG BAGS),2486.0
0711100,"Coffee, Green",BR,Brazil,1994,1994,0,82,Soluble Imports,2,(1000 60 KG BAGS),0.0
0711100,"Coffee, Green",BR,Brazil,1994,1994,0,178,Total Distribution,2,(1000 60 KG BAGS),48604.0
0711100,"Coffee, Green",BR,Brazil,1994,1994,0,86,Total Supply,2,(1000 60 KG BAGS),48604.0
0711100,"Coffee, Green",BR,Brazil,1995,1995,0,29,Arabica Production,2,(1000 60 KG BAGS),14000.0
0711100,"Coffee, Green",BR,Brazil,1995,1995,0,90,Bean Exports,2,(1000 60 KG BAGS),9650.0
0711100,"Coffee, Green",BR,Brazil,1995,1995,0,58,Bean Imports,2,(1000 60 KG BAGS),4.0
0711100,"Coffee, Green",BR,Brazil,1995,1995,0,20,Beginning Stocks,2,(1000 60 KG BAGS),22026.0
0711100,"Coffee, Green",BR,Brazil,1995,1995,0,125,Domestic Consumption,2,(1000 60 KG BAGS),10500.0
0711100,"Coffee, Green",BR,Brazil,1995,1995,0,176,Ending Stocks,2,(1000 60 KG BAGS),16000.0
0711100,"Coffee, Green",BR,Brazil,1995,1995,0,88,Exports,2,(1000 60 KG BAGS),12330.0
0711100,"Coffee, Green",BR,Brazil,1995,1995,0,57,Imports,2,(1000 60 KG BAGS),4.0
0711100,"Coffee, Green",BR,Brazil,1995,1995,0,56,Other Production,2,(1000 60 KG BAGS),0.0
0711100,"Coffee, Green",BR,Brazil,1995,1995,0,28,Production,2,(1000 60 KG BAGS),16800.0
0711100,"Coffee, Green",BR,Brazil,1995,1995,0,107,Roast & Ground Exports,2,(1000 60 KG BAGS),10.0
0711100,"Coffee, Green",BR,Brazil,1995,1995,0,75,Roast & Ground Imports,2,(1000 60 KG BAGS),0.0
0711100,"Coffee, Green",BR,Brazil,1995,1995,0,53,Robusta Production,2,(1000 60 KG BAGS),2800.0
0711100,"Coffee, Green",BR,Brazil,1995,1995,0,141,"Rst,Ground Dom. Consum",2,(1000 60 KG BAGS),10000.0
0711100,"Coffee, Green",BR,Brazil,1995,1995,0,154,Soluble Dom. Cons.,2,(1000 60 KG BAGS),500.0
0711100,"Coffee, Green",BR,Brazil,1995,1995,0,114,Soluble Exports,2,(1000 60 KG BAGS),2670.0
0711100,"Coffee, Green",BR,Brazil,1995,1995,0,82,Soluble Imports,2,(1000 60 KG BAGS),0.0
0711100,"Coffee, Green",BR,Brazil,1995,1995,0,178,Total Distribution,2,(1000 60 KG BAGS),38830.0
0711100,"Coffee, Green",BR,Brazil,1995,1995,0,86,Total Supply,2,(1000 60 KG BAGS),38830.0
0711100,"Coffee, Green",BR,Brazil,1996,1996,0,29,Arabica Production,2,(1000 60 KG BAGS),22700.0
0711100,"Coffee, Green",BR,Brazil,1996,1996,0,90,Bean Exports,2,(1000 60 KG BAGS),16590.0
0711100,"Coffee, Green",BR,Brazil,1996,1996,0,58,Bean Imports,2,(1000 60 KG BAGS),12.0
0711100,"Coffee, Green",BR,Brazil,1996,1996,0,20,Beginning Stocks,2,(1000 60 KG BAGS),16000.0
0711100,"Coffee, Green",BR,Brazil,1996,1996,0,125,Domestic Consumption,2,(1000 60 KG BAGS),11000.0
0711100,"Coffee, Green",BR,Brazil,1996,1996,0,176,Ending Stocks,2,(1000 60 KG BAGS),14128.0
0711100,"Coffee, Green",BR,Brazil,1996,1996,0,88,Exports,2,(1000 60 KG BAGS),18885.0
0711100,"Coffee, Green",BR,Brazil,1996,1996,0,57,Imports,2,(1000 60 KG BAGS),13.0
0711100,"Coffee, Green",BR,Brazil,1996,1996,0,56,Other Production,2,(1000 60 KG BAGS),0.0
0711100,"Coffee, Green",BR,Brazil,1996,1996,0,28,Production,2,(1000 60 KG BAGS),28000.0
0711100,"Coffee, Green",BR,Brazil,1996,1996,0,107,Roast & Ground Exports,2,(1000 60 KG BAGS),5.0
0711100,"Coffee, Green",BR,Brazil,1996,1996,0,75,Roast & Ground Imports,2,(1000 60 KG BAGS),1.0
0711100,"Coffee, Green",BR,Brazil,1996,1996,0,53,Robusta Production,2,(1000 60 KG BAGS),5300.0
0711100,"Coffee, Green",BR,Brazil,1996,1996,0,141,"Rst,Ground Dom. Consum",2,(1000 60 KG BAGS),10500.0
0711100,"Coffee, Green",BR,Brazil,1996,1996,0,154,Soluble Dom. Cons.,2,(1000 60 KG BAGS),500.0
0711100,"Coffee, Green",BR,Brazil,1996,1996,0,114,Soluble Exports,2,(1000 60 KG BAGS),2290.0
0711100,"Coffee, Green",BR,Brazil,1996,1996,0,82,Soluble Imports,2,(1000 60 KG BAGS),0.0
0711100,"Coffee, Green",BR,Brazil,1996,1996,0,178,Total Distribution,2,(1000 60 KG BAGS),44013.0
0711100,"Coffee, Green",BR,Brazil,1996,1996,0,86,Total Supply,2,(1000 60 KG BAGS),44013.0
0711100,"Coffee, Green",BR,Brazil,1997,1997,0,29,Arabica Production,2,(1000 60 KG BAGS),19200.0
0711100,"Coffee, Green",BR,Brazil,1997,1997,0,90,Bean Exports,2,(1000 60 KG BAGS),12700.0
0711100,"Coffee, Green",BR,Brazil,1997,1997,0,58,Bean Imports,2,(1000 60 KG BAGS),0.0
0711100,"Coffee, Green",BR,Brazil,1997,1997,0,20,Beginning Stocks,2,(1000 60 KG BAGS),14128.0
0711100,"Coffee, Green",BR,Brazil,1997,1997,0,125,Domestic Consumption,2,(1000 60 KG BAGS),11500.0
0711100,"Coffee, Green",BR,Brazil,1997,1997,0,176,Ending Stocks,2,(1000 60 KG BAGS),11278.0
0711100,"Coffee, Green",BR,Brazil,1997,1997,0,88,Exports,2,(1000 60 KG BAGS),14850.0
0711100,"Coffee, Green",BR,Brazil,1997,1997,0,57,Imports,2,(1000 60 KG BAGS),0.0
0711100,"Coffee, Green",BR,Brazil,1997,1997,0,56,Other Production,2,(1000 60 KG BAGS),0.0
0711100,"Coffee, Green",BR,Brazil,1997,1997,0,28,Production,2,(1000 60 KG BAGS),23500.0
0711100,"Coffee, Green",BR,Brazil,1997,1997,0,107,Roast & Ground Exports,2,(1000 60 KG BAGS),3.0
0711100,"Coffee, Green",BR,Brazil,1997,1997,0,75,Roast & Ground Imports,2,(1000 60 KG BAGS),0.0
0711100,"Coffee, Green",BR,Brazil,1997,1997,0,53,Robusta Production,2,(1000 60 KG BAGS),4300.0
0711100,"Coffee, Green",BR,Brazil,1997,1997,0,141,"Rst,Ground Dom. Consum",2,(1000 60 KG BAGS),11000.0
0711100,"Coffee, Green",BR,Brazil,1997,1997,0,154,Soluble Dom. Cons.,2,(1000 60 KG BAGS),500.0
0711100,"Coffee, Green",BR,Brazil,1997,1997,0,114,Soluble Exports,2,(1000 60 KG BAGS),2147.0
0711100,"Coffee, Green",BR,Brazil,1997,1997,0,82,Soluble Imports,2,(1000 60 KG BAGS),0.0
0711100,"Coffee, Green",BR,Brazil,1997,1997,0,178,Total Distribution,2,(1000 60 KG BAGS),37628.0
0711100,"Coffee, Green",BR,Brazil,1997,1997,0,86,Total Supply,2,(1000 60 KG BAGS),37628.0
0711100,"Coffee, Green",BR,Brazil,1998,1998,0,29,Arabica Production,2,(1000 60 KG BAGS),30600.0
0711100,"Coffee, Green",BR,Brazil,1998,1998,0,90,Bean Exports,2,(1000 60 KG BAGS),21200.0
0711100,"Coffee, Green",BR,Brazil,1998,1998,0,58,Bean Imports,2,(1000 60 KG BAGS),0.0
0711100,"Coffee, Green",BR,Brazil,1998,1998,0,20,Beginning Stocks,2,(1000 60 KG BAGS),11278.0
0711100,"Coffee, Green",BR,Brazil,1998,1998,0,125,Domestic Consumption,2,(1000 60 KG BAGS),12500.0
0711100,"Coffee, Green",BR,Brazil,1998,1998,0,176,Ending Stocks,2,(1000 60 KG BAGS),11470.0
0711100,"Coffee, Green",BR,Brazil,1998,1998,0,88,Exports,2,(1000 60 KG BAGS),22908.0
0711100,"Coffee, Green",BR,Brazil,1998,1998,0,57,Imports,2,(1000 60 KG BAGS),0.0
0711100,"Coffee, Green",BR,Brazil,1998,1998,0,56,Other Production,2,(1000 60 KG BAGS),0.0
0711100,"Coffee, Green",BR,Brazil,1998,1998,0,28,Production,2,(1000 60 KG BAGS),35600.0
0711100,"Coffee, Green",BR,Brazil,1998,1998,0,107,Roast & Ground Exports,2,(1000 60 KG BAGS),8.0
0711100,"Coffee, Green",BR,Brazil,1998,1998,0,75,Roast & Ground Imports,2,(1000 60 KG BAGS),0.0
0711100,"Coffee, Green",BR,Brazil,1998,1998,0,53,Robusta Production,2,(1000 60 KG BAGS),5000.0
0711100,"Coffee, Green",BR,Brazil,1998,1998,0,141,"Rst,Ground Dom. Consum",2,(1000 60 KG BAGS),12000.0
0711100,"Coffee, Green",BR,Brazil,1998,1998,0,154,Soluble Dom. Cons.,2,(1000 60 KG BAGS),500.0
0711100,"Coffee, Green",BR,Brazil,1998,1998,0,114,Soluble Exports,2,(1000 60 KG BAGS),1700.0
0711100,"Coffee, Green",BR,Brazil,1998,1998,0,82,Soluble Imports,2,(1000 60 KG BAGS),0.0
0711100,"Coffee, Green",BR,Brazil,1998,1998,0,178,Total Distribution,2,(1000 60 KG BAGS),46878.0
0711100,"Coffee, Green",BR,Brazil,1998,1998,0,86,Total Supply,2,(1000 60 KG BAGS),46878.0
0711100,"Coffee, Green",BR,Brazil,1999,1999,0,29,Arabica Production,2,(1000 60 KG BAGS),25800.0
0711100,"Coffee, Green",BR,Brazil,1999,1999,0,90,Bean Exports,2,(1000 60 KG BAGS),18140.0
0711100,"Coffee, Green",BR,Brazil,1999,1999,0,58,Bean Imports,2,(1000 60 KG BAGS),0.0
0711100,"Coffee, Green",BR,Brazil,1999,1999,0,20,Beginning Stocks,2,(1000 60 KG BAGS),11470.0
0711100,"Coffee, Green",BR,Brazil,1999,1999,0,125,Domestic Consumption,2,(1000 60 KG BAGS),12800.0
0711100,"Coffee, Green",BR,Brazil,1999,1999,0,176,Ending Stocks,2,(1000 60 KG BAGS),9306.0
0711100,"Coffee, Green",BR,Brazil,1999,1999,0,88,Exports,2,(1000 60 KG BAGS),20164.0
0711100,"Coffee, Green",BR,Brazil,1999,1999,0,57,Imports,2,(1000 60 KG BAGS),0.0
0711100,"Coffee, Green",BR,Brazil,1999,1999,0,56,Other Production,2,(1000 60 KG BAGS),0.0
0711100,"Coffee, Green",BR,Brazil,1999,1999,0,28,Production,2,(1000 60 KG BAGS),30800.0
0711100,"Coffee, Green",BR,Brazil,1999,1999,0,107,Roast & Ground Exports,2,(1000 60 KG BAGS),14.0
0711100,"Coffee, Green",BR,Brazil,1999,1999,0,75,Roast & Ground Imports,2,(1000 60 KG BAGS),0.0
0711100,"Coffee, Green",BR,Brazil,1999,1999,0,53,Robusta Production,2,(1000 60 KG BAGS),5000.0
0711100,"Coffee, Green",BR,Brazil,1999,1999,0,141,"Rst,Ground Dom. Consum",2,(1000 60 KG BAGS),12300.0
0711100,"Coffee, Green",BR,Brazil,1999,1999,0,154,Soluble Dom. Cons.,2,(1000 60 KG BAGS),500.0
0711100,"Coffee, Green",BR,Brazil,1999,1999,0,114,Soluble Exports,2,(1000 60 KG BAGS),2010.0
0711100,"Coffee, Green",BR,Brazil,1999,1999,0,82,Soluble Imports,2,(1000 60 KG BAGS),0.0
0711100,"Coffee, Green",BR,Brazil,1999,1999,0,178,Total Distribution,2,(1000 60 KG BAGS),42270.0
0711100,"Coffee, Green",BR,Brazil,1999,1999,0,86,Total Supply,2,(1000 60 KG BAGS),42270.0
0711100,"Coffee, Green",BR,Brazil,2000,2000,0,29,Arabica Production,2,(1000 60 KG BAGS),26600.0
0711100,"Coffee, Green",BR,Brazil,2000,2000,0,90,Bean Exports,2,(1000 60 KG BAGS),17290.0
0711100,"Coffee, Green",BR,Brazil,2000,2000,0,58,Bean Imports,2,(1000 60 KG BAGS),0.0
0711100,"Coffee, Green",BR,Brazil,2000,2000,0,20,Beginning Stocks,2,(1000 60 KG BAGS),9306.0
0711100,"Coffee, Green",BR,Brazil,2000,2000,0,125,Domestic Consumption,2,(1000 60 KG BAGS),13100.0
0711100,"Coffee, Green",BR,Brazil,2000,2000,0,176,Ending Stocks,2,(1000 60 KG BAGS),10630.0
0711100,"Coffee, Green",BR,Brazil,2000,2000,0,88,Exports,2,(1000 60 KG BAGS),19676.0
0711100,"Coffee, Green",BR,Brazil,2000,2000,0,57,Imports,2,(1000 60 KG BAGS),0.0
0711100,"Coffee, Green",BR,Brazil,2000,2000,0,56,Other Production,2,(1000 60 KG BAGS),0.0
0711100,"Coffee, Green",BR,Brazil,2000,2000,0,28,Production,2,(1000 60 KG BAGS),34100.0
0711100,"Coffee, Green",BR,Brazil,2000,2000,0,107,Roast & Ground Exports,2,(1000 60 KG BAGS),21.0
0711100,"Coffee, Green",BR,Brazil,2000,2000,0,75,Roast & Ground Imports,2,(1000 60 KG BAGS),0.0
0711100,"Coffee, Green",BR,Brazil,2000,2000,0,53,Robusta Production,2,(1000 60 KG BAGS),7500.0
0711100,"Coffee, Green",BR,Brazil,2000,2000,0,141,"Rst,Ground Dom. Consum",2,(1000 60 KG BAGS),12600.0
0711100,"Coffee, Green",BR,Brazil,2000,2000,0,154,Soluble Dom. Cons.,2,(1000 60 KG BAGS),500.0
0711100,"Coffee, Green",BR,Brazil,2000,2000,0,114,Soluble Exports,2,(1000 60 KG BAGS),2365.0
0711100,"Coffee, Green",BR,Brazil,2000,2000,0,82,Soluble Imports,2,(1000 60 KG BAGS),0.0
0711100,"Coffee, Green",BR,Brazil,2000,2000,0,178,Total Distribution,2,(1000 60 KG BAGS),43406.0
0711100,"Coffee, Green",BR,Brazil,2000,2000,0,86,Total Supply,2,(1000 60 KG BAGS),43406.0
0711100,"Coffee, Green",BR,Brazil,2001,2001,0,29,Arabica Production,2,(1000 60 KG BAGS),24400.0
0711100,"Coffee, Green",BR,Brazil,2001,2001,0,90,Bean Exports,2,(1000 60 KG BAGS),22245.0
0711100,"Coffee, Green",BR,Brazil,2001,2001,0,58,Bean Imports,2,(1000 60 KG BAGS),0.0
0711100,"Coffee, Green",BR,Brazil,2001,2001,0,20,Beginning Stocks,2,(1000 60 KG BAGS),10630.0
0711100,"Coffee, Green",BR,Brazil,2001,2001,0,125,Domestic Consumption,2,(1000 60 KG BAGS),13700.0
0711100,"Coffee, Green",BR,Brazil,2001,2001,0,176,Ending Stocks,2,(1000 60 KG BAGS),7235.0
0711100,"Coffee, Green",BR,Brazil,2001,2001,0,88,Exports,2,(1000 60 KG BAGS),24795.0
0711100,"Coffee, Green",BR,Brazil,2001,2001,0,57,Imports,2,(1000 60 KG BAGS),0.0
0711100,"Coffee, Green",BR,Brazil,2001,2001,0,56,Other Production,2,(1000 60 KG BAGS),0.0
0711100,"Coffee, Green",BR,Brazil,2001,2001,0,28,Production,2,(1000 60 KG BAGS),35100.0
0711100,"Coffee, Green",BR,Brazil,2001,2001,0,107,Roast & Ground Exports,2,(1000 60 KG BAGS),75.0
0711100,"Coffee, Green",BR,Brazil,2001,2001,0,75,Roast & Ground Imports,2,(1000 60 KG BAGS),0.0
0711100,"Coffee, Green",BR,Brazil,2001,2001,0,53,Robusta Production,2,(1000 60 KG BAGS),10700.0
0711100,"Coffee, Green",BR,Brazil,2001,2001,0,141,"Rst,Ground Dom. Consum",2,(1000 60 KG BAGS),13000.0
0711100,"Coffee, Green",BR,Brazil,2001,2001,0,154,Soluble Dom. Cons.,2,(1000 60 KG BAGS),700.0
0711100,"Coffee, Green",BR,Brazil,2001,2001,0,114,Soluble Exports,2,(1000 60 KG BAGS),2475.0
0711100,"Coffee, Green",BR,Brazil,2001,2001,0,82,Soluble Imports,2,(1000 60 KG BAGS),0.0
0711100,"Coffee, Green",BR,Brazil,2001,2001,0,178,Total Distribution,2,(1000 60 KG BAGS),45730.0
0711100,"Coffee, Green",BR,Brazil,2001,2001,0,86,Total Supply,2,(1000 60 KG BAGS),45730.0
0711100,"Coffee, Green",BR,Brazil,2002,2010,6,29,Arabica Production,2,(1000 60 KG BAGS),41600.0
0711100,"Coffee, Green",BR,Brazil,2002,2010,6,90,Bean Exports,2,(1000 60 KG BAGS),26620.0
0711100,"Coffee, Green",BR,Brazil,2002,2010,6,58,Bean Imports,2,(1000 60 KG BAGS),0.0
0711100,"Coffee, Green",BR,Brazil,2002,2010,6,20,Beginning Stocks,2,(1000 60 KG BAGS),7235.0
0711100,"Coffee, Green",BR,Brazil,2002,2010,6,125,Domestic Consumption,2,(1000 60 KG BAGS),13500.0
0711100,"Coffee, Green",BR,Brazil,2002,2010,6,176,Ending Stocks,2,(1000 60 KG BAGS),17939.0
0711100,"Coffee, Green",BR,Brazil,2002,2010,6,88,Exports,2,(1000 60 KG BAGS),29396.0
0711100,"Coffee, Green",BR,Brazil,2002,2010,6,57,Imports,2,(1000 60 KG BAGS),0.0
0711100,"Coffee, Green",BR,Brazil,2002,2010,6,56,Other Production,2,(1000 60 KG BAGS),0.0
0711100,"Coffee, Green",BR,Brazil,2002,2010,6,28,Production,2,(1000 60 KG BAGS),53600.0
0711100,"Coffee, Green",BR,Brazil,2002,2010,6,107,Roast & Ground Exports,2,(1000 60 KG BAGS),66.0
0711100,"Coffee, Green",BR,Brazil,2002,2010,6,75,Roast & Ground Imports,2,(1000 60 KG BAGS),0.0
0711100,"Coffee, Green",BR,Brazil,2002,2010,6,53,Robusta Production,2,(1000 60 KG BAGS),12000.0
0711100,"Coffee, Green",BR,Brazil,2002,2010,6,141,"Rst,Ground Dom. Consum",2,(1000 60 KG BAGS),12700.0
0711100,"Coffee, Green",BR,Brazil,2002,2010,6,154,Soluble Dom. Cons.,2,(1000 60 KG BAGS),800.0
0711100,"Coffee, Green",BR,Brazil,2002,2010,6,114,Soluble Exports,2,(1000 60 KG BAGS),2710.0
0711100,"Coffee, Green",BR,Brazil,2002,2010,6,82,Soluble Imports,2,(1000 60 KG BAGS),0.0
0711100,"Coffee, Green",BR,Brazil,2002,2010,6,178,Total Distribution,2,(1000 60 KG BAGS),60835.0
0711100,"Coffee, Green",BR,Brazil,2002,2010,6,86,Total Supply,2,(1000 60 KG BAGS),60835.0
0711100,"Coffee, Green",BR,Brazil,2003,2010,6,29,Arabica Production,2,(1000 60 KG BAGS),23600.0
0711100,"Coffee, Green",BR,Brazil,2003,2010,6,90,Bean Exports,2,(1000 60 KG BAGS),21840.0
0711100,"Coffee, Green",BR,Brazil,2003,2010,6,58,Bean Imports,2,(1000 60 KG BAGS),0.0
0711100,"Coffee, Green",BR,Brazil,2003,2010,6,20,Beginning Stocks,2,(1000 60 KG BAGS),17939.0
0711100,"Coffee, Green",BR,Brazil,2003,2010,6,125,Domestic Consumption,2,(1000 60 KG BAGS),14400.0
0711100,"Coffee, Green",BR,Brazil,2003,2010,6,176,Ending Stocks,2,(1000 60 KG BAGS),11819.0
0711100,"Coffee, Green",BR,Brazil,2003,2010,6,88,Exports,2,(1000 60 KG BAGS),24920.0
0711100,"Coffee, Green",BR,Brazil,2003,2010,6,57,Imports,2,(1000 60 KG BAGS),0.0
0711100,"Coffee, Green",BR,Brazil,2003,2010,6,56,Other Production,2,(1000 60 KG BAGS),0.0
0711100,"Coffee, Green",BR,Brazil,2003,2010,6,28,Production,2,(1000 60 KG BAGS),33200.0
0711100,"Coffee, Green",BR,Brazil,2003,2010,6,107,Roast & Ground Exports,2,(1000 60 KG BAGS),50.0
0711100,"Coffee, Green",BR,Brazil,2003,2010,6,75,Roast & Ground Imports,2,(1000 60 KG BAGS),0.0
0711100,"Coffee, Green",BR,Brazil,2003,2010,6,53,Robusta Production,2,(1000 60 KG BAGS),9600.0
0711100,"Coffee, Green",BR,Brazil,2003,2010,6,141,"Rst,Ground Dom. Consum",2,(1000 60 KG BAGS),13600.0
0711100,"Coffee, Green",BR,Brazil,2003,2010,6,154,Soluble Dom. Cons.,2,(1000 60 KG BAGS),800.0
0711100,"Coffee, Green",BR,Brazil,2003,2010,6,114,Soluble Exports,2,(1000 60 KG BAGS),3030.0
0711100,"Coffee, Green",BR,Brazil,2003,2010,6,82,Soluble Imports,2,(1000 60 KG BAGS),0.0
0711100,"Coffee, Green",BR,Brazil,2003,2010,6,178,Total Distribution,2,(1000 60 KG BAGS),51139.0
0711100,"Coffee, Green",BR,Brazil,2003,2010,6,86,Total Supply,2,(1000 60 KG BAGS),51139.0
0711100,"Coffee, Green",BR,Brazil,2004,2006,6,29,Arabica Production,2,(1000 60 KG BAGS),34300.0
0711100,"Coffee, Green",BR,Brazil,2004,2006,6,90,Bean Exports,2,(1000 60 KG BAGS),24505.0
0711100,"Coffee, Green",BR,Brazil,2004,2006,6,58,Bean Imports,2,(1000 60 KG BAGS),0.0
0711100,"Coffee, Green",BR,Brazil,2004,2006,6,20,Beginning Stocks,2,(1000 60 KG BAGS),11819.0
0711100,"Coffee, Green",BR,Brazil,2004,2006,6,125,Domestic Consumption,2,(1000 60 KG BAGS),15500.0
0711100,"Coffee, Green",BR,Brazil,2004,2006,6,176,Ending Stocks,2,(1000 60 KG BAGS),11999.0
0711100,"Coffee, Green",BR,Brazil,2004,2006,6,88,Exports,2,(1000 60 KG BAGS),27920.0
0711100,"Coffee, Green",BR,Brazil,2004,2006,6,57,Imports,2,(1000 60 KG BAGS),0.0
0711100,"Coffee, Green",BR,Brazil,2004,2006,6,56,Other Production,2,(1000 60 KG BAGS),0.0
0711100,"Coffee, Green",BR,Brazil,2004,2006,6,28,Production,2,(1000 60 KG BAGS),43600.0
0711100,"Coffee, Green",BR,Brazil,2004,2006,6,107,Roast & Ground Exports,2,(1000 60 KG BAGS),45.0
0711100,"Coffee, Green",BR,Brazil,2004,2006,6,75,Roast & Ground Imports,2,(1000 60 KG BAGS),0.0
0711100,"Coffee, Green",BR,Brazil,2004,2006,6,53,Robusta Production,2,(1000 60 KG BAGS),9300.0
0711100,"Coffee, Green",BR,Brazil,2004,2006,6,141,"Rst,Ground Dom. Consum",2,(1000 60 KG BAGS),14700.0
0711100,"Coffee, Green",BR,Brazil,2004,2006,6,154,Soluble Dom. Cons.,2,(1000 60 KG BAGS),800.0
0711100,"Coffee, Green",BR,Brazil,2004,2006,6,114,Soluble Exports,2,(1000 60 KG BAGS),3370.0
0711100,"Coffee, Green",BR,Brazil,2004,2006,6,82,Soluble Imports,2,(1000 60 KG BAGS),0.0
0711100,"Coffee, Green",BR,Brazil,2004,2006,6,178,Total Distribution,2,(1000 60 KG BAGS),55419.0
0711100,"Coffee, Green",BR,Brazil,2004,2006,6,86,Total Supply,2,(1000 60 KG BAGS),55419.0
0711100,"Coffee, Green",BR,Brazil,2005,2007,6,29,Arabica Production,2,(1000 60 KG BAGS),26000.0
0711100,"Coffee, Green",BR,Brazil,2005,2007,6,90,Bean Exports,2,(1000 60 KG BAGS),21264.0
0711100,"Coffee, Green",BR,Brazil,2005,2007,6,58,Bean Imports,2,(1000 60 KG BAGS),0.0
0711100,"Coffee, Green",BR,Brazil,2005,2007,6,20,Beginning Stocks,2,(1000 60 KG BAGS),11999.0
0711100,"Coffee, Green",BR,Brazil,2005,2007,6,125,Domestic Consumption,2,(1000 60 KG BAGS),15915.0
0711100,"Coffee, Green",BR,Brazil,2005,2007,6,176,Ending Stocks,2,(1000 60 KG BAGS),7641.0
0711100,"Coffee, Green",BR,Brazil,2005,2007,6,88,Exports,2,(1000 60 KG BAGS),24543.0
0711100,"Coffee, Green",BR,Brazil,2005,2007,6,57,Imports,2,(1000 60 KG BAGS),0.0
0711100,"Coffee, Green",BR,Brazil,2005,2007,6,56,Other Production,2,(1000 60 KG BAGS),0.0
0711100,"Coffee, Green",BR,Brazil,2005,2007,6,28,Production,2,(1000 60 KG BAGS),36100.0
0711100,"Coffee, Green",BR,Brazil,2005,2007,6,107,Roast & Ground Exports,2,(1000 60 KG BAGS),86.0
0711100,"Coffee, Green",BR,Brazil,2005,2007,6,75,Roast & Ground Imports,2,(1000 60 KG BAGS),0.0
0711100,"Coffee, Green",BR,Brazil,2005,2007,6,53,Robusta Production,2,(1000 60 KG BAGS),10100.0
0711100,"Coffee, Green",BR,Brazil,2005,2007,6,141,"Rst,Ground Dom. Consum",2,(1000 60 KG BAGS),15000.0
0711100,"Coffee, Green",BR,Brazil,2005,2007,6,154,Soluble Dom. Cons.,2,(1000 60 KG BAGS),915.0
0711100,"Coffee, Green",BR,Brazil,2005,2007,6,114,Soluble Exports,2,(1000 60 KG BAGS),3193.0
0711100,"Coffee, Green",BR,Brazil,2005,2007,6,82,Soluble Imports,2,(1000 60 KG BAGS),0.0
0711100,"Coffee, Green",BR,Brazil,2005,2007,6,178,Total Distribution,2,(1000 60 KG BAGS),48099.0
0711100,"Coffee, Green",BR,Brazil,2005,2007,6,86,Total Supply,2,(1000 60 KG BAGS),48099.0
0711100,"Coffee, Green",BR,Brazil,2006,2008,6,29,Arabica Production,2,(1000 60 KG BAGS),36000.0
0711100,"Coffee, Green",BR,Brazil,2006,2008,6,90,Bean Exports,2,(1000 60 KG BAGS),26185.0
0711100,"Coffee, Green",BR,Brazil,2006,2008,6,58,Bean Imports,2,(1000 60 KG BAGS),0.0
0711100,"Coffee, Green",BR,Brazil,2006,2008,6,20,Beginning Stocks,2,(1000 60 KG BAGS),7641.0
0711100,"Coffee, Green",BR,Brazil,2006,2008,6,125,Domestic Consumption,2,(1000 60 KG BAGS),16720.0
0711100,"Coffee, Green",BR,Brazil,2006,2008,6,176,Ending Stocks,2,(1000 60 KG BAGS),8361.0
0711100,"Coffee, Green",BR,Brazil,2006,2008,6,88,Exports,2,(1000 60 KG BAGS),29260.0
0711100,"Coffee, Green",BR,Brazil,2006,2008,6,57,Imports,2,(1000 60 KG BAGS),0.0
0711100,"Coffee, Green",BR,Brazil,2006,2008,6,56,Other Production,2,(1000 60 KG BAGS),0.0
0711100,"Coffee, Green",BR,Brazil,2006,2008,6,28,Production,2,(1000 60 KG BAGS),46700.0
0711100,"Coffee, Green",BR,Brazil,2006,2008,6,107,Roast & Ground Exports,2,(1000 60 KG BAGS),55.0
0711100,"Coffee, Green",BR,Brazil,2006,2008,6,75,Roast & Ground Imports,2,(1000 60 KG BAGS),0.0
0711100,"Coffee, Green",BR,Brazil,2006,2008,6,53,Robusta Production,2,(1000 60 KG BAGS),10700.0
0711100,"Coffee, Green",BR,Brazil,2006,2008,6,141,"Rst,Ground Dom. Consum",2,(1000 60 KG BAGS),15750.0
0711100,"Coffee, Green",BR,Brazil,2006,2008,6,154,Soluble Dom. Cons.,2,(1000 60 KG BAGS),970.0
0711100,"Coffee, Green",BR,Brazil,2006,2008,6,114,Soluble Exports,2,(1000 60 KG BAGS),3020.0
0711100,"Coffee, Green",BR,Brazil,2006,2008,6,82,Soluble Imports,2,(1000 60 KG BAGS),0.0
0711100,"Coffee, Green",BR,Brazil,2006,2008,6,178,Total Distribution,2,(1000 60 KG BAGS),54341.0
0711100,"Coffee, Green",BR,Brazil,2006,2008,6,86,Total Supply,2,(1000 60 KG BAGS),54341.0
0711100,"Coffee, Green",BR,Brazil,2007,2009,6,29,Arabica Production,2,(1000 60 KG BAGS),27650.0
0711100,"Coffee, Green",BR,Brazil,2007,2009,6,90,Bean Exports,2,(1000 60 KG BAGS),23770.0
0711100,"Coffee, Green",BR,Brazil,2007,2009,6,58,Bean Imports,2,(1000 60 KG BAGS),0.0
0711100,"Coffee, Green",BR,Brazil,2007,2009,6,20,Beginning Stocks,2,(1000 60 KG BAGS),8361.0
0711100,"Coffee, Green",BR,Brazil,2007,2009,6,125,Domestic Consumption,2,(1000 60 KG BAGS),17390.0
0711100,"Coffee, Green",BR,Brazil,2007,2009,6,176,Ending Stocks,2,(1000 60 KG BAGS),2781.0
0711100,"Coffee, Green",BR,Brazil,2007,2009,6,88,Exports,2,(1000 60 KG BAGS),27290.0
0711100,"Coffee, Green",BR,Brazil,2007,2009,6,57,Imports,2,(1000 60 KG BAGS),0.0
0711100,"Coffee, Green",BR,Brazil,2007,2009,6,56,Other Production,2,(1000 60 KG BAGS),0.0
0711100,"Coffee, Green",BR,Brazil,2007,2009,6,28,Production,2,(1000 60 KG BAGS),39100.0
0711100,"Coffee, Green",BR,Brazil,2007,2009,6,107,Roast & Ground Exports,2,(1000 60 KG BAGS),125.0
0711100,"Coffee, Green",BR,Brazil,2007,2009,6,75,Roast & Ground Imports,2,(1000 60 KG BAGS),0.0
0711100,"Coffee, Green",BR,Brazil,2007,2009,6,53,Robusta Production,2,(1000 60 KG BAGS),11450.0
0711100,"Coffee, Green",BR,Brazil,2007,2009,6,141,"Rst,Ground Dom. Consum",2,(1000 60 KG BAGS),16390.0
0711100,"Coffee, Green",BR,Brazil,2007,2009,6,154,Soluble Dom. Cons.,2,(1000 60 KG BAGS),1000.0
0711100,"Coffee, Green",BR,Brazil,2007,2009,6,114,Soluble Exports,2,(1000 60 KG BAGS),3395.0
0711100,"Coffee, Green",BR,Brazil,2007,2009,6,82,Soluble Imports,2,(1000 60 KG BAGS),0.0
0711100,"Coffee, Green",BR,Brazil,2007,2009,6,178,Total Distribution,2,(1000 60 KG BAGS),47461.0
0711100,"Coffee, Green",BR,Brazil,2007,2009,6,86,Total Supply,2,(1000 60 KG BAGS),47461.0
0711100,"Coffee, Green",BR,Brazil,2008,2010,6,29,Arabica Production,2,(1000 60 KG BAGS),40500.0
0711100,"Coffee, Green",BR,Brazil,2008,2010,6,90,Bean Exports,2,(1000 60 KG BAGS),28396.0
0711100,"Coffee, Green",BR,Brazil,2008,2010,6,58,Bean Imports,2,(1000 60 KG BAGS),0.0
0711100,"Coffee, Green",BR,Brazil,2008,2010,6,20,Beginning Stocks,2,(1000 60 KG BAGS),2781.0
0711100,"Coffee, Green",BR,Brazil,2008,2010,6,125,Domestic Consumption,2,(1000 60 KG BAGS),18030.0
0711100,"Coffee, Green",BR,Brazil,2008,2010,6,176,Ending Stocks,2,(1000 60 KG BAGS),6576.0
0711100,"Coffee, Green",BR,Brazil,2008,2010,6,88,Exports,2,(1000 60 KG BAGS),31475.0
0711100,"Coffee, Green",BR,Brazil,2008,2010,6,57,Imports,2,(1000 60 KG BAGS),0.0
0711100,"Coffee, Green",BR,Brazil,2008,2010,6,56,Other Production,2,(1000 60 KG BAGS),0.0
0711100,"Coffee, Green",BR,Brazil,2008,2010,6,28,Production,2,(1000 60 KG BAGS),53300.0
0711100,"Coffee, Green",BR,Brazil,2008,2010,6,107,Roast & Ground Exports,2,(1000 60 KG BAGS),88.0
0711100,"Coffee, Green",BR,Brazil,2008,2010,6,75,Roast & Ground Imports,2,(1000 60 KG BAGS),0.0
0711100,"Coffee, Green",BR,Brazil,2008,2010,6,53,Robusta Production,2,(1000 60 KG BAGS),12800.0
0711100,"Coffee, Green",BR,Brazil,2008,2010,6,141,"Rst,Ground Dom. Consum",2,(1000 60 KG BAGS),17030.0
0711100,"Coffee, Green",BR,Brazil,2008,2010,6,154,Soluble Dom. Cons.,2,(1000 60 KG BAGS),1000.0
0711100,"Coffee, Green",BR,Brazil,2008,2010,6,114,Soluble Exports,2,(1000 60 KG BAGS),2991.0
0711100,"Coffee, Green",BR,Brazil,2008,2010,6,82,Soluble Imports,2,(1000 60 KG BAGS),0.0
0711100,"Coffee, Green",BR,Brazil,2008,2010,6,178,Total Distribution,2,(1000 60 KG BAGS),56081.0
0711100,"Coffee, Green",BR,Brazil,2008,2010,6,86,Total Supply,2,(1000 60 KG BAGS),56081.0
0711100,"Coffee, Green",BR,Brazil,2009,2011,6,29,Arabica Production,2,(1000 60 KG BAGS),33000.0
0711100,"Coffee, Green",BR,Brazil,2009,2011,6,90,Bean Exports,2,(1000 60 KG BAGS),26580.0
0711100,"Coffee, Green",BR,Brazil,2009,2011,6,58,Bean Imports,2,(1000 60 KG BAGS),0.0
0711100,"Coffee, Green",BR,Brazil,2009,2011,6,20,Beginning Stocks,2,(1000 60 KG BAGS),6576.0
0711100,"Coffee, Green",BR,Brazil,2009,2011,6,125,Domestic Consumption,2,(1000 60 KG BAGS),18760.0
0711100,"Coffee, Green",BR,Brazil,2009,2011,6,176,Ending Stocks,2,(1000 60 KG BAGS),2836.0
0711100,"Coffee, Green",BR,Brazil,2009,2011,6,88,Exports,2,(1000 60 KG BAGS),29780.0
0711100,"Coffee, Green",BR,Brazil,2009,2011,6,57,Imports,2,(1000 60 KG BAGS),0.0
0711100,"Coffee, Green",BR,Brazil,2009,2011,6,56,Other Production,2,(1000 60 KG BAGS),0.0
0711100,"Coffee, Green",BR,Brazil,2009,2011,6,28,Production,2,(1000 60 KG BAGS),44800.0
0711100,"Coffee, Green",BR,Brazil,2009,2011,6,107,Roast & Ground Exports,2,(1000 60 KG BAGS),80.0
0711100,"Coffee, Green",BR,Brazil,2009,2011,6,75,Roast & Ground Imports,2,(1000 60 KG BAGS),0.0
0711100,"Coffee, Green",BR,Brazil,2009,2011,6,53,Robusta Production,2,(1000 60 KG BAGS),11800.0
0711100,"Coffee, Green",BR,Brazil,2009,2011,6,141,"Rst,Ground Dom. Consum",2,(1000 60 KG BAGS),17720.0
0711100,"Coffee, Green",BR,Brazil,2009,2011,6,154,Soluble Dom. Cons.,2,(1000 60 KG BAGS),1040.0
0711100,"Coffee, Green",BR,Brazil,2009,2011,6,114,Soluble Exports,2,(1000 60 KG BAGS),3120.0
0711100,"Coffee, Green",BR,Brazil,2009,2011,6,82,Soluble Imports,2,(1000 60 KG BAGS),0.0
0711100,"Coffee, Green",BR,Brazil,2009,2011,6,178,Total Distribution,2,(1000 60 KG BAGS),51376.0
0711100,"Coffee, Green",BR,Brazil,2009,2011,6,86,Total Supply,2,(1000 60 KG BAGS),51376.0
0711100,"Coffee, Green",BR,Brazil,2010,2012,12,29,Arabica Production,2,(1000 60 KG BAGS),41800.0
0711100,"Coffee, Green",BR,Brazil,2010,2012,12,90,Bean Exports,2,(1000 60 KG BAGS),31810.0
0711100,"Coffee, Green",BR,Brazil,2010,2012,12,58,Bean Imports,2,(1000 60 KG BAGS),0.0
0711100,"Coffee, Green",BR,Brazil,2010,2012,12,20,Beginning Stocks,2,(1000 60 KG BAGS),2836.0
0711100,"Coffee, Green",BR,Brazil,2010,2012,12,125,Domestic Consumption,2,(1000 60 KG BAGS),19420.0
0711100,"Coffee, Green",BR,Brazil,2010,2012,12,176,Ending Stocks,2,(1000 60 KG BAGS),2906.0
0711100,"Coffee, Green",BR,Brazil,2010,2012,12,88,Exports,2,(1000 60 KG BAGS),35010.0
0711100,"Coffee, Green",BR,Brazil,2010,2012,12,57,Imports,2,(1000 60 KG BAGS),0.0
0711100,"Coffee, Green",BR,Brazil,2010,2012,12,56,Other Production,2,(1000 60 KG BAGS),0.0
0711100,"Coffee, Green",BR,Brazil,2010,2012,12,28,Production,2,(1000 60 KG BAGS),54500.0
0711100,"Coffee, Green",BR,Brazil,2010,2012,12,107,Roast & Ground Exports,2,(1000 60 KG BAGS),60.0
0711100,"Coffee, Green",BR,Brazil,2010,2012,12,75,Roast & Ground Imports,2,(1000 60 KG BAGS),0.0
0711100,"Coffee, Green",BR,Brazil,2010,2012,12,53,Robusta Production,2,(1000 60 KG BAGS),12700.0
0711100,"Coffee, Green",BR,Brazil,2010,2012,12,141,"Rst,Ground Dom. Consum",2,(1000 60 KG BAGS),18330.0
0711100,"Coffee, Green",BR,Brazil,2010,2012,12,154,Soluble Dom. Cons.,2,(1000 60 KG BAGS),1090.0
0711100,"Coffee, Green",BR,Brazil,2010,2012,12,114,Soluble Exports,2,(1000 60 KG BAGS),3140.0
0711100,"Coffee, Green",BR,Brazil,2010,2012,12,82,Soluble Imports,2,(1000 60 KG BAGS),0.0
0711100,"Coffee, Green",BR,Brazil,2010,2012,12,178,Total Distribution,2,(1000 60 KG BAGS),57336.0
0711100,"Coffee, Green",BR,Brazil,2010,2012,12,86,Total Supply,2,(1000 60 KG BAGS),57336.0
0711100,"Coffee, Green",BR,Brazil,2011,2013,6,29,Arabica Production,2,(1000 60 KG BAGS),34700.0
0711100,"Coffee, Green",BR,Brazil,2011,2013,6,90,Bean Exports,2,(1000 60 KG BAGS),26556.0
0711100,"Coffee, Green",BR,Brazil,2011,2013,6,58,Bean Imports,2,(1000 60 KG BAGS),0.0
0711100,"Coffee, Green",BR,Brazil,2011,2013,6,20,Beginning Stocks,2,(1000 60 KG BAGS),2906.0
0711100,"Coffee, Green",BR,Brazil,2011,2013,6,125,Domestic Consumption,2,(1000 60 KG BAGS),20025.0
0711100,"Coffee, Green",BR,Brazil,2011,2013,6,176,Ending Stocks,2,(1000 60 KG BAGS),2238.0
0711100,"Coffee, Green",BR,Brazil,2011,2013,6,88,Exports,2,(1000 60 KG BAGS),29843.0
0711100,"Coffee, Green",BR,Brazil,2011,2013,6,57,Imports,2,(1000 60 KG BAGS),0.0
0711100,"Coffee, Green",BR,Brazil,2011,2013,6,56,Other Production,2,(1000 60 KG BAGS),0.0
0711100,"Coffee, Green",BR,Brazil,2011,2013,6,28,Production,2,(1000 60 KG BAGS),49200.0
0711100,"Coffee, Green",BR,Brazil,2011,2013,6,107,Roast & Ground Exports,2,(1000 60 KG BAGS),51.0
0711100,"Coffee, Green",BR,Brazil,2011,2013,6,75,Roast & Ground Imports,2,(1000 60 KG BAGS),0.0
0711100,"Coffee, Green",BR,Brazil,2011,2013,6,53,Robusta Production,2,(1000 60 KG BAGS),14500.0
0711100,"Coffee, Green",BR,Brazil,2011,2013,6,141,"Rst,Ground Dom. Consum",2,(1000 60 KG BAGS),18905.0
0711100,"Coffee, Green",BR,Brazil,2011,2013,6,154,Soluble Dom. Cons.,2,(1000 60 KG BAGS),1120.0
0711100,"Coffee, Green",BR,Brazil,2011,2013,6,114,Soluble Exports,2,(1000 60 KG BAGS),3236.0
0711100,"Coffee, Green",BR,Brazil,2011,2013,6,82,Soluble Imports,2,(1000 60 KG BAGS),0.0
0711100,"Coffee, Green",BR,Brazil,2011,2013,6,178,Total Distribution,2,(1000 60 KG BAGS),52106.0
0711100,"Coffee, Green",BR,Brazil,2011,2013,6,86,Total Supply,2,(1000 60 KG BAGS),52106.0
0711100,"Coffee, Green",BR,Brazil,2012,2014,6,29,Arabica Production,2,(1000 60 KG BAGS),42100.0
0711100,"Coffee, Green",BR,Brazil,2012,2014,6,90,Bean Exports,2,(1000 60 KG BAGS),27143.0
0711100,"Coffee, Green",BR,Brazil,2012,2014,6,58,Bean Imports,2,(1000 60 KG BAGS),0.0
0711100,"Coffee, Green",BR,Brazil,2012,2014,6,20,Beginning Stocks,2,(1000 60 KG BAGS),2238.0
0711100,"Coffee, Green",BR,Brazil,2012,2014,6,125,Domestic Consumption,2,(1000 60 KG BAGS),20110.0
0711100,"Coffee, Green",BR,Brazil,2012,2014,6,176,Ending Stocks,2,(1000 60 KG BAGS),9068.0
0711100,"Coffee, Green",BR,Brazil,2012,2014,6,88,Exports,2,(1000 60 KG BAGS),30660.0
0711100,"Coffee, Green",BR,Brazil,2012,2014,6,57,Imports,2,(1000 60 KG BAGS),0.0
0711100,"Coffee, Green",BR,Brazil,2012,2014,6,56,Other Production,2,(1000 60 KG BAGS),0.0
0711100,"Coffee, Green",BR,Brazil,2012,2014,6,28,Production,2,(1000 60 KG BAGS),57600.0
0711100,"Coffee, Green",BR,Brazil,2012,2014,6,107,Roast & Ground Exports,2,(1000 60 KG BAGS),31.0
0711100,"Coffee, Green",BR,Brazil,2012,2014,6,75,Roast & Ground Imports,2,(1000 60 KG BAGS),0.0
0711100,"Coffee, Green",BR,Brazil,2012,2014,6,53,Robusta Production,2,(1000 60 KG BAGS),15500.0
0711100,"Coffee, Green",BR,Brazil,2012,2014,6,141,"Rst,Ground Dom. Consum",2,(1000 60 KG BAGS),19000.0
0711100,"Coffee, Green",BR,Brazil,2012,2014,6,154,Soluble Dom. Cons.,2,(1000 60 KG BAGS),1110.0
0711100,"Coffee, Green",BR,Brazil,2012,2014,6,114,Soluble Exports,2,(1000 60 KG BAGS),3486.0
0711100,"Coffee, Green",BR,Brazil,2012,2014,6,82,Soluble Imports,2,(1000 60 KG BAGS),0.0
0711100,"Coffee, Green",BR,Brazil,2012,2014,6,178,Total Distribution,2,(1000 60 KG BAGS),59838.0
0711100,"Coffee, Green",BR,Brazil,2012,2014,6,86,Total Supply,2,(1000 60 KG BAGS),59838.0
0711100,"Coffee, Green",BR,Brazil,2013,2018,6,29,Arabica Production,2,(1000 60 KG BAGS),41800.0
0711100,"Coffee, Green",BR,Brazil,2013,2018,6,90,Bean Exports,2,(1000 60 KG BAGS),30600.0
0711100,"Coffee, Green",BR,Brazil,2013,2018,6,58,Bean Imports,2,(1000 60 KG BAGS),0.0
0711100,"Coffee, Green",BR,Brazil,2013,2018,6,20,Beginning Stocks,2,(1000 60 KG BAGS),9068.0
0711100,"Coffee, Green",BR,Brazil,2013,2018,6,125,Domestic Consumption,2,(1000 60 KG BAGS),20210.0
0711100,"Coffee, Green",BR,Brazil,2013,2018,6,176,Ending Stocks,2,(1000 60 KG BAGS),11946.0
0711100,"Coffee, Green",BR,Brazil,2013,2018,6,88,Exports,2,(1000 60 KG BAGS),34146.0
0711100,"Coffee, Green",BR,Brazil,2013,2018,6,57,Imports,2,(1000 60 KG BAGS),34.0
0711100,"Coffee, Green",BR,Brazil,2013,2018,6,56,Other Production,2,(1000 60 KG BAGS),0.0
0711100,"Coffee, Green",BR,Brazil,2013,2018,6,28,Production,2,(1000 60 KG BAGS),57200.0
0711100,"Coffee, Green",BR,Brazil,2013,2018,6,107,Roast & Ground Exports,2,(1000 60 KG BAGS),30.0
0711100,"Coffee, Green",BR,Brazil,2013,2018,6,75,Roast & Ground Imports,2,(1000 60 KG BAGS),34.0
0711100,"Coffee, Green",BR,Brazil,2013,2018,6,53,Robusta Production,2,(1000 60 KG BAGS),15400.0
0711100,"Coffee, Green",BR,Brazil,2013,2018,6,141,"Rst,Ground Dom. Consum",2,(1000 60 KG BAGS),19130.0
0711100,"Coffee, Green",BR,Brazil,2013,2018,6,154,Soluble Dom. Cons.,2,(1000 60 KG BAGS),1080.0
0711100,"Coffee, Green",BR,Brazil,2013,2018,6,114,Soluble Exports,2,(1000 60 KG BAGS),3516.0
0711100,"Coffee, Green",BR,Brazil,2013,2018,6,82,Soluble Imports,2,(1000 60 KG BAGS),0.0
0711100,"Coffee, Green",BR,Brazil,2013,2018,6,178,Total Distribution,2,(1000 60 KG BAGS),66302.0
0711100,"Coffee, Green",BR,Brazil,2013,2018,6,86,Total Supply,2,(1000 60 KG BAGS),66302.0
0711100,"Coffee, Green",BR,Brazil,2014,2018,6,29,Arabica Production,2,(1000 60 KG BAGS),37300.0
0711100,"Coffee, Green",BR,Brazil,2014,2018,6,90,Bean Exports,2,(1000 60 KG BAGS),33051.0
0711100,"Coffee, Green",BR,Brazil,2014,2018,6,58,Bean Imports,2,(1000 60 KG BAGS),0.0
0711100,"Coffee, Green",BR,Brazil,2014,2018,6,20,Beginning Stocks,2,(1000 60 KG BAGS),11946.0
0711100,"Coffee, Green",BR,Brazil,2014,2018,6,125,Domestic Consumption,2,(1000 60 KG BAGS),20420.0
0711100,"Coffee, Green",BR,Brazil,2014,2018,6,176,Ending Stocks,2,(1000 60 KG BAGS),9305.0
0711100,"Coffee, Green",BR,Brazil,2014,2018,6,88,Exports,2,(1000 60 KG BAGS),36573.0
0711100,"Coffee, Green",BR,Brazil,2014,2018,6,57,Imports,2,(1000 60 KG BAGS),52.0
0711100,"Coffee, Green",BR,Brazil,2014,2018,6,56,Other Production,2,(1000 60 KG BAGS),0.0
0711100,"Coffee, Green",BR,Brazil,2014,2018,6,28,Production,2,(1000 60 KG BAGS),54300.0
0711100,"Coffee, Green",BR,Brazil,2014,2018,6,107,Roast & Ground Exports,2,(1000 60 KG BAGS),28.0
0711100,"Coffee, Green",BR,Brazil,2014,2018,6,75,Roast & Ground Imports,2,(1000 60 KG BAGS),52.0
0711100,"Coffee, Green",BR,Brazil,2014,2018,6,53,Robusta Production,2,(1000 60 KG BAGS),17000.0
0711100,"Coffee, Green",BR,Brazil,2014,2018,6,141,"Rst,Ground Dom. Consum",2,(1000 60 KG BAGS),19325.0
0711100,"Coffee, Green",BR,Brazil,2014,2018,6,154,Soluble Dom. Cons.,2,(1000 60 KG BAGS),1095.0
0711100,"Coffee, Green",BR,Brazil,2014,2018,6,114,Soluble Exports,2,(1000 60 KG BAGS),3494.0
0711100,"Coffee, Green",BR,Brazil,2014,2018,6,82,Soluble Imports,2,(1000 60 KG BAGS),0.0
0711100,"Coffee, Green",BR,Brazil,2014,2018,6,178,Total Distribution,2,(1000 60 KG BAGS),66298.0
0711100,"Coffee, Green",BR,Brazil,2014,2018,6,86,Total Supply,2,(1000 60 KG BAGS),66298.0
0711100,"Coffee, Green",BR,Brazil,2015,2018,6,29,Arabica Production,2,(1000 60 KG BAGS),36100.0
0711100,"Coffee, Green",BR,Brazil,2015,2018,6,90,Bean Exports,2,(1000 60 KG BAGS),31870.0
0711100,"Coffee, Green",BR,Brazil,2015,2018,6,58,Bean Imports,2,(1000 60 KG BAGS),0.0
0711100,"Coffee, Green",BR,Brazil,2015,2018,6,20,Beginning Stocks,2,(1000 60 KG BAGS),9305.0
0711100,"Coffee, Green",BR,Brazil,2015,2018,6,125,Domestic Consumption,2,(1000 60 KG BAGS),20855.0
0711100,"Coffee, Green",BR,Brazil,2015,2018,6,176,Ending Stocks,2,(1000 60 KG BAGS),2372.0
0711100,"Coffee, Green",BR,Brazil,2015,2018,6,88,Exports,2,(1000 60 KG BAGS),35543.0
0711100,"Coffee, Green",BR,Brazil,2015,2018,6,57,Imports,2,(1000 60 KG BAGS),65.0
0711100,"Coffee, Green",BR,Brazil,2015,2018,6,56,Other Production,2,(1000 60 KG BAGS),0.0
0711100,"Coffee, Green",BR,Brazil,2015,2018,6,28,Production,2,(1000 60 KG BAGS),49400.0
0711100,"Coffee, Green",BR,Brazil,2015,2018,6,107,Roast & Ground Exports,2,(1000 60 KG BAGS),28.0
0711100,"Coffee, Green",BR,Brazil,2015,2018,6,75,Roast & Ground Imports,2,(1000 60 KG BAGS),65.0
0711100,"Coffee, Green",BR,Brazil,2015,2018,6,53,Robusta Production,2,(1000 60 KG BAGS),13300.0
0711100,"Coffee, Green",BR,Brazil,2015,2018,6,141,"Rst,Ground Dom. Consum",2,(1000 60 KG BAGS),19750.0
0711100,"Coffee, Green",BR,Brazil,2015,2018,6,154,Soluble Dom. Cons.,2,(1000 60 KG BAGS),1105.0
0711100,"Coffee, Green",BR,Brazil,2015,2018,6,114,Soluble Exports,2,(1000 60 KG BAGS),3645.0
0711100,"Coffee, Green",BR,Brazil,2015,2018,6,82,Soluble Imports,2,(1000 60 KG BAGS),0.0
0711100,"Coffee, Green",BR,Brazil,2015,2018,6,178,Total Distribution,2,(1000 60 KG BAGS),58770.0
0711100,"Coffee, Green",BR,Brazil,2015,2018,6,86,Total Supply,2,(1000 60 KG BAGS),58770.0
0711100,"Coffee, Green",BR,Brazil,2016,2018,6,29,Arabica Production,2,(1000 60 KG BAGS),45600.0
0711100,"Coffee, Green",BR,Brazil,2016,2018,6,90,Bean Exports,2,(1000 60 KG BAGS),29325.0
0711100,"Coffee, Green",BR,Brazil,2016,2018,6,58,Bean Imports,2,(1000 60 KG BAGS),0.0
0711100,"Coffee, Green",BR,Brazil,2016,2018,6,20,Beginning Stocks,2,(1000 60 KG BAGS),2372.0
0711100,"Coffee, Green",BR,Brazil,2016,2018,6,125,Domestic Consumption,2,(1000 60 KG BAGS),21625.0
0711100,"Coffee, Green",BR,Brazil,2016,2018,6,176,Ending Stocks,2,(1000 60 KG BAGS),3828.0
0711100,"Coffee, Green",BR,Brazil,2016,2018,6,88,Exports,2,(1000 60 KG BAGS),33081.0
0711100,"Coffee, Green",BR,Brazil,2016,2018,6,57,Imports,2,(1000 60 KG BAGS),62.0
0711100,"Coffee, Green",BR,Brazil,2016,2018,6,56,Other Production,2,(1000 60 KG BAGS),0.0
0711100,"Coffee, Green",BR,Brazil,2016,2018,6,28,Production,2,(1000 60 KG BAGS),56100.0
0711100,"Coffee, Green",BR,Brazil,2016,2018,6,107,Roast & Ground Exports,2,(1000 60 KG BAGS),31.0
0711100,"Coffee, Green",BR,Brazil,2016,2018,6,75,Roast & Ground Imports,2,(1000 60 KG BAGS),62.0
0711100,"Coffee, Green",BR,Brazil,2016,2018,6,53,Robusta Production,2,(1000 60 KG BAGS),10500.0
0711100,"Coffee, Green",BR,Brazil,2016,2018,6,141,"Rst,Ground Dom. Consum",2,(1000 60 KG BAGS),20500.0
0711100,"Coffee, Green",BR,Brazil,2016,2018,6,154,Soluble Dom. Cons.,2,(1000 60 KG BAGS),1125.0
0711100,"Coffee, Green",BR,Brazil,2016,2018,6,114,Soluble Exports,2,(1000 60 KG BAGS),3725.0
0711100,"Coffee, Green",BR,Brazil,2016,2018,6,82,Soluble Imports,2,(1000 60 KG BAGS),0.0
0711100,"Coffee, Green",BR,Brazil,2016,2018,6,178,Total Distribution,2,(1000 60 KG BAGS),58534.0
0711100,"Coffee, Green",BR,Brazil,2016,2018,6,86,Total Supply,2,(1000 60 KG BAGS),58534.0
0711100,"Coffee, Green",BR,Brazil,2017,2020,12,29,Arabica Production,2,(1000 60 KG BAGS),39500.0
0711100,"Coffee, Green",BR,Brazil,2017,2020,12,90,Bean Exports,2,(1000 60 KG BAGS),26938.0
0711100,"Coffee, Green",BR,Brazil,2017,2020,12,58,Bean Imports,2,(1000 60 KG BAGS),0.0
0711100,"Coffee, Green",BR,Brazil,2017,2020,12,20,Beginning Stocks,2,(1000 60 KG BAGS),3828.0
0711100,"Coffee, Green",BR,Brazil,2017,2020,12,125,Domestic Consumption,2,(1000 60 KG BAGS),22420.0
0711100,"Coffee, Green",BR,Brazil,2017,2020,12,176,Ending Stocks,2,(1000 60 KG BAGS),3115.0
0711100,"Coffee, Green",BR,Brazil,2017,2020,12,88,Exports,2,(1000 60 KG BAGS),30454.0
0711100,"Coffee, Green",BR,Brazil,2017,2020,12,57,Imports,2,(1000 60 KG BAGS),61.0
0711100,"Coffee, Green",BR,Brazil,2017,2020,12,56,Other Production,2,(1000 60 KG BAGS),0.0
0711100,"Coffee, Green",BR,Brazil,2017,2020,12,28,Production,2,(1000 60 KG BAGS),52100.0
0711100,"Coffee, Green",BR,Brazil,2017,2020,12,107,Roast & Ground Exports,2,(1000 60 KG BAGS),20.0
0711100,"Coffee, Green",BR,Brazil,2017,2020,12,75,Roast & Ground Imports,2,(1000 60 KG BAGS),61.0
0711100,"Coffee, Green",BR,Brazil,2017,2020,12,53,Robusta Production,2,(1000 60 KG BAGS),12600.0
0711100,"Coffee, Green",BR,Brazil,2017,2020,12,141,"Rst,Ground Dom. Consum",2,(1000 60 KG BAGS),21275.0
0711100,"Coffee, Green",BR,Brazil,2017,2020,12,154,Soluble Dom. Cons.,2,(1000 60 KG BAGS),1145.0
0711100,"Coffee, Green",BR,Brazil,2017,2020,12,114,Soluble Exports,2,(1000 60 KG BAGS),3496.0
0711100,"Coffee, Green",BR,Brazil,2017,2020,12,82,Soluble Imports,2,(1000 60 KG BAGS),0.0
0711100,"Coffee, Green",BR,Brazil,2017,2020,12,178,Total Distribution,2,(1000 60 KG BAGS),55989.0
0711100,"Coffee, Green",BR,Brazil,2017,2020,12,86,Total Supply,2,(1000 60 KG BAGS),55989.0
0711100,"Coffee, Green",BR,Brazil,2018,2020,12,29,Arabica Production,2,(1000 60 KG BAGS),49700.0
0711100,"Coffee, Green",BR,Brazil,2018,2020,12,90,Bean Exports,2,(1000 60 KG BAGS),37379.0
0711100,"Coffee, Green",BR,Brazil,2018,2020,12,58,Bean Imports,2,(1000 60 KG BAGS),0.0
0711100,"Coffee, Green",BR,Brazil,2018,2020,12,20,Beginning Stocks,2,(1000 60 KG BAGS),3115.0
0711100,"Coffee, Green",BR,Brazil,2018,2020,12,125,Domestic Consumption,2,(1000 60 KG BAGS),23200.0
0711100,"Coffee, Green",BR,Brazil,2018,2020,12,176,Ending Stocks,2,(1000 60 KG BAGS),5056.0
0711100,"Coffee, Green",BR,Brazil,2018,2020,12,88,Exports,2,(1000 60 KG BAGS),41426.0
0711100,"Coffee, Green",BR,Brazil,2018,2020,12,57,Imports,2,(1000 60 KG BAGS),67.0
0711100,"Coffee, Green",BR,Brazil,2018,2020,12,56,Other Production,2,(1000 60 KG BAGS),0.0
0711100,"Coffee, Green",BR,Brazil,2018,2020,12,28,Production,2,(1000 60 KG BAGS),66500.0
0711100,"Coffee, Green",BR,Brazil,2018,2020,12,107,Roast & Ground Exports,2,(1000 60 KG BAGS),24.0
0711100,"Coffee, Green",BR,Brazil,2018,2020,12,75,Roast & Ground Imports,2,(1000 60 KG BAGS),67.0
0711100,"Coffee, Green",BR,Brazil,2018,2020,12,53,Robusta Production,2,(1000 60 KG BAGS),16800.0
0711100,"Coffee, Green",BR,Brazil,2018,2020,12,141,"Rst,Ground Dom. Consum",2,(1000 60 KG BAGS),22020.0
0711100,"Coffee, Green",BR,Brazil,2018,2020,12,154,Soluble Dom. Cons.,2,(1000 60 KG BAGS),1180.0
0711100,"Coffee, Green",BR,Brazil,2018,2020,12,114,Soluble Exports,2,(1000 60 KG BAGS),4023.0
0711100,"Coffee, Green",BR,Brazil,2018,2020,12,82,Soluble Imports,2,(1000 60 KG BAGS),0.0
0711100,"Coffee, Green",BR,Brazil,2018,2020,12,178,Total Distribution,2,(1000 60 KG BAGS),69682.0
0711100,"Coffee, Green",BR,Brazil,2018,2020,12,86,Total Supply,2,(1000 60 KG BAGS),69682.0
0711100,"Coffee, Green",BR,Brazil,2019,2021,6,29,Arabica Production,2,(1000 60 KG BAGS),42000.0
0711100,"Coffee, Green",BR,Brazil,2019,2021,6,90,Bean Exports,2,(1000 60 KG BAGS),36190.0
0711100,"Coffee, Green",BR,Brazil,2019,2021,6,58,Bean Imports,2,(1000 60 KG BAGS),0.0
0711100,"Coffee, Green",BR,Brazil,2019,2021,6,20,Beginning Stocks,2,(1000 60 KG BAGS),5056.0
0711100,"Coffee, Green",BR,Brazil,2019,2021,6,125,Domestic Consumption,2,(1000 60 KG BAGS),22994.0
0711100,"Coffee, Green",BR,Brazil,2019,2021,6,176,Ending Stocks,2,(1000 60 KG BAGS),2373.0
0711100,"Coffee, Green",BR,Brazil,2019,2021,6,88,Exports,2,(1000 60 KG BAGS),40256.0
0711100,"Coffee, Green",BR,Brazil,2019,2021,6,57,Imports,2,(1000 60 KG BAGS),67.0
0711100,"Coffee, Green",BR,Brazil,2019,2021,6,56,Other Production,2,(1000 60 KG BAGS),0.0
0711100,"Coffee, Green",BR,Brazil,2019,2021,6,28,Production,2,(1000 60 KG BAGS),60500.0
0711100,"Coffee, Green",BR,Brazil,2019,2021,6,107,Roast & Ground Exports,2,(1000 60 KG BAGS),26.0
0711100,"Coffee, Green",BR,Brazil,2019,2021,6,75,Roast & Ground Imports,2,(1000 60 KG BAGS),67.0
0711100,"Coffee, Green",BR,Brazil,2019,2021,6,53,Robusta Production,2,(1000 60 KG BAGS),18500.0
0711100,"Coffee, Green",BR,Brazil,2019,2021,6,141,"Rst,Ground Dom. Consum",2,(1000 60 KG BAGS),22065.0
0711100,"Coffee, Green",BR,Brazil,2019,2021,6,154,Soluble Dom. Cons.,2,(1000 60 KG BAGS),929.0
0711100,"Coffee, Green",BR,Brazil,2019,2021,6,114,Soluble Exports,2,(1000 60 KG BAGS),4040.0
0711100,"Coffee, Green",BR,Brazil,2019,2021,6,82,Soluble Imports,2,(1000 60 KG BAGS),0.0
0711100,"Coffee, Green",BR,Brazil,2019,2021,6,178,Total Distribution,2,(1000 60 KG BAGS),65623.0
0711100,"Coffee, Green",BR,Brazil,2019,2021,6,86,Total Supply,2,(1000 60 KG BAGS),65623.0
0711100,"Coffee, Green",BR,Brazil,2020,2022,6,29,Arabica Production,2,(1000 60 KG BAGS),49700.0
0711100,"Coffee, Green",BR,Brazil,2020,2022,6,90,Bean Exports,2,(1000 60 KG BAGS),41689.0
0711100,"Coffee, Green",BR,Brazil,2020,2022,6,58,Bean Imports,2,(1000 60 KG BAGS),0.0
0711100,"Coffee, Green",BR,Brazil,2020,2022,6,20,Beginning Stocks,2,(1000 60 KG BAGS),2373.0
0711100,"Coffee, Green",BR,Brazil,2020,2022,6,125,Domestic Consumption,2,(1000 60 KG BAGS),22280.0
0711100,"Coffee, Green",BR,Brazil,2020,2022,6,176,Ending Stocks,2,(1000 60 KG BAGS),4390.0
0711100,"Coffee, Green",BR,Brazil,2020,2022,6,88,Exports,2,(1000 60 KG BAGS),45675.0
0711100,"Coffee, Green",BR,Brazil,2020,2022,6,57,Imports,2,(1000 60 KG BAGS),72.0
0711100,"Coffee, Green",BR,Brazil,2020,2022,6,56,Other Production,2,(1000 60 KG BAGS),0.0
0711100,"Coffee, Green",BR,Brazil,2020,2022,6,28,Production,2,(1000 60 KG BAGS),69900.0
0711100,"Coffee, Green",BR,Brazil,2020,2022,6,107,Roast & Ground Exports,2,(1000 60 KG BAGS),32.0
0711100,"Coffee, Green",BR,Brazil,2020,2022,6,75,Roast & Ground Imports,2,(1000 60 KG BAGS),72.0
0711100,"Coffee, Green",BR,Brazil,2020,2022,6,53,Robusta Production,2,(1000 60 KG BAGS),20200.0
0711100,"Coffee, Green",BR,Brazil,2020,2022,6,141,"Rst,Ground Dom. Consum",2,(1000 60 KG BAGS),21350.0
0711100,"Coffee, Green",BR,Brazil,2020,2022,6,154,Soluble Dom. Cons.,2,(1000 60 KG BAGS),930.0
0711100,"Coffee, Green",BR,Brazil,2020,2022,6,114,Soluble Exports,2,(1000 60 KG BAGS),3954.0
0711100,"Coffee, Green",BR,Brazil,2020,2022,6,82,Soluble Imports,2,(1000 60 KG BAGS),0.0
0711100,"Coffee, Green",BR,Brazil,2020,2022,6,178,Total Distribution,2,(1000 60 KG BAGS),72345.0
0711100,"Coffee, Green",BR,Brazil,2020,2022,6,86,Total Supply,2,(1000 60 KG BAGS),72345.0
0711100,"Coffee, Green",BR,Brazil,2021,2022,12,29,Arabica Production,2,(1000 60 KG BAGS),36400.0
0711100,"Coffee, Green",BR,Brazil,2021,2022,12,90,Bean Exports,2,(1000 60 KG BAGS),35576.0
0711100,"Coffee, Green",BR,Brazil,2021,2022,12,58,Bean Imports,2,(1000 60 KG BAGS),0.0
0711100,"Coffee, Green",BR,Brazil,2021,2022,12,20,Beginning Stocks,2,(1000 60 KG BAGS),4390.0
0711100,"Coffee, Green",BR,Brazil,2021,2022,12,125,Domestic Consumption,2,(1000 60 KG BAGS),22340.0
0711100,"Coffee, Green",BR,Brazil,2021,2022,12,176,Ending Stocks,2,(1000 60 KG BAGS),540.0
0711100,"Coffee, Green",BR,Brazil,2021,2022,12,88,Exports,2,(1000 60 KG BAGS),39685.0
0711100,"Coffee, Green",BR,Brazil,2021,2022,12,57,Imports,2,(1000 60 KG BAGS),75.0
0711100,"Coffee, Green",BR,Brazil,2021,2022,12,56,Other Production,2,(1000 60 KG BAGS),0.0
0711100,"Coffee, Green",BR,Brazil,2021,2022,12,28,Production,2,(1000 60 KG BAGS),58100.0
0711100,"Coffee, Green",BR,Brazil,2021,2022,12,107,Roast & Ground Exports,2,(1000 60 KG BAGS),54.0
0711100,"Coffee, Green",BR,Brazil,2021,2022,12,75,Roast & Ground Imports,2,(1000 60 KG BAGS),75.0
0711100,"Coffee, Green",BR,Brazil,2021,2022,12,53,Robusta Production,2,(1000 60 KG BAGS),21700.0
0711100,"Coffee, Green",BR,Brazil,2021,2022,12,141,"Rst,Ground Dom. Consum",2,(1000 60 KG BAGS),21400.0
0711100,"Coffee, Green",BR,Brazil,2021,2022,12,154,Soluble Dom. Cons.,2,(1000 60 KG BAGS),940.0
0711100,"Coffee, Green",BR,Brazil,2021,2022,12,114,Soluble Exports,2,(1000 60 KG BAGS),4055.0
0711100,"Coffee, Green",BR,Brazil,2021,2022,12,82,Soluble Imports,2,(1000 60 KG BAGS),0.0
0711100,"Coffee, Green",BR,Brazil,2021,2022,12,178,Total Distribution,2,(1000 60 KG BAGS),62565.0
0711100,"Coffee, Green",BR,Brazil,2021,2022,12,86,Total Supply,2,(1000 60 KG BAGS),62565.0
0711100,"Coffee, Green",BR,Brazil,2022,2023,12,29,Arabica Production,2,(1000 60 KG BAGS),39800.0
0711100,"Coffee, Green",BR,Brazil,2022,2023,12,90,Bean Exports,2,(1000 60 KG BAGS),32200.0
0711100,"Coffee, Green",BR,Brazil,2022,2023,12,58,Bean Imports,2,(1000 60 KG BAGS),0.0
0711100,"Coffee, Green",BR,Brazil,2022,2023,12,20,Beginning Stocks,2,(1000 60 KG BAGS),540.0
0711100,"Coffee, Green",BR,Brazil,2022,2023,12,125,Domestic Consumption,2,(1000 60 KG BAGS),22450.0
0711100,"Coffee, Green",BR,Brazil,2022,2023,12,176,Ending Stocks,2,(1000 60 KG BAGS),4620.0
0711100,"Coffee, Green",BR,Brazil,2022,2023,12,88,Exports,2,(1000 60 KG BAGS),36145.0
0711100,"Coffee, Green",BR,Brazil,2022,2023,12,57,Imports,2,(1000 60 KG BAGS),75.0
0711100,"Coffee, Green",BR,Brazil,2022,2023,12,56,Other Production,2,(1000 60 KG BAGS),0.0
0711100,"Coffee, Green",BR,Brazil,2022,2023,12,28,Production,2,(1000 60 KG BAGS),62600.0
0711100,"Coffee, Green",BR,Brazil,2022,2023,12,107,Roast & Ground Exports,2,(1000 60 KG BAGS),45.0
0711100,"Coffee, Green",BR,Brazil,2022,2023,12,75,Roast & Ground Imports,2,(1000 60 KG BAGS),75.0
0711100,"Coffee, Green",BR,Brazil,2022,2023,12,53,Robusta Production,2,(1000 60 KG BAGS),22800.0
0711100,"Coffee, Green",BR,Brazil,2022,2023,12,141,"Rst,Ground Dom. Consum",2,(1000 60 KG BAGS),21500.0
0711100,"Coffee, Green",BR,Brazil,2022,2023,12,154,Soluble Dom. Cons.,2,(1000 60 KG BAGS),950.0
0711100,"Coffee, Green",BR,Brazil,2022,2023,12,114,Soluble Exports,2,(1000 60 KG BAGS),3900.0
0711100,"Coffee, Green",BR,Brazil,2022,2023,12,82,Soluble Imports,2,(1000 60 KG BAGS),0.0
0711100,"Coffee, Green",BR,Brazil,2022,2023,12,178,Total Distribution,2,(1000 60 KG BAGS),63215.0
0711100,"Coffee, Green",BR,Brazil,2022,2023,12,86,Total Supply,2,(1000 60 KG BAGS),63215.0
0711100,"Coffee, Green",BR,Brazil,2023,2025,6,29,Arabica Production,2,(1000 60 KG BAGS),44900.0
0711100,"Coffee, Green",BR,Brazil,2023,2025,6,90,Bean Exports,2,(1000 60 KG BAGS),43100.0
0711100,"Coffee, Green",BR,Brazil,2023,2025,6,58,Bean Imports,2,(1000 60 KG BAGS),0.0
0711100,"Coffee, Green",BR,Brazil,2023,2025,6,20,Beginning Stocks,2,(1000 60 KG BAGS),4620.0
0711100,"Coffee, Green",BR,Brazil,2023,2025,6,125,Domestic Consumption,2,(1000 60 KG BAGS),22160.0
0711100,"Coffee, Green",BR,Brazil,2023,2025,6,176,Ending Stocks,2,(1000 60 KG BAGS),2085.0
0711100,"Coffee, Green",BR,Brazil,2023,2025,6,88,Exports,2,(1000 60 KG BAGS),46750.0
0711100,"Coffee, Green",BR,Brazil,2023,2025,6,57,Imports,2,(1000 60 KG BAGS),75.0
0711100,"Coffee, Green",BR,Brazil,2023,2025,6,56,Other Production,2,(1000 60 KG BAGS),0.0
0711100,"Coffee, Green",BR,Brazil,2023,2025,6,28,Production,2,(1000 60 KG BAGS),66300.0
0711100,"Coffee, Green",BR,Brazil,2023,2025,6,107,Roast & Ground Exports,2,(1000 60 KG BAGS),50.0
0711100,"Coffee, Green",BR,Brazil,2023,2025,6,75,Roast & Ground Imports,2,(1000 60 KG BAGS),75.0
0711100,"Coffee, Green",BR,Brazil,2023,2025,6,53,Robusta Production,2,(1000 60 KG BAGS),21400.0
0711100,"Coffee, Green",BR,Brazil,2023,2025,6,141,"Rst,Ground Dom. Consum",2,(1000 60 KG BAGS),21200.0
0711100,"Coffee, Green",BR,Brazil,2023,2025,6,154,Soluble Dom. Cons.,2,(1000 60 KG BAGS),960.0
0711100,"Coffee, Green",BR,Brazil,2023,2025,6,114,Soluble Exports,2,(1000 60 KG BAGS),3600.0
0711100,"Coffee, Green",BR,Brazil,2023,2025,6,82,Soluble Imports,2,(1000 60 KG BAGS),0.0
0711100,"Coffee, Green",BR,Brazil,2023,2025,6,178,Total Distribution,2,(1000 60 KG BAGS),70995.0
0711100,"Coffee, Green",BR,Brazil,2023,2025,6,86,Total Supply,2,(1000 60 KG BAGS),70995.0
0711100,"Coffee, Green",BR,Brazil,2024,2025,12,29,Arabica Production,2,(1000 60 KG BAGS),44000.0
0711100,"Coffee, Green",BR,Brazil,2024,2025,12,90,Bean Exports,2,(1000 60 KG BAGS),41000.0
0711100,"Coffee, Green",BR,Brazil,2024,2025,12,58,Bean Imports,2,(1000 60 KG BAGS),0.0
0711100,"Coffee, Green",BR,Brazil,2024,2025,12,20,Beginning Stocks,2,(1000 60 KG BAGS),2085.0
0711100,"Coffee, Green",BR,Brazil,2024,2025,12,125,Domestic Consumption,2,(1000 60 KG BAGS),21970.0
0711100,"Coffee, Green",BR,Brazil,2024,2025,12,176,Ending Stocks,2,(1000 60 KG BAGS),440.0
0711100,"Coffee, Green",BR,Brazil,2024,2025,12,88,Exports,2,(1000 60 KG BAGS),44750.0
0711100,"Coffee, Green",BR,Brazil,2024,2025,12,57,Imports,2,(1000 60 KG BAGS),75.0
0711100,"Coffee, Green",BR,Brazil,2024,2025,12,56,Other Production,2,(1000 60 KG BAGS),0.0
0711100,"Coffee, Green",BR,Brazil,2024,2025,12,28,Production,2,(1000 60 KG BAGS),65000.0
0711100,"Coffee, Green",BR,Brazil,2024,2025,12,107,Roast & Ground Exports,2,(1000 60 KG BAGS),50.0
0711100,"Coffee, Green",BR,Brazil,2024,2025,12,75,Roast & Ground Imports,2,(1000 60 KG BAGS),75.0
0711100,"Coffee, Green",BR,Brazil,2024,2025,12,53,Robusta Production,2,(1000 60 KG BAGS),21000.0
0711100,"Coffee, Green",BR,Brazil,2024,2025,12,141,"Rst,Ground Dom. Consum",2,(1000 60 KG BAGS),21000.0
0711100,"Coffee, Green",BR,Brazil,2024,2025,12,154,Soluble Dom. Cons.,2,(1000 60 KG BAGS),970.0
0711100,"Coffee, Green",BR,Brazil,2024,2025,12,114,Soluble Exports,2,(1000 60 KG BAGS),3700.0
0711100,"Coffee, Green",BR,Brazil,2024,2025,12,82,Soluble Imports,2,(1000 60 KG BAGS),0.0
0711100,"Coffee, Green",BR,Brazil,2024,2025,12,178,Total Distribution,2,(1000 60 KG BAGS),67160.0
0711100,"Coffee, Green",BR,Brazil,2024,2025,12,86,Total Supply,2,(1000 60 KG BAGS),67160.0
0711100,"Coffee, Green",BR,Brazil,2025,2025,12,29,Arabica Production,2,(1000 60 KG BAGS),38000.0
0711100,"Coffee, Green",BR,Brazil,2025,2025,12,90,Bean Exports,2,(1000 60 KG BAGS),37000.0
0711100,"Coffee, Green",BR,Brazil,2025,2025,12,58,Bean Imports,2,(1000 60 KG BAGS),0.0
0711100,"Coffee, Green",BR,Brazil,2025,2025,12,20,Beginning Stocks,2,(1000 60 KG BAGS),440.0
0711100,"Coffee, Green",BR,Brazil,2025,2025,12,125,Domestic Consumption,2,(1000 60 KG BAGS),22280.0
0711100,"Coffee, Green",BR,Brazil,2025,2025,12,176,Ending Stocks,2,(1000 60 KG BAGS),485.0
0711100,"Coffee, Green",BR,Brazil,2025,2025,12,88,Exports,2,(1000 60 KG BAGS),40750.0
0711100,"Coffee, Green",BR,Brazil,2025,2025,12,57,Imports,2,(1000 60 KG BAGS),75.0
0711100,"Coffee, Green",BR,Brazil,2025,2025,12,56,Other Production,2,(1000 60 KG BAGS),0.0
0711100,"Coffee, Green",BR,Brazil,2025,2025,12,28,Production,2,(1000 60 KG BAGS),63000.0
0711100,"Coffee, Green",BR,Brazil,2025,2025,12,107,Roast & Ground Exports,2,(1000 60 KG BAGS),50.0
0711100,"Coffee, Green",BR,Brazil,2025,2025,12,75,Roast & Ground Imports,2,(1000 60 KG BAGS),75.0
0711100,"Coffee, Green",BR,Brazil,2025,2025,12,53,Robusta Production,2,(1000 60 KG BAGS),25000.0
0711100,"Coffee, Green",BR,Brazil,2025,2025,12,141,"Rst,Ground Dom. Consum",2,(1000 60 KG BAGS),21300.0
0711100,"Coffee, Green",BR,Brazil,2025,2025,12,154,Soluble Dom. Cons.,2,(1000 60 KG BAGS),980.0
0711100,"Coffee, Green",BR,Brazil,2025,2025,12,114,Soluble Exports,2,(1000 60 KG BAGS),3700.0
0711100,"Coffee, Green",BR,Brazil,2025,2025,12,82,Soluble Imports,2,(1000 60 KG BAGS),0.0
0711100,"Coffee, Green",BR,Brazil,2025,2025,12,178,Total Distribution,2,(1000 60 KG BAGS),63515.0
0711100,"Coffee, Green",BR,Brazil,2025,2025,12,86,Total Supply,2,(1000 60 KG BAGS),63515.0
